{"type": "FeatureCollection", "features": [{"type": "Feature", "properties": {"LocationID": 1}, "geometry": {"type": "Polygon", "coordinates": [[[-74.18445299999996, 40.69499600000009], [-74.18350799999996, 40.69870400000011], [-74.18313899999998, 40.70262800000008], [-74.18284199999994, 40.70346500000007], [-74.18157299999996, 40.704500000000074], [-74.17699199999998, 40.70613800000009], [-74.17565999999994, 40.70738000000007], [-74.17133999999999, 40.70796500000009], [-74.16081899999995, 40.70764100000011], [-74.15387999999996, 40.70532800000009], [-74.15306999999996, 40.70528300000011], [-74.15513999999996, 40.70155700000006], [-74.16290699999996, 40.68987500000006], [-74.16417599999994, 40.69008200000011], [-74.16479699999996, 40.68975800000008], [-74.16587699999997, 40.68787700000011], [-74.16580499999998, 40.68715700000009], [-74.16604799999999, 40.68655400000008], [-74.17283399999997, 40.67656400000008], [-74.17709099999996, 40.671785000000085], [-74.17862999999994, 40.67103800000008], [-74.18030399999998, 40.67129900000006], [-74.18384999999995, 40.67264900000007], [-74.18503799999996, 40.67336000000008], [-74.18935799999997, 40.679759000000075], [-74.18991599999998, 40.681541000000074], [-74.18998799999997, 40.68317900000009], [-74.18922299999997, 40.688624000000104], [-74.18870099999998, 40.68944300000006], [-74.18563199999994, 40.691648000000086], [-74.18445299999996, 40.69499600000009]]]}}, {"type": "Feature", "properties": {"LocationID": 2}, "geometry": {"type": "MultiPolygon", "coordinates": [[[[-73.82337597260663, 40.63898704717692], [-73.82277105438692, 40.63557691408531], [-73.82209868083864, 40.634072301146695], [-73.8218460425281, 40.632040188437514], [-73.82107505533321, 40.62973377456643], [-73.81991014068153, 40.6278406531172], [-73.81796414839563, 40.62710556569698], [-73.81800752228978, 40.626476343856915], [-73.81769796593258, 40.62596162249642], [-73.81611483429543, 40.624604655173236], [-73.8160864347078, 40.62431541030958], [-73.8167299805857, 40.62387151407277], [-73.81795284720685, 40.62409328011765], [-73.81891708039824, 40.62309026716352], [-73.81889389047457, 40.622629158032844], [-73.81778633288076, 40.62193777763496], [-73.81778718310667, 40.6216263317763], [-73.8169700782087, 40.62149155710125], [-73.81691065059802, 40.62186964709553], [-73.81653074259579, 40.622002518748175], [-73.81571468044605, 40.62148955151713], [-73.81543174704264, 40.6201165312424], [-73.81718053878453, 40.61926727449339], [-73.81777429834523, 40.61750112169585], [-73.81711893622217, 40.61528219234564], [-73.81652681189121, 40.614947009580256], [-73.82075892599994, 40.615232679000115], [-73.82141601599992, 40.61505476300013], [-73.82234961099986, 40.614260026000146], [-73.82379847999995, 40.61212942100012], [-73.8238246859766, 40.61149866495528], [-73.82410048459042, 40.612319568794675], [-73.82432166316987, 40.612588470367456], [-73.82444821239913, 40.61234112665807], [-73.82467451637949, 40.61241991412278], [-73.82468584347531, 40.61307641875681], [-73.82575322105271, 40.61419208154029], [-73.82725636632989, 40.61337871412474], [-73.82787525471795, 40.6136976285986], [-73.82724153726997, 40.614065020572106], [-73.82750222609539, 40.6142046667204], [-73.82845503182496, 40.614216039151934], [-73.83054575285917, 40.61493306078084], [-73.8314812223769, 40.61500631122835], [-73.83434168122284, 40.614365437197634], [-73.83542288683323, 40.61461045443598], [-73.83585572623771, 40.61520899905314], [-73.8366362635533, 40.615145526978566], [-73.83776702143372, 40.615522231418936], [-73.83594162529523, 40.616545261917324], [-73.83496222645587, 40.617780308811994], [-73.83516892325414, 40.61803702429251], [-73.83497585229192, 40.61859185621811], [-73.83535650781197, 40.61871309018004], [-73.83574706558578, 40.619611526330004], [-73.83551236293482, 40.61995810614547], [-73.83495815063702, 40.61983928773393], [-73.83510471762443, 40.61949783402097], [-73.83477206006914, 40.61984414546839], [-73.83531201853388, 40.62014537181404], [-73.83494291247693, 40.62043414290297], [-73.83498716099349, 40.62101129988904], [-73.8346451380572, 40.62199772738992], [-73.83534733990399, 40.62369577884412], [-73.83514355859735, 40.62548708279686], [-73.83342230809954, 40.62678198346229], [-73.83464377224975, 40.62742707942455], [-73.83304100907748, 40.628261271060815], [-73.83289548956779, 40.628903478733164], [-73.83196080768154, 40.62965272987955], [-73.83171090635092, 40.63126149809797], [-73.83115393179625, 40.63256052752972], [-73.83133112864137, 40.63361769142791], [-73.83193878472683, 40.63423622542862], [-73.83195787786688, 40.63497888056607], [-73.83249094435719, 40.635578551835756], [-73.83340607979225, 40.638501355899166], [-73.83289974361197, 40.63886268506709], [-73.8322165881916, 40.638928490220955], [-73.82866782109734, 40.63661471844817], [-73.82808567353285, 40.63587972683673], [-73.82591657926902, 40.635747412966865], [-73.82443032497055, 40.636216521041], [-73.82413577690048, 40.63878799670475], [-73.82457379890309, 40.63935387323941], [-73.82419327293157, 40.639953274487986], [-73.82337597260663, 40.63898704717692]]], [[[-73.84721834832125, 40.63196568670625], [-73.84858996643929, 40.630131986806745], [-73.8585583634798, 40.63045828819579], [-73.8561374187591, 40.63508154601489], [-73.84667914840234, 40.638731711757345], [-73.84352007697278, 40.636503685328115], [-73.84504859278633, 40.63317483899986], [-73.84721834832125, 40.63196568670625]]], [[[-73.79079284299529, 40.63428204310264], [-73.79811872226199, 40.6310375092613], [-73.79827615415297, 40.631252179366], [-73.79079284299529, 40.63428204310264]]], [[[-73.83623731597828, 40.631110861231925], [-73.84110205447425, 40.624556436515334], [-73.84445711462237, 40.62984779444018], [-73.842423745765, 40.631532549244426], [-73.83765174362401, 40.632839732956185], [-73.83623731597828, 40.631110861231925]]], [[[-73.81307233892618, 40.62926109964284], [-73.81352502122874, 40.627306172686154], [-73.81258556038132, 40.62837191618393], [-73.81129432207656, 40.6247037790006], [-73.81135581995851, 40.62293751504087], [-73.81210045334294, 40.6211005968151], [-73.81171450418677, 40.620703573736385], [-73.81109451157876, 40.61791025228204], [-73.8102406650499, 40.6164876406544], [-73.81089990481605, 40.616218471341156], [-73.81200717773355, 40.61717937148351], [-73.81211344524337, 40.61792554683562], [-73.81288213914506, 40.61891091965588], [-73.81370354000288, 40.62138674458626], [-73.81449543302412, 40.62239494530548], [-73.81418278559646, 40.623694631558294], [-73.81518203155235, 40.624744171143625], [-73.81612703184858, 40.625348999180886], [-73.81679073502552, 40.626348918121366], [-73.81383288662272, 40.6259262339978], [-73.81382899493154, 40.62613507764432], [-73.81627026043981, 40.62714580591729], [-73.81720935727391, 40.62910635115255], [-73.8173057692762, 40.63062197379802], [-73.81637181200166, 40.631372728249325], [-73.81506788441455, 40.63116405857812], [-73.81391733219806, 40.630776392218316], [-73.81307233892618, 40.62926109964284]]], [[[-73.84734350666976, 40.62909473971645], [-73.84984630167418, 40.626224490746125], [-73.8472783772798, 40.62662166979214], [-73.84504991718353, 40.62541106188381], [-73.84358010755503, 40.6231781641846], [-73.8461475400832, 40.62222360960795], [-73.84847781581286, 40.62241878479074], [-73.85665510191748, 40.619993649188544], [-73.86107132214268, 40.61771207937077], [-73.86364988794934, 40.61787877364257], [-73.86404106276487, 40.619207596714226], [-73.86343910789503, 40.61894217513082], [-73.86151825485233, 40.619049218399425], [-73.86147000631671, 40.62123924718404], [-73.86102883383384, 40.62413898699429], [-73.86347880947005, 40.62338860931602], [-73.86334955670225, 40.62592490877795], [-73.86137632465496, 40.62597915399326], [-73.86041082270874, 40.62516691297774], [-73.85861338934723, 40.62796202232824], [-73.8576777902821, 40.62798375894866], [-73.85786309317031, 40.62844490266761], [-73.8565055097758, 40.629097353726785], [-73.8561347984124, 40.62828091127307], [-73.8539654419115, 40.62761094389806], [-73.85436931062769, 40.628817676544074], [-73.85071696108572, 40.628002992109636], [-73.84846868196166, 40.629643330753396], [-73.84734350666976, 40.62909473971645]]], [[[-73.87084603194215, 40.61696742645779], [-73.8782477932424, 40.61544460833173], [-73.87481386865049, 40.62358718918385], [-73.86684384142526, 40.62782924286045], [-73.86498193495926, 40.625660706041224], [-73.86606533106142, 40.6214933267493], [-73.86626127665735, 40.61845634802414], [-73.87084603194215, 40.61696742645779]]], [[[-73.79783533398513, 40.627408716571715], [-73.79783848156961, 40.62701346630387], [-73.79744863612672, 40.62711047626115], [-73.79566256726106, 40.626114004327995], [-73.79921493427757, 40.624084712988704], [-73.79403741688607, 40.62563519595512], [-73.7936292748135, 40.62515647619514], [-73.79809093107173, 40.62306294824451], [-73.79951085673736, 40.62117553302116], [-73.79992057632683, 40.61857524016617], [-73.80172498640164, 40.61996700873188], [-73.80096292242341, 40.61777236939723], [-73.80128049504093, 40.61587983974775], [-73.80270343867807, 40.61358065232192], [-73.8033982096119, 40.61317210434875], [-73.80508906012292, 40.61343256041963], [-73.80466968986522, 40.61430182730106], [-73.80476592616557, 40.61580099137105], [-73.80575302222282, 40.616694857538484], [-73.80565945060563, 40.61760025534391], [-73.80764116896117, 40.62119965469245], [-73.80728331329274, 40.621666435622146], [-73.80768917829106, 40.622277660424906], [-73.80698502381061, 40.623871998830175], [-73.80557147888442, 40.62496900157401], [-73.8051624884695, 40.62465622418615], [-73.80271345029576, 40.625934787348235], [-73.80251577946906, 40.62632913769248], [-73.8001117714566, 40.62692744198728], [-73.80092841565032, 40.62752410489586], [-73.79783533398513, 40.627408716571715]]], [[[-73.77348560409436, 40.62511314810942], [-73.77381024409397, 40.62492559673114], [-73.77383258726536, 40.62494484825363], [-73.77348560409436, 40.62511314810942]]], [[[-73.77172760292548, 40.62358502801537], [-73.7720313143135, 40.62299121290316], [-73.77218824028016, 40.62299579379533], [-73.77511891254431, 40.61923384748756], [-73.77518045935565, 40.61926471788503], [-73.77220950703806, 40.62300523248719], [-73.7723626016271, 40.62314732600452], [-73.7721689786699, 40.62305554733879], [-73.7720046057531, 40.623261929019236], [-73.77217018334778, 40.62335963116935], [-73.77181882771771, 40.62349901798316], [-73.77198776448255, 40.62359758246484], [-73.77172760292548, 40.62358502801537]]], [[[-73.79162058913477, 40.62231334348326], [-73.79075818793622, 40.62232836832447], [-73.78949653224412, 40.62274664610811], [-73.78419483298926, 40.62089266995531], [-73.78521543076681, 40.62006349374462], [-73.78515920006002, 40.61864728248352], [-73.78478111816777, 40.618335676678875], [-73.78478547486449, 40.61798072183564], [-73.78435569021109, 40.617764490587604], [-73.78446087067887, 40.6170278351299], [-73.78322554530014, 40.61557873072347], [-73.78248993127501, 40.615567549887], [-73.78229527471422, 40.61516815367774], [-73.78171700912468, 40.6151768487968], [-73.78098597748865, 40.61474950353728], [-73.78070887195283, 40.61402680900607], [-73.78114906072878, 40.61399827198265], [-73.78088360834359, 40.613640354636445], [-73.78115999778085, 40.613601712787315], [-73.7812605110188, 40.61331793350526], [-73.78355221437404, 40.611924451981075], [-73.78497523353337, 40.61192957008834], [-73.78577809315796, 40.610993477070885], [-73.78719897412161, 40.61065584216987], [-73.78741544568004, 40.61026211159981], [-73.78865910627547, 40.61009059422698], [-73.78876011660967, 40.6096378956791], [-73.78908160165909, 40.60955280596756], [-73.78901840238645, 40.60922220694474], [-73.78995389362336, 40.60898156632613], [-73.79001264272644, 40.60868546330715], [-73.79047269491804, 40.60845618791453], [-73.79038020614568, 40.60824549017316], [-73.79085621325443, 40.60804806724558], [-73.79087659100047, 40.60769558928768], [-73.79139721011911, 40.60761085525013], [-73.79159895008117, 40.607809510119495], [-73.79151114690586, 40.60815452141703], [-73.79115751304454, 40.60825180138941], [-73.79117287672476, 40.608474599109016], [-73.7914741007453, 40.6087028120119], [-73.79274948626171, 40.60864636687825], [-73.79365104095642, 40.60898581496934], [-73.79389688394807, 40.609468517220954], [-73.79454166514711, 40.609748744979846], [-73.79480633875043, 40.6103783604814], [-73.79745676195705, 40.61131820439642], [-73.79898529394339, 40.61148245771935], [-73.79917318059519, 40.61202624693198], [-73.80025700070239, 40.6115972828883], [-73.80080125919478, 40.61193390448179], [-73.80023948919161, 40.61208196016938], [-73.7999343527159, 40.613143870030505], [-73.79931694077327, 40.61335822059175], [-73.799685101531, 40.61377747404326], [-73.79903903505591, 40.61555054248421], [-73.79854465671518, 40.61588959618328], [-73.79816300611748, 40.61571609028377], [-73.7980609038916, 40.61632691654126], [-73.79727592537725, 40.61666041291696], [-73.79743334153846, 40.61691923278818], [-73.79713317353263, 40.617381380164694], [-73.7972429814662, 40.61759376347261], [-73.79678304336664, 40.61770472285135], [-73.79700484778857, 40.618379943958125], [-73.7963556790422, 40.61845468453555], [-73.79618830890925, 40.619609853029374], [-73.79559534308251, 40.620211013607474], [-73.79554530911442, 40.62092979848475], [-73.79501188737623, 40.621330743662334], [-73.79523751343378, 40.62165715546349], [-73.79444015482304, 40.6218515733154], [-73.79469287035404, 40.62224030856292], [-73.7946062540462, 40.62257170055452], [-73.79352550682152, 40.62277100975694], [-73.79162058913477, 40.62231334348326]]], [[[-73.76670827781236, 40.61491086618573], [-73.76825288003378, 40.61487772516952], [-73.77397692018825, 40.61600357567166], [-73.76873454755717, 40.620900868220424], [-73.76745926975256, 40.62051132203145], [-73.76670827781236, 40.61491086618573]]], [[[-73.84304421296773, 40.61773769639063], [-73.84283573528793, 40.6166094361638], [-73.84400850201834, 40.61704136615375], [-73.84454193473682, 40.61486792167534], [-73.8409994253963, 40.613029126216325], [-73.83825667290532, 40.61384721621662], [-73.8407944240835, 40.60564326638285], [-73.8471480968766, 40.60361424219218], [-73.85179402215192, 40.60689716858387], [-73.85124092910449, 40.607719613415156], [-73.84779013405834, 40.609235385263], [-73.84816769367677, 40.61253422829766], [-73.84731105470064, 40.61343846192702], [-73.84639522711922, 40.616036814801944], [-73.84614804513843, 40.617728420366525], [-73.84304421296773, 40.61773769639063]]], [[[-73.85523067631884, 40.616131453358186], [-73.85530325465119, 40.61314541357299], [-73.85236704384849, 40.6131559890769], [-73.85376845962072, 40.61408759651698], [-73.85263195046835, 40.61509408190914], [-73.84973986306498, 40.61515605814351], [-73.85010857555366, 40.6102121933462], [-73.8551559228834, 40.60612051300169], [-73.85708638173246, 40.606468242933744], [-73.85704052727723, 40.60829948887618], [-73.85901755318278, 40.60947575392528], [-73.85924855452187, 40.61125483087444], [-73.85802093146347, 40.61264381691079], [-73.85648360749232, 40.613190694864], [-73.85858056782772, 40.61691708722204], [-73.85523067631884, 40.616131453358186]]], [[[-73.814090115668, 40.61446692009997], [-73.8146826267648, 40.6139751578552], [-73.814857222891, 40.614299226214975], [-73.81549526637583, 40.61403981513337], [-73.81479563255313, 40.613194029981486], [-73.81503638494628, 40.612976213749604], [-73.81546948317194, 40.61334292900861], [-73.81615626666235, 40.61294211575514], [-73.81643150389779, 40.61428233496513], [-73.81471812627856, 40.61449608855211], [-73.81444032345223, 40.61474903867084], [-73.814090115668, 40.61446692009997]]], [[[-73.81496830662113, 40.61042065495582], [-73.81520720849484, 40.609816733796876], [-73.81559858789666, 40.610672516164904], [-73.8154036618984, 40.61038480201567], [-73.81450261566708, 40.611058473505615], [-73.81449876827786, 40.61073545365947], [-73.81496830662113, 40.61042065495582]]], [[[-73.86966442958492, 40.60654012341311], [-73.87109330768071, 40.60469417399488], [-73.87105656646135, 40.60628508849444], [-73.87245579811875, 40.60818553034874], [-73.87300122724774, 40.610555458460055], [-73.87180082867997, 40.61028041358052], [-73.8710387011171, 40.60972358252674], [-73.86966442958492, 40.60654012341311]]], [[[-73.79420172624032, 40.60773067561355], [-73.79352152715475, 40.606327591396116], [-73.79399754952593, 40.60608015346283], [-73.79509002319158, 40.6072710601058], [-73.79424799033224, 40.605900380031834], [-73.79696327795033, 40.60411784876799], [-73.8012001966788, 40.603912200652275], [-73.80180285116789, 40.60421143145246], [-73.80428530678597, 40.60451927953078], [-73.80520676583323, 40.60673953810037], [-73.80419695590167, 40.60874419903578], [-73.80159206744115, 40.61023096250147], [-73.79878198680099, 40.6103332756893], [-73.79630654215427, 40.609338032538375], [-73.79609453981675, 40.60882648394293], [-73.79559832739619, 40.60872535630243], [-73.79529977914471, 40.608229878318674], [-73.79420172624032, 40.60773067561355]]], [[[-73.83244207358175, 40.60592944953695], [-73.83454144109655, 40.60547738376608], [-73.83587601623029, 40.60563690754577], [-73.83610156628845, 40.60736279382349], [-73.83428342685944, 40.60918568185414], [-73.8337327597319, 40.60928603307358], [-73.83380311515586, 40.60955059185825], [-73.83252192275347, 40.61038499360402], [-73.83032947905777, 40.60848787991668], [-73.83045815392721, 40.60666920140341], [-73.83244207358175, 40.60592944953695]]], [[[-73.82607472604538, 40.60843779954631], [-73.82661051008785, 40.60819620584186], [-73.82771104235977, 40.6083986681309], [-73.82805077260065, 40.610046296865484], [-73.82688326414805, 40.6095966780696], [-73.82607472604538, 40.60843779954631]]], [[[-73.86702399475149, 40.60806817876962], [-73.86874317559169, 40.6070351792795], [-73.86868468826752, 40.60824115818413], [-73.86777501561137, 40.6085394887785], [-73.86702399475149, 40.60806817876962]]], [[[-73.82815085191196, 40.60795028983312], [-73.82679537497144, 40.60772044059334], [-73.82629763015808, 40.607817072229906], [-73.82617361009859, 40.60755411178252], [-73.82639117752838, 40.607357433651416], [-73.82598212776448, 40.607157997599565], [-73.82590092720766, 40.60646593064963], [-73.82649618795769, 40.606224463717886], [-73.8269052458468, 40.6064238979775], [-73.82861671457653, 40.605838484137806], [-73.82815085191196, 40.60795028983312]]], [[[-73.81569926225602, 40.6064570673651], [-73.81546066483351, 40.60642813700761], [-73.81552816722274, 40.606163069945346], [-73.81552536723665, 40.60640738028214], [-73.81569926225602, 40.6064570673651]]], [[[-73.81339665223344, 40.60436407224553], [-73.81184130264785, 40.603134665085975], [-73.81085365186647, 40.60322371301453], [-73.81053636758658, 40.60249598881488], [-73.80986333857152, 40.601895790008044], [-73.81004293231338, 40.60095471054538], [-73.80985064502396, 40.60036561675879], [-73.81014417523036, 40.600054855642306], [-73.80997465251733, 40.59983670280408], [-73.81029493857315, 40.59968938965026], [-73.81029011586071, 40.59899167007254], [-73.81138719612315, 40.598503262137505], [-73.81157550345522, 40.59814119925975], [-73.81222073287758, 40.598553908477975], [-73.81329372961244, 40.5998165927039], [-73.81444738136224, 40.60054316885386], [-73.81501471568424, 40.602056291563734], [-73.8142869369858, 40.60445566622187], [-73.81339665223344, 40.60436407224553]]], [[[-73.86702905185577, 40.60374338885414], [-73.8676819415421, 40.60307076667754], [-73.8683080846461, 40.60313916114634], [-73.86793505372694, 40.60396113545315], [-73.86702607287029, 40.60417158400841], [-73.86702905185577, 40.60374338885414]]], [[[-73.85243335807012, 40.59733339779547], [-73.85465863090106, 40.59657838892775], [-73.8549264858144, 40.59630166437349], [-73.85673364394975, 40.59607576435428], [-73.86044420534076, 40.59647190559648], [-73.86054977985192, 40.59706302019188], [-73.86274820792643, 40.59907120592479], [-73.86328663134141, 40.599810042163426], [-73.86335999147606, 40.6003222027714], [-73.86187189847233, 40.60216432581613], [-73.86112814224546, 40.60255033107446], [-73.85905914327755, 40.60206143157414], [-73.85482595782968, 40.601867195353826], [-73.85427387360807, 40.60143043669722], [-73.85276838155842, 40.60094885402613], [-73.85076748001559, 40.5988394438376], [-73.85153122893772, 40.59843393622068], [-73.85243335807012, 40.59733339779547]]], [[[-73.87019491489939, 40.59899640590209], [-73.87108141811476, 40.5989011474703], [-73.87049411914771, 40.602604446204786], [-73.87026280564918, 40.601681222258804], [-73.87019491489939, 40.59899640590209]]], [[[-73.82318015964296, 40.600083849028316], [-73.82315293179705, 40.59997666282499], [-73.82317356168161, 40.59997800515597], [-73.82318015964296, 40.600083849028316]]], [[[-73.82304007849375, 40.600068074785945], [-73.822978576463, 40.60004370722503], [-73.82303195183424, 40.59993051694234], [-73.82304007849375, 40.600068074785945]]], [[[-73.82445629476594, 40.59911583868247], [-73.8245173365546, 40.59896580873323], [-73.82395871079126, 40.59887689683872], [-73.82452271276402, 40.59895126399078], [-73.82477088992478, 40.59839184387439], [-73.82445629476594, 40.59911583868247]]], [[[-73.86952707548932, 40.598713750354605], [-73.86967070711478, 40.59668856362231], [-73.87020899836229, 40.59695423278958], [-73.86952707548932, 40.598713750354605]]], [[[-73.83668274106707, 40.59494669701602], [-73.83670920760002, 40.59471196329267], [-73.83624456552002, 40.59449639775524], [-73.83527199389948, 40.594473517514686], [-73.83511348532718, 40.59396826505318], [-73.83433212684878, 40.59366076774698], [-73.83422463139402, 40.593348241995976], [-73.83361163952554, 40.59327751230245], [-73.83329545012083, 40.592890225451995], [-73.83308377330324, 40.59298662645084], [-73.83312434323057, 40.59226407007028], [-73.8325749810638, 40.59211820911415], [-73.83267596985205, 40.59189539412025], [-73.83306701801895, 40.591936256584965], [-73.83314190531755, 40.59158177393078], [-73.83344030034272, 40.59203619204436], [-73.83375728840898, 40.59210112214942], [-73.83378258395454, 40.59184864661756], [-73.83408153119412, 40.592082786090494], [-73.83422638358282, 40.59193256281563], [-73.83392421303131, 40.59157753457575], [-73.83422777067327, 40.59137381382288], [-73.83256110970056, 40.59132572977685], [-73.83253569485043, 40.590218935798546], [-73.83400232738633, 40.58992288484025], [-73.83463980875666, 40.59005274667439], [-73.83495422767699, 40.58972815561821], [-73.83382965577461, 40.58992532126451], [-73.833227415183, 40.58979550608359], [-73.83347866645357, 40.58936874871109], [-73.83594705454765, 40.58936692773639], [-73.83719541135855, 40.58969911736312], [-73.8374128965695, 40.590105056988], [-73.83865480129, 40.590928817168496], [-73.83866743647685, 40.59153325175112], [-73.83946303818477, 40.59225656848928], [-73.83996340087272, 40.591873539012106], [-73.83943345735968, 40.5924396094738], [-73.8398907019092, 40.59280021149405], [-73.84081016081028, 40.59291968620389], [-73.84135823835017, 40.592133357919806], [-73.84116650852377, 40.59244606437213], [-73.84184022507651, 40.59271336809922], [-73.84220507443722, 40.59315800469301], [-73.84304660524084, 40.593451964101156], [-73.84385894083933, 40.59342531196078], [-73.84331153839406, 40.5944230329772], [-73.84264325365281, 40.59472910303256], [-73.84220803023986, 40.594667662710485], [-73.84031973891214, 40.5958703556478], [-73.83902964248091, 40.59625348474885], [-73.83743435500348, 40.595800443014056], [-73.83668274106707, 40.59494669701602]]], [[[-73.86706149472118, 40.582087976793595], [-73.86896292210412, 40.58169379478886], [-73.87000313642912, 40.58263661481616], [-73.8705059791835, 40.583341953013935], [-73.87061497794427, 40.58491535106057], [-73.87115922675414, 40.586873887967506], [-73.86981356482104, 40.589460926788384], [-73.86849671647202, 40.59008985028972], [-73.86635052164085, 40.59189267656487], [-73.86430826692539, 40.591414744326585], [-73.86327273492819, 40.59090807569275], [-73.86125299377363, 40.58798808592143], [-73.86167447867456, 40.58614479499386], [-73.86327471071941, 40.583876848532036], [-73.86449245335685, 40.583614938178975], [-73.86706149472118, 40.582087976793595]]]]}}, {"type": "Feature", "properties": {"LocationID": 3}, "geometry": {"type": "Polygon", "coordinates": [[[-73.84792614099985, 40.8713422340001], [-73.83578436699997, 40.865016011000186], [-73.83089329699999, 40.86221284900016], [-73.82950892699994, 40.861841213000055], [-73.82834347399992, 40.860892026000094], [-73.829874887, 40.859740420000094], [-73.83681918499988, 40.85727680900008], [-73.8432955319999, 40.8582903760001], [-73.84739746999989, 40.85868254600014], [-73.84930893499991, 40.858717503000115], [-73.8566377469999, 40.858119172000094], [-73.85735319699984, 40.859711606000126], [-73.85780378799993, 40.86303621700008], [-73.85806098599983, 40.86304236000012], [-73.85961281199982, 40.86551271800006], [-73.86156274099987, 40.8655494640001], [-73.86137924099984, 40.87133651200011], [-73.85661382499993, 40.87125016700009], [-73.85651292399993, 40.874217793000135], [-73.84792614099985, 40.8713422340001]]]}}, {"type": "Feature", "properties": {"LocationID": 4}, "geometry": {"type": "Polygon", "coordinates": [[[-73.97162697285862, 40.72662845299862], [-73.97347975574512, 40.718861429113055], [-73.97509520199993, 40.718880746000075], [-73.97722379199992, 40.7193097750001], [-73.9838238729998, 40.72147287200007], [-73.97802697999985, 40.72943306000019], [-73.97205015299988, 40.726880946000065], [-73.97162697285862, 40.72662845299862]]]}}, {"type": "Feature", "properties": {"LocationID": 5}, "geometry": {"type": "Polygon", "coordinates": [[[-74.17421738099989, 40.56256808600009], [-74.17185166499996, 40.56152092300011], [-74.17358785199997, 40.55969842800014], [-74.17512402999996, 40.55762003800012], [-74.18018524699995, 40.54837960900012], [-74.18903145199995, 40.53815934200008], [-74.19135323799996, 40.53666485900004], [-74.19377169299999, 40.53583384700013], [-74.19985031599995, 40.54813241900009], [-74.2032648999999, 40.555628477000106], [-74.20314825999996, 40.55606178500007], [-74.20168314599995, 40.555875693000125], [-74.20046730799992, 40.55623049100007], [-74.19407564499997, 40.56207847400009], [-74.19317388399995, 40.56260434400012], [-74.19101021699996, 40.562569402000115], [-74.18947754599994, 40.563580990000105], [-74.18525395999991, 40.56454935500009], [-74.18340311699991, 40.56540496200012], [-74.18180816599994, 40.56538457900012], [-74.17794544199997, 40.56398336700013], [-74.17659366099997, 40.5632413290001], [-74.17421738099989, 40.56256808600009]]]}}, {"type": "Feature", "properties": {"LocationID": 6}, "geometry": {"type": "Polygon", "coordinates": [[[-74.07298106899998, 40.60546993000004], [-74.06350565699998, 40.60215005400012], [-74.0651709129999, 40.60421350800009], [-74.05778710399987, 40.607449591000105], [-74.0578901689999, 40.60758075400009], [-74.05685812390232, 40.60805635777275], [-74.0560104141088, 40.60678056613219], [-74.05552126122357, 40.6064828925689], [-74.05516001122312, 40.60673049135106], [-74.05498867839447, 40.60666069691195], [-74.05518218103546, 40.606474566834535], [-74.055059740958, 40.606265420453035], [-74.05381069805436, 40.60591271885318], [-74.05360729740819, 40.605238809417926], [-74.0540203995905, 40.60493472091654], [-74.05303330741077, 40.60146647069926], [-74.0534070583946, 40.60052266104411], [-74.05222826954189, 40.599776102303835], [-74.05291816194962, 40.59984625717839], [-74.05447422333906, 40.59875553954859], [-74.05719369904648, 40.59639507881217], [-74.05972690577232, 40.59390821671287], [-74.05964120596147, 40.59370938839317], [-74.05976660687638, 40.59383525751039], [-74.06055353637058, 40.59337975542373], [-74.06215274432542, 40.592025040542225], [-74.06503332378131, 40.588990998435385], [-74.06580036099992, 40.5897466100001], [-74.06577682899997, 40.59002139100011], [-74.06662559499993, 40.59034202000008], [-74.06728410699992, 40.59098620300007], [-74.07043976099992, 40.596734747000085], [-74.07888191699986, 40.59394279100013], [-74.0784669379999, 40.593300012000086], [-74.08173342999991, 40.59215628600006], [-74.08376862299998, 40.59552095700013], [-74.08587511899997, 40.59589012100006], [-74.08547413999999, 40.596833817000075], [-74.08497132899997, 40.59732511000004], [-74.08248303399992, 40.59832980800013], [-74.0814942209999, 40.59908199100015], [-74.08116420899995, 40.60020655400013], [-74.08184498199992, 40.60153519700013], [-74.08218729299988, 40.60194100800007], [-74.08383802499996, 40.601925767000125], [-74.08666235099996, 40.6012335390001], [-74.08947630599992, 40.60090432200012], [-74.09172051499995, 40.59922085700006], [-74.09288850399999, 40.60126785100009], [-74.09244145299986, 40.60411958600008], [-74.09271908099993, 40.60636222200012], [-74.09239912899989, 40.607072289000115], [-74.09045495899996, 40.609094526000106], [-74.08542756299994, 40.60702239000009], [-74.08341933399991, 40.60652250900011], [-74.07656734699997, 40.60612166400013], [-74.07298106899998, 40.60546993000004]]]}}, {"type": "Feature", "properties": {"LocationID": 7}, "geometry": {"type": "Polygon", "coordinates": [[[-73.90413637799996, 40.76752031700005], [-73.90202516599992, 40.76741678400008], [-73.90779405499987, 40.7605178000001], [-73.90631505099988, 40.75984387600012], [-73.9074261499998, 40.75810005300012], [-73.90901259099992, 40.75427981500016], [-73.91023124699991, 40.75297652300005], [-73.91446450799998, 40.753676412000125], [-73.91763192900005, 40.75385784900012], [-73.92562743799995, 40.7521372450001], [-73.92415699999985, 40.75396114200003], [-73.93679091699993, 40.7598828810001], [-73.93398092100001, 40.76282598200005], [-73.93700478599986, 40.76423995400017], [-73.93600532399995, 40.76588489500007], [-73.93858976899998, 40.766817359000115], [-73.93618379699991, 40.767691801000126], [-73.93493511099992, 40.76701302400008], [-73.93344468499993, 40.76881779000011], [-73.92425288799978, 40.76472456400014], [-73.92218946199995, 40.76726735700009], [-73.91977764799998, 40.76615218400009], [-73.91849336999996, 40.76773465700014], [-73.91995596899991, 40.76844006500007], [-73.91811686499992, 40.770028486000086], [-73.90577352999988, 40.76802858900008], [-73.90413637799996, 40.76752031700005]]]}}, {"type": "Feature", "properties": {"LocationID": 8}, "geometry": {"type": "Polygon", "coordinates": [[[-73.92302571499998, 40.77538430900013], [-73.92398142899997, 40.77461511200008], [-73.92827730816353, 40.77689897516236], [-73.92631833401951, 40.77824177509264], [-73.92423363003755, 40.779101193882894], [-73.92295652695056, 40.780441008061196], [-73.92209965499714, 40.78085187481865], [-73.91996458796496, 40.78263506876845], [-73.91796581399997, 40.781256291000076], [-73.92375761299998, 40.776547012000094], [-73.92302571499998, 40.77538430900013]]]}}, {"type": "Feature", "properties": {"LocationID": 9}, "geometry": {"type": "Polygon", "coordinates": [[[-73.78502434699996, 40.76103651600005], [-73.78212461999979, 40.75533931200011], [-73.78052037799992, 40.75333074300009], [-73.77573836999991, 40.74332564700012], [-73.78036603499996, 40.74259166300006], [-73.79533772999987, 40.73849367300011], [-73.79640218700004, 40.73828235800007], [-73.79672497900003, 40.73841664300008], [-73.79629297299984, 40.73855230600012], [-73.79722373099987, 40.74009803500009], [-73.79723084999992, 40.74169550700011], [-73.7952125779999, 40.7434955690001], [-73.7944636839999, 40.744970022000096], [-73.79472264899997, 40.74759933000009], [-73.79729524699995, 40.74943505300006], [-73.7947190109999, 40.7506476170001], [-73.79457726999995, 40.7535630110001], [-73.79493246199993, 40.75779803000013], [-73.79031517, 40.75782345100007], [-73.79076004599987, 40.76098576900011], [-73.79343991199988, 40.760764128000126], [-73.79302551399985, 40.76462119200008], [-73.7939591469999, 40.764695320000094], [-73.79317944599984, 40.7704031780001], [-73.78836856600003, 40.76443842900007], [-73.78571993599994, 40.76292146500005], [-73.78502434699996, 40.76103651600005]]]}}, {"type": "Feature", "properties": {"LocationID": 10}, "geometry": {"type": "Polygon", "coordinates": [[[-73.78326624999988, 40.68999429300012], [-73.78234452799988, 40.68840743700016], [-73.78148675699995, 40.6886971830001], [-73.77966850599998, 40.685377123000144], [-73.77699767599997, 40.68628268900011], [-73.77632402199986, 40.685216556000086], [-73.77462061100005, 40.683990970000046], [-73.77418414899984, 40.683237921000114], [-73.77328703999997, 40.68345473100009], [-73.77220275299987, 40.68161033900011], [-73.7777421129999, 40.67944657600004], [-73.78025859499995, 40.677840924000094], [-73.78397384099986, 40.67511760900014], [-73.78573730899993, 40.672385035000076], [-73.78808647399985, 40.673009627000106], [-73.78940999399991, 40.666841158000125], [-73.79306694299999, 40.66706729400014], [-73.79739484699991, 40.666939886000094], [-73.79919289299993, 40.666518075000084], [-73.80155565300004, 40.666753364000094], [-73.80113236199993, 40.67054866800014], [-73.80142836799988, 40.67366683400007], [-73.80576840199991, 40.68293239100012], [-73.79898209099989, 40.684858737000106], [-73.79995042799996, 40.68682771900009], [-73.79561486799987, 40.68865689100009], [-73.793908417, 40.68630469100005], [-73.79038468299986, 40.68775361400007], [-73.78698344499996, 40.68860847700016], [-73.78326624999988, 40.68999429300012]]]}}, {"type": "Feature", "properties": {"LocationID": 11}, "geometry": {"type": "Polygon", "coordinates": [[[-74.00493448899992, 40.605074406000064], [-74.00032353799993, 40.60262029200011], [-74.00002266099992, 40.60290731600008], [-73.99559320799995, 40.60023222200006], [-74.00200394754667, 40.59413237113801], [-74.00328997205449, 40.59576466791828], [-74.00552621986131, 40.59753915407091], [-74.01041238886523, 40.600475181746404], [-74.01478363716735, 40.602082102970996], [-74.01723483086067, 40.60247545766439], [-74.01832347216846, 40.602417651130686], [-74.01942760861903, 40.602871578425464], [-74.01549854999998, 40.60684152400012], [-74.01701910199995, 40.607654417000134], [-74.01050403599997, 40.61389661100006], [-74.00094408399997, 40.60863971000007], [-74.00493448899992, 40.605074406000064]]]}}, {"type": "Feature", "properties": {"LocationID": 12}, "geometry": {"type": "Polygon", "coordinates": [[[-74.01565756599994, 40.70483308800013], [-74.01425861399994, 40.70448944300011], [-74.01442983199998, 40.703150648000104], [-74.01389890399994, 40.702270670000175], [-74.01376867799992, 40.70114326300009], [-74.01415893499998, 40.70109629000007], [-74.01395152778244, 40.700990982230124], [-74.014220631955, 40.70011149186849], [-74.01428920741124, 40.700644144765285], [-74.01467119992019, 40.700210401699906], [-74.01432384363005, 40.70066130412735], [-74.01464323234902, 40.70081730432529], [-74.0150681826931, 40.70031825755512], [-74.0150983227013, 40.700334265523665], [-74.014673656285, 40.70083460953117], [-74.01502113661684, 40.700992504013605], [-74.0151423181209, 40.700842892354444], [-74.01613890635998, 40.70164601710289], [-74.0176479750685, 40.70349459987975], [-74.01757035703022, 40.70418388099337], [-74.01713123899995, 40.70428253500009], [-74.01668613099999, 40.70479933800012], [-74.01565756599994, 40.70483308800013]]]}}, {"type": "Feature", "properties": {"LocationID": 13}, "geometry": {"type": "Polygon", "coordinates": [[[-74.01244109299991, 40.7190576730001], [-74.0142689369999, 40.71146781600011], [-74.01668714699993, 40.70474394200006], [-74.01713123899995, 40.70428253500009], [-74.017794545203, 40.704234898101504], [-74.01775054986874, 40.70405488289363], [-74.01781758697946, 40.70393792249683], [-74.01784441106724, 40.70424203993809], [-74.01844770243774, 40.704162168231754], [-74.01866830837966, 40.70443524062144], [-74.01748086152578, 40.70466748769634], [-74.01888746649365, 40.704729148837586], [-74.01934254624483, 40.7060936730299], [-74.019122759634, 40.70697581433762], [-74.01863058372689, 40.70713971526946], [-74.01884889814508, 40.7069703123504], [-74.01853513269664, 40.70691832201427], [-74.01819029259642, 40.707821626110174], [-74.01885500911972, 40.70804753444754], [-74.01777014254499, 40.712834574789355], [-74.01780037888389, 40.7123451241588], [-74.01662424425285, 40.71215731899548], [-74.01632006627581, 40.713407982478444], [-74.01754443334657, 40.713611222664476], [-74.01772496219284, 40.713070181622946], [-74.01671018605829, 40.71862417605819], [-74.01321322719183, 40.71831571989599], [-74.01303068113208, 40.719131455909746], [-74.01244109299991, 40.7190576730001]]]}}, {"type": "Feature", "properties": {"LocationID": 14}, "geometry": {"type": "Polygon", "coordinates": [[[-74.03407329297129, 40.64431393298205], [-74.02905968899994, 40.64172667300012], [-74.02890829899998, 40.6411734110001], [-74.02626267299999, 40.640094381000075], [-74.02695244699993, 40.63944606500017], [-74.02475437599998, 40.63812141800008], [-74.02321780199998, 40.6399015150001], [-74.02108051399998, 40.64149093700014], [-74.02176040899997, 40.639824346000076], [-74.02141038399992, 40.63858490300005], [-74.02032883799993, 40.637572969000104], [-74.016835401, 40.63535542900016], [-74.0161423149999, 40.63436015800012], [-74.016020101, 40.633317114000164], [-74.01560204999993, 40.63351697800009], [-74.01514630699995, 40.63322193800012], [-74.01970491599991, 40.62218496500011], [-74.020086673, 40.622420952000056], [-74.02525327199992, 40.61667845800015], [-74.02754297299998, 40.61293718300008], [-74.02637609099996, 40.61245060300013], [-74.02710660599995, 40.610243956000105], [-74.02478376299999, 40.60969962900004], [-74.0245785549999, 40.61022330200012], [-74.02430437599992, 40.609456969000135], [-74.02150602899994, 40.60782209900012], [-74.02247769499994, 40.606674216000066], [-74.02078541, 40.60567368600008], [-74.02139467299999, 40.60449399800011], [-74.01869135799996, 40.60360792400012], [-74.01942760861903, 40.602871578425464], [-74.0210166299108, 40.603555553161186], [-74.03005146547684, 40.604759173812155], [-74.03213159551309, 40.605901836264444], [-74.03427280539496, 40.607717479235774], [-74.03495830824197, 40.608659489123866], [-74.03603977777905, 40.60929563900206], [-74.03691628433882, 40.61118079106569], [-74.039205576474, 40.613439512733876], [-74.04038132338673, 40.61534178232861], [-74.04161740773601, 40.62056271454599], [-74.04189123741789, 40.62406041493001], [-74.04108656611493, 40.630098523895484], [-74.03680662048858, 40.638984221545776], [-74.03876297920752, 40.639588258980716], [-74.0386880469073, 40.63973825602973], [-74.03672484374877, 40.63914119020688], [-74.03571276150724, 40.640640154046686], [-74.03675840317513, 40.64161176271418], [-74.03407329297129, 40.64431393298205]]]}}, {"type": "Feature", "properties": {"LocationID": 15}, "geometry": {"type": "Polygon", "coordinates": [[[-73.7774039129087, 40.79659824126802], [-73.77613963747997, 40.796071546282725], [-73.77437784429105, 40.79449518827469], [-73.77363248188914, 40.79274975621526], [-73.7723264817354, 40.791480824626696], [-73.77213292826468, 40.79017877433462], [-73.77063124537418, 40.78846290603735], [-73.77082315021427, 40.78798266706009], [-73.77173756350666, 40.787463608912034], [-73.77426836058959, 40.78675665865493], [-73.7742301148687, 40.78706504167616], [-73.77501922678299, 40.78739447438431], [-73.77633728818715, 40.78848722575395], [-73.77426466694423, 40.786651229145384], [-73.77407638297778, 40.78591728401942], [-73.77160731979487, 40.7829962651857], [-73.76815915444048, 40.77963595970023], [-73.76820055460033, 40.77944417919116], [-73.76716193687588, 40.779782875660864], [-73.76702392346498, 40.78008623415846], [-73.76677570373936, 40.77981245869853], [-73.76816173051576, 40.7793968212422], [-73.76782207615058, 40.778810376156805], [-73.76833788999983, 40.77868252500009], [-73.7685730499999, 40.77910542900011], [-73.77553732199992, 40.77702559800011], [-73.77583958299994, 40.77861237200008], [-73.79163526099994, 40.77423865600009], [-73.7936523029999, 40.773360439000086], [-73.79565702099983, 40.77303608600011], [-73.79741522800005, 40.77401031900007], [-73.79853009399987, 40.775190729000116], [-73.80379022899989, 40.775610112000116], [-73.8030331849998, 40.78094087000007], [-73.80324974699984, 40.781275479000115], [-73.80299781999996, 40.781410476000104], [-73.80242791699987, 40.7860682740001], [-73.7978420549998, 40.78589425900008], [-73.79491977600001, 40.78633880800006], [-73.79058298999988, 40.78819291000009], [-73.79179280401884, 40.789351616549446], [-73.79028202353196, 40.790316963399945], [-73.78568101301406, 40.790340671660175], [-73.7838384251435, 40.7906409546717], [-73.78253080663518, 40.79127678943211], [-73.78434153059591, 40.791749353795055], [-73.78174708763096, 40.791133406644654], [-73.78107845970229, 40.79167732177926], [-73.78077503139014, 40.79299070534071], [-73.78083949014304, 40.79327744017302], [-73.78158881545012, 40.79346354101273], [-73.78163864257793, 40.793309707768266], [-73.78166011555379, 40.793482020313235], [-73.7807243506983, 40.793333618824384], [-73.78079182072646, 40.79403591986458], [-73.78190385421033, 40.794901203894355], [-73.78332856842805, 40.79476160260967], [-73.78325271025878, 40.79492032976615], [-73.78200326103361, 40.79497546250376], [-73.78154150032744, 40.79565973732015], [-73.7798030505206, 40.79620552893697], [-73.7793624680482, 40.7966853925351], [-73.7774039129087, 40.79659824126802]]]}}, {"type": "Feature", "properties": {"LocationID": 16}, "geometry": {"type": "Polygon", "coordinates": [[[-73.7685730499999, 40.77910542900011], [-73.76833788999983, 40.77868252500009], [-73.76782207615058, 40.778810376156805], [-73.76709113484746, 40.77684484110936], [-73.76510436820205, 40.77379903872326], [-73.75960078092824, 40.76872325671326], [-73.75893512093685, 40.76833432851613], [-73.75864264358073, 40.76735717003564], [-73.75787030567056, 40.766946428452314], [-73.7573902080387, 40.76716667235869], [-73.75641084289745, 40.76651422276787], [-73.75650071937817, 40.76634450501827], [-73.75547310439798, 40.76636558041668], [-73.75377036482266, 40.765304631241634], [-73.75567226899989, 40.76469114900005], [-73.75921689799992, 40.76432485600008], [-73.75886431399988, 40.76327454100013], [-73.75844672099987, 40.76411514600006], [-73.75844568799998, 40.76368153000008], [-73.75784858699993, 40.76256680000012], [-73.75802364199994, 40.76211096100016], [-73.75848075099995, 40.761994737000116], [-73.75800131799996, 40.760379867000076], [-73.76239510499991, 40.75949699800011], [-73.76176692899985, 40.757278802000044], [-73.76184343999986, 40.75553726900008], [-73.76080194199993, 40.75454773000016], [-73.75996192099981, 40.75277744700006], [-73.75910049199996, 40.75225382100015], [-73.75684127399991, 40.74932207700008], [-73.76073612099987, 40.74773738500012], [-73.76857701199981, 40.74552220400013], [-73.7724146099999, 40.743884845000125], [-73.77573836999991, 40.74332564700012], [-73.78052037799992, 40.75333074300009], [-73.78212461999979, 40.75533931200011], [-73.78428991899993, 40.7594402990001], [-73.78546383099984, 40.76259192500009], [-73.78595810599988, 40.76310224400006], [-73.78836856600003, 40.76443842900007], [-73.79059858199989, 40.76741868800016], [-73.79565702099983, 40.77303608600011], [-73.7936523029999, 40.773360439000086], [-73.79163526099994, 40.77423865600009], [-73.7767836329999, 40.77840958300006], [-73.77583958299994, 40.77861237200008], [-73.77553732199992, 40.77702559800011], [-73.7685730499999, 40.77910542900011]]]}}, {"type": "Feature", "properties": {"LocationID": 17}, "geometry": {"type": "Polygon", "coordinates": [[[-73.94705205299991, 40.70366394900007], [-73.94193078899983, 40.70072523400009], [-73.94438788599984, 40.700424523000116], [-73.94032794, 40.67988997500007], [-73.9533701749999, 40.6806405080001], [-73.95468418899998, 40.687244854000056], [-73.95956770199984, 40.68668255500014], [-73.96029281699998, 40.69034625000013], [-73.95541057999996, 40.69090829200014], [-73.95614239299985, 40.694579019000095], [-73.96015854699986, 40.694117309000106], [-73.96105100699991, 40.69832607900008], [-73.95701993199991, 40.698973914000135], [-73.95745736399992, 40.70082260300013], [-73.95381196900003, 40.703180980000106], [-73.95128819399989, 40.700922365000075], [-73.94705205299991, 40.70366394900007]]]}}, {"type": "Feature", "properties": {"LocationID": 18}, "geometry": {"type": "Polygon", "coordinates": [[[-73.88146889699983, 40.86857364600012], [-73.88683316999993, 40.86538999400008], [-73.8881227879999, 40.86425457100008], [-73.88889566099989, 40.86475415300008], [-73.89177188799992, 40.86187171600012], [-73.89138023399983, 40.86170058800011], [-73.89381026099987, 40.85898656500012], [-73.8946932639999, 40.85942628200009], [-73.89573924699978, 40.858138207000046], [-73.89883814599983, 40.8593073080001], [-73.897143798, 40.862445065000095], [-73.89943670799998, 40.862116912000054], [-73.90107966999994, 40.86275638300011], [-73.8974032329998, 40.86747419000009], [-73.89438130299993, 40.86606885100016], [-73.89157400099995, 40.86968425200016], [-73.88785196299986, 40.872114176000096], [-73.88937163799983, 40.87338229800014], [-73.88773577599993, 40.87703388200006], [-73.88527683199987, 40.8792176690001], [-73.88345579299984, 40.87605609500012], [-73.883400353, 40.87394662600015], [-73.88255391499996, 40.872457288000106], [-73.88146889699983, 40.86857364600012]]]}}, {"type": "Feature", "properties": {"LocationID": 19}, "geometry": {"type": "Polygon", "coordinates": [[[-73.72339596299987, 40.75038907600005], [-73.72258571899978, 40.748850451000116], [-73.72010148299994, 40.749775686000106], [-73.71544946799989, 40.73921680400014], [-73.71147804899985, 40.73250140100008], [-73.71075217299996, 40.7305253750001], [-73.71049995381028, 40.72722708720683], [-73.71828706789265, 40.726041111135366], [-73.72567196979708, 40.72403765899673], [-73.72816233910696, 40.72308413989149], [-73.72836415399992, 40.72361435200005], [-73.72990512499977, 40.723272495000145], [-73.7314721509999, 40.727411795000116], [-73.74555667199989, 40.730636898000135], [-73.74640108899996, 40.7312928390001], [-73.74672140400004, 40.73247715100009], [-73.742947859, 40.735456552000116], [-73.73933151399986, 40.739474475000115], [-73.73816047999985, 40.74037643500008], [-73.7343696589998, 40.742351599000095], [-73.73241694699988, 40.74369457600015], [-73.73043134700004, 40.745584836000084], [-73.728962516, 40.74763288800006], [-73.72829094199989, 40.74745895700011], [-73.727664654, 40.74965464200014], [-73.72627213299992, 40.749306491000056], [-73.72339596299987, 40.75038907600005]]]}}, {"type": "Feature", "properties": {"LocationID": 20}, "geometry": {"type": "Polygon", "coordinates": [[[-73.88386792099986, 40.86429088900009], [-73.88200794099986, 40.86204685300012], [-73.88092572600007, 40.861162288000095], [-73.88060896899991, 40.860357093000076], [-73.88100678999979, 40.858268023000115], [-73.88073042799992, 40.85667660500009], [-73.88311982600001, 40.84822109200013], [-73.88751770499984, 40.85094946800009], [-73.88823974099995, 40.85103536600013], [-73.88987871399985, 40.85207022100012], [-73.88960978099986, 40.853621880000155], [-73.89038953999983, 40.854689058000154], [-73.89109710400002, 40.85677981400008], [-73.89112568799987, 40.86006182500011], [-73.89027555599993, 40.86110907300015], [-73.89177188799992, 40.86187171600012], [-73.88889566099989, 40.86475415300008], [-73.8881227879999, 40.86425457100008], [-73.8868331699999, 40.86538999300009], [-73.88362518100003, 40.8672575880001], [-73.88267624699999, 40.866089141000046], [-73.88376749199992, 40.86531475300012], [-73.88396922299982, 40.86481774100003], [-73.88386792099986, 40.86429088900009]]]}}, {"type": "Feature", "properties": {"LocationID": 21}, "geometry": {"type": "Polygon", "coordinates": [[[-73.97477658, 40.6126384750001], [-73.97403097799986, 40.60870231000011], [-73.97299433999983, 40.60881414200008], [-73.97217742800002, 40.604194712000066], [-73.97291116900001, 40.59931580400017], [-73.9719108049999, 40.599423059000095], [-73.97148350899987, 40.597171585000154], [-73.98035785499995, 40.596191541000096], [-73.97995443499985, 40.59407381200009], [-73.98463965399982, 40.593552176000074], [-73.98601936799993, 40.59444604900009], [-73.98962150099992, 40.590981993000156], [-73.99036425099996, 40.59143193200013], [-73.99153934399993, 40.5903909030001], [-73.99330855, 40.58958389900014], [-73.99375761899992, 40.59033184400006], [-73.99801867061471, 40.588425400020725], [-73.99867293375554, 40.589195549939795], [-73.99923690396953, 40.58893532826923], [-73.99946446811052, 40.58923326938085], [-73.99837834882115, 40.589770445088746], [-73.99883618014556, 40.5896254895425], [-73.99844387079486, 40.589860399177795], [-73.99877800589593, 40.59031435534209], [-73.99844325936856, 40.59024010549464], [-73.99710730365224, 40.591390755943266], [-73.99722828062708, 40.591654471870456], [-73.99806438267662, 40.59120946473165], [-73.99728269703776, 40.5917148148683], [-73.99754851058395, 40.59191757917573], [-73.99916761862079, 40.59114913581594], [-74.00004314944917, 40.59120428665482], [-74.00023253344592, 40.59153130855956], [-73.99900651177178, 40.59234777939991], [-73.9994830488618, 40.59296919994897], [-73.99736802499984, 40.59397431100015], [-73.99633951299984, 40.59362247500015], [-73.99619345599999, 40.593992198000095], [-73.99530829599992, 40.5944275870001], [-73.99674706899995, 40.595643126000105], [-73.9868476259999, 40.60509723600013], [-73.98913191499994, 40.60645613700009], [-73.97963821799982, 40.61556454700011], [-73.97477658, 40.6126384750001]]]}}, {"type": "Feature", "properties": {"LocationID": 22}, "geometry": {"type": "Polygon", "coordinates": [[[-73.99432497399985, 40.62534290800008], [-73.9856935779999, 40.62013151400011], [-73.98627524699981, 40.61956661700008], [-73.97963821799982, 40.61556454700011], [-73.98913191499994, 40.60645613700009], [-73.9868476259999, 40.60509723600013], [-73.99674706899995, 40.595643126000105], [-73.99530829599992, 40.5944275870001], [-73.99619345599999, 40.593992198000095], [-73.99633951299984, 40.59362247500015], [-73.99736802499984, 40.59397431100015], [-74.00105748445708, 40.592537005062496], [-74.00200394804673, 40.59413237113801], [-73.99559320799995, 40.60023222200006], [-74.00002266099992, 40.60290731600008], [-74.00032353899996, 40.602620292000104], [-74.00493448899992, 40.605074406000064], [-74.00094408399997, 40.60863971000007], [-74.01050403599997, 40.61389661100006], [-73.99932090299998, 40.624655247000135], [-73.99771358999998, 40.623680270000165], [-73.99678847599995, 40.626826051000094], [-73.99464972999995, 40.62569717900011], [-73.99489280599995, 40.625461794000124], [-73.99432497399985, 40.62534290800008]]]}}, {"type": "Feature", "properties": {"LocationID": 23}, "geometry": {"type": "Polygon", "coordinates": [[[-74.19568609223377, 40.63501686464023], [-74.17993706099998, 40.62660129700009], [-74.17459706299995, 40.62236401100007], [-74.17236260999994, 40.62163579900008], [-74.16808086299993, 40.6209362560001], [-74.16163010299996, 40.617934936000104], [-74.15792673899992, 40.6154574250001], [-74.15018666499996, 40.60949781100011], [-74.14954343599997, 40.60962717200006], [-74.14690609299997, 40.60846834000009], [-74.14391816399994, 40.607989837000076], [-74.13215051199998, 40.60855196400014], [-74.13210459699991, 40.60815292400012], [-74.13094002299995, 40.60821431200005], [-74.12650911499995, 40.60866290800008], [-74.12135179599994, 40.60976526800011], [-74.12116879899992, 40.60883437600008], [-74.117424665, 40.60928900900011], [-74.11706965299993, 40.60820625000014], [-74.11587716399993, 40.60725747100004], [-74.11511342599988, 40.60253381700005], [-74.11487058499988, 40.60213666000007], [-74.12059546299996, 40.60180975800008], [-74.12070424299995, 40.60070598100009], [-74.12506115499997, 40.59818005600007], [-74.13091909399999, 40.5988550480001], [-74.13123935899998, 40.59830974900013], [-74.13385485799995, 40.59635784600011], [-74.13510176799998, 40.59453503300013], [-74.13639761399997, 40.59197345700007], [-74.13864458599996, 40.5890608050001], [-74.1438732669999, 40.588615299000125], [-74.14790576499992, 40.58855634600013], [-74.16025756099997, 40.59534393800008], [-74.16189940599996, 40.59529877100014], [-74.1623107339999, 40.59360803400014], [-74.16369888199995, 40.592258339000146], [-74.16360268199993, 40.59337419900006], [-74.166390049, 40.59373792600012], [-74.16886362399997, 40.594728087000156], [-74.16828458099997, 40.59643316500015], [-74.16719634899995, 40.60207531200012], [-74.17122684699991, 40.60249861200006], [-74.17260229799992, 40.602971491000126], [-74.17488959499995, 40.60221657300015], [-74.17822457299992, 40.59982806100011], [-74.17932277499995, 40.59676057900003], [-74.18468224999998, 40.59147895100017], [-74.18730248699987, 40.588488222000095], [-74.185371048, 40.587451015000084], [-74.18760054199991, 40.58690276700008], [-74.18877046599995, 40.58600580100007], [-74.19078902199995, 40.585188367000114], [-74.19131783599987, 40.58570448900015], [-74.19226048499998, 40.585206969000104], [-74.1923211319999, 40.584913242000106], [-74.19251747899993, 40.58515898200007], [-74.1942326139999, 40.5851468060001], [-74.19964981299998, 40.5822626260001], [-74.20048848899994, 40.5799497780001], [-74.20354150699988, 40.580436098000156], [-74.20583829199992, 40.5798412610001], [-74.20599255081491, 40.580410383936105], [-74.20508136987225, 40.581599468802835], [-74.20508854474977, 40.5822081910755], [-74.20440076433692, 40.58371294584208], [-74.20463390208104, 40.5843232388015], [-74.20436433899089, 40.584634149370864], [-74.20441471663784, 40.58552367532759], [-74.20411999295422, 40.58585920699783], [-74.20458065694802, 40.588217603682814], [-74.20412200974495, 40.58888147441269], [-74.20432302142382, 40.58913661747347], [-74.20470529848622, 40.58877237083075], [-74.20443548401086, 40.58921839829708], [-74.204646089432, 40.589285745466064], [-74.2038588660927, 40.590249525361855], [-74.20369974335807, 40.59019990647507], [-74.20388550456512, 40.58978611074159], [-74.20265866972028, 40.59072214628511], [-74.20201405533584, 40.59089579962776], [-74.20246775956575, 40.590838824857535], [-74.20305254911503, 40.591140541809985], [-74.20202733920699, 40.59099907929216], [-74.20212378169593, 40.59125332695908], [-74.20184092914558, 40.591636483382075], [-74.20200349813028, 40.591780764795224], [-74.20230284591744, 40.591469321774504], [-74.2023164576832, 40.59152396510285], [-74.20092540496347, 40.59286637930508], [-74.2004712682456, 40.59281175207526], [-74.19974060969567, 40.59356466924347], [-74.19936212279688, 40.59409408279568], [-74.19948344880574, 40.594320936293144], [-74.1987323255373, 40.59501179831067], [-74.19795002851592, 40.59647035480392], [-74.19751357718701, 40.59679898603698], [-74.1973059170801, 40.59805935586248], [-74.19875958205294, 40.60171197517643], [-74.20014866759907, 40.60368335009883], [-74.20138527472514, 40.604636966208645], [-74.20221849851052, 40.60596967961665], [-74.20281628374593, 40.60827082796753], [-74.20230179014106, 40.61187564203925], [-74.20244374449518, 40.613284693932165], [-74.2003834842897, 40.61642809824396], [-74.20058986446027, 40.617028927389654], [-74.20082804386193, 40.617094288048484], [-74.20091423238277, 40.61779882239875], [-74.2008747874012, 40.618100410856066], [-74.20054156331808, 40.617997639493765], [-74.20035203856247, 40.618342198554906], [-74.20083991450633, 40.61880430260747], [-74.20068071349013, 40.61916845485085], [-74.2010699746938, 40.620381540777814], [-74.20050588129898, 40.62029967210143], [-74.2004280019192, 40.62049541101701], [-74.2008733158235, 40.62059115572647], [-74.20143239998035, 40.62161260896556], [-74.20127534263133, 40.62268827628623], [-74.20154553334774, 40.62269805202331], [-74.20163201104123, 40.62312156545756], [-74.20107662790329, 40.62407834658997], [-74.20106080033608, 40.62589518001223], [-74.20141670667907, 40.626070513895876], [-74.20098625499442, 40.629344148107734], [-74.20042573785118, 40.62982116595356], [-74.20040812771613, 40.63025010069474], [-74.20077355840719, 40.63024597590644], [-74.20078729983089, 40.63034627446802], [-74.20040311643059, 40.63029236226751], [-74.20018462159042, 40.631328669464374], [-74.2004180902205, 40.63134858903608], [-74.20040380373977, 40.63144582069421], [-74.2001726540772, 40.631361080531185], [-74.19834358263705, 40.633141487707704], [-74.1979593894156, 40.633266857380406], [-74.19759109214782, 40.633081284581365], [-74.19728675222868, 40.633291931082255], [-74.19719319610093, 40.63388231744683], [-74.19646965159124, 40.63413553368554], [-74.19602904691446, 40.63499584880717], [-74.19568609223377, 40.63501686464023]]]}}, {"type": "Feature", "properties": {"LocationID": 24}, "geometry": {"type": "Polygon", "coordinates": [[[-73.95817297099987, 40.80058254100007], [-73.96004456499999, 40.7980412350001], [-73.97287179090726, 40.803356187574096], [-73.97110765876137, 40.80579013958983], [-73.95817297099987, 40.80058254100007]]]}}, {"type": "Feature", "properties": {"LocationID": 25}, "geometry": {"type": "Polygon", "coordinates": [[[-73.98902944799994, 40.6921238610001], [-73.98092822899991, 40.68890247700008], [-73.97804289599988, 40.684856615000065], [-73.98175642299985, 40.67931462400007], [-73.98610388199985, 40.681008522000134], [-73.98653302999993, 40.68037263900008], [-73.9876680399999, 40.68081781000012], [-73.98722413899985, 40.68144730200007], [-73.99490113599975, 40.68443023800012], [-73.99236366999985, 40.689690124000116], [-73.99054474599986, 40.68916810500012], [-73.98930768499997, 40.69099168800012], [-73.98902944799994, 40.6921238610001]]]}}, {"type": "Feature", "properties": {"LocationID": 26}, "geometry": {"type": "Polygon", "coordinates": [[[-73.98834986699991, 40.64456224400012], [-73.98299419199992, 40.64132499700007], [-73.98042057899988, 40.6423852270001], [-73.97911188699993, 40.6354403860001], [-73.9768886119999, 40.635674862000094], [-73.97604935699994, 40.63127590600006], [-73.97716511999984, 40.63074665400008], [-73.97623453700001, 40.625976350000094], [-73.9772614999999, 40.625852773000105], [-73.97656583899989, 40.6219949030001], [-73.97705352899999, 40.621532522000074], [-73.97539380499998, 40.62076998700017], [-73.97785009299986, 40.617287606000104], [-73.97537335500002, 40.615754722000084], [-73.97548096999985, 40.61631192500009], [-73.97335879399992, 40.61654171500008], [-73.97290326899996, 40.614152968000056], [-73.97399319500002, 40.61402989400011], [-73.97517176999992, 40.6147241860001], [-73.97477658, 40.6126384750001], [-73.98627524699981, 40.61956661700008], [-73.9856935779999, 40.62013151400011], [-73.99432497399985, 40.62534290800008], [-73.99489280599995, 40.625461794000124], [-73.99464972999995, 40.62569717900011], [-73.99678847599995, 40.626826051000094], [-73.99724067099987, 40.62528868700013], [-74.00251454799997, 40.628474210000064], [-74.00193011399998, 40.62903276700009], [-74.00702302499997, 40.63210999500014], [-74.00556490399993, 40.633083176000106], [-74.00735636699996, 40.6341636270001], [-73.99917564799992, 40.642025442000055], [-73.9955103369999, 40.63980966700013], [-73.98834986699991, 40.64456224400012]]]}}, {"type": "Feature", "properties": {"LocationID": 27}, "geometry": {"type": "Polygon", "coordinates": [[[-73.86662812000002, 40.57305764900011], [-73.86454176099993, 40.569242922000136], [-73.86410310099991, 40.56935461000013], [-73.86268391251235, 40.56650565604372], [-73.86349306360215, 40.56703431173422], [-73.86553757257411, 40.566571610437535], [-73.86661720554638, 40.56609194291052], [-73.86630941232445, 40.56554606412503], [-73.86663005715053, 40.566090111654205], [-73.86688401059845, 40.56608397627625], [-73.8684869484588, 40.56552701030175], [-73.8682511755017, 40.565069489459816], [-73.868623218271, 40.56553800877515], [-73.87062214815259, 40.564813309494326], [-73.87027588464693, 40.56417465359758], [-73.87064094150604, 40.56480994521754], [-73.87091316206462, 40.56476458551091], [-73.87263971280453, 40.56408418402695], [-73.87237878047286, 40.56357511656171], [-73.87274925481708, 40.564109556041316], [-73.87321952830246, 40.56406390618582], [-73.87633039968337, 40.56308655327311], [-73.88029675110954, 40.56137495524964], [-73.88128249221315, 40.56137213387973], [-73.88241586728287, 40.560910897001754], [-73.88237441679736, 40.560760430809985], [-73.88324741562234, 40.560855921485384], [-73.88485949479872, 40.560042807458174], [-73.88611109684452, 40.5599219190294], [-73.88697510801153, 40.55940048299869], [-73.88789256106391, 40.55951065137971], [-73.88963947542902, 40.558664351794164], [-73.89021653553505, 40.5588115496244], [-73.89079589630344, 40.55861937890737], [-73.89213864396103, 40.55787154199677], [-73.89252745099384, 40.55811929354274], [-73.89347065050556, 40.557945578638844], [-73.89495142499406, 40.5572939254096], [-73.8949181726631, 40.5570787962985], [-73.89551188771064, 40.55741427014986], [-73.89699522942666, 40.55689179163895], [-73.89707956116763, 40.55665743308483], [-73.89735688619311, 40.55699842304207], [-73.89799514796813, 40.55710213718039], [-73.89912302657942, 40.55665146671845], [-73.90044816625621, 40.556650899794455], [-73.90058060462704, 40.5564329229079], [-73.90124279535341, 40.5567614243074], [-73.9027942267973, 40.55673299509576], [-73.906585749239, 40.55571062537749], [-73.93054682243256, 40.546421980134184], [-73.93612022040107, 40.544507415939776], [-73.93889945941925, 40.543228013562434], [-73.9404740385729, 40.542850072149385], [-73.94055905861713, 40.541846776960014], [-73.94073681682696, 40.541820087077745], [-73.94012975795786, 40.548002561293714], [-73.94012808934745, 40.549516289012516], [-73.94065273238446, 40.5524978174008], [-73.9404134898667, 40.55356547957284], [-73.93985107460422, 40.55456005374612], [-73.93830493156165, 40.555910084758885], [-73.9357061256084, 40.55722454588356], [-73.93340252623442, 40.557351465622574], [-73.93192118670594, 40.55781931945523], [-73.9261572327542, 40.561552609723265], [-73.92421461302578, 40.562001318825004], [-73.92107822881388, 40.56207985288503], [-73.92036810280446, 40.562218832467806], [-73.9202596317294, 40.5626122935613], [-73.92009840148403, 40.562571180610185], [-73.92033120142663, 40.562226054886814], [-73.91766081900091, 40.56282614968661], [-73.91455336961286, 40.56435343243398], [-73.91188319663009, 40.564990405238895], [-73.9119269207045, 40.565112328068516], [-73.91195464366191, 40.565811322673014], [-73.91216181893262, 40.56583625156822], [-73.91197024752503, 40.56586941753265], [-73.9117361534006, 40.56587265348591], [-73.91192551909776, 40.56581386237741], [-73.91185809029383, 40.564995438003415], [-73.91079817683057, 40.5651109958317], [-73.91003762905791, 40.56479371060212], [-73.90977170611873, 40.56530540530771], [-73.90971684925964, 40.56528742546137], [-73.91002307642118, 40.56478020953865], [-73.90976258436969, 40.56428483692835], [-73.9087254513683, 40.56393129153775], [-73.9079482148663, 40.56415832398455], [-73.90797551796078, 40.56355572211325], [-73.90683894638656, 40.56285635934476], [-73.90549533617256, 40.56276575778541], [-73.90290669727533, 40.56347851099433], [-73.90220568630893, 40.56296548587086], [-73.90121507272005, 40.56300846063254], [-73.89905579734292, 40.56381294864314], [-73.89628126208979, 40.5652327217076], [-73.89533259419743, 40.56634090417417], [-73.89565980661514, 40.56705946098048], [-73.89531210417964, 40.56702218855314], [-73.89261013445609, 40.568587247286864], [-73.88911103072223, 40.56791623669109], [-73.88430973105297, 40.568696119538856], [-73.8848870712472, 40.56847020566885], [-73.88475594832832, 40.56828913918762], [-73.88433684774819, 40.56848793447819], [-73.88473689799127, 40.56826851324082], [-73.88445665776179, 40.567895763406156], [-73.88416646626057, 40.56800195156423], [-73.8842560545, 40.568157133402515], [-73.88379103703075, 40.56812391132469], [-73.88402340092412, 40.568503115611016], [-73.88378086756106, 40.56812718596008], [-73.88357670672721, 40.568209769754425], [-73.8836919497781, 40.568395359722864], [-73.88347850081561, 40.568473114105146], [-73.88390427884407, 40.5689062042594], [-73.88368728096324, 40.56884340483253], [-73.88336927316276, 40.568331859248445], [-73.88262970640685, 40.5683689298253], [-73.88192258910135, 40.56873144152573], [-73.87780808995733, 40.568800630063365], [-73.87585867341238, 40.569580448427836], [-73.86288301945429, 40.57605976112752], [-73.8627506159999, 40.57585798500007], [-73.86396642099993, 40.57502678700006], [-73.86340629400003, 40.57411433100005], [-73.86361132999997, 40.573823057000055], [-73.86662812000002, 40.57305764900011]]]}}, {"type": "Feature", "properties": {"LocationID": 28}, "geometry": {"type": "Polygon", "coordinates": [[[-73.79240413399991, 40.71619304100011], [-73.79362091299996, 40.71397534700007], [-73.79302654199988, 40.71198136400007], [-73.79303800099989, 40.71071107500008], [-73.79776810199988, 40.70914318800009], [-73.79870150699992, 40.710663377000074], [-73.80130625, 40.709742149000164], [-73.80193297099994, 40.70891159600015], [-73.80302414799988, 40.70813965700015], [-73.80165725599993, 40.70576147500004], [-73.8056477309999, 40.70467172800014], [-73.80694856299992, 40.7073671000001], [-73.81201248599982, 40.70594494500013], [-73.81152856899989, 40.702272875000105], [-73.81356470599994, 40.70252849800007], [-73.81637824499992, 40.70245196400007], [-73.81809905199992, 40.705973715000084], [-73.82045236499991, 40.709774549000095], [-73.82363860699984, 40.71266664400008], [-73.82471749499993, 40.71450685000013], [-73.82591945199992, 40.71598987600012], [-73.82524731699984, 40.71645544500007], [-73.8218741769999, 40.71691711800005], [-73.82051599199986, 40.71681199100007], [-73.81720417899986, 40.715840728000124], [-73.80494148499987, 40.71599623100015], [-73.8002167269999, 40.71673785900007], [-73.79315493500002, 40.71891757900006], [-73.79073248899982, 40.719208757000075], [-73.79201376599997, 40.71796768700015], [-73.79240413399991, 40.71619304100011]]]}}, {"type": "Feature", "properties": {"LocationID": 29}, "geometry": {"type": "Polygon", "coordinates": [[[-73.96004798699995, 40.58326987200016], [-73.95900739999992, 40.58283812800011], [-73.95703134199992, 40.58303533200014], [-73.95645729099982, 40.58265885100011], [-73.95414287899986, 40.58310614000011], [-73.95235846771321, 40.57427468584544], [-73.95374257958343, 40.5742972322421], [-73.95408333385912, 40.57407327218351], [-73.95413360803454, 40.574333267495405], [-73.95569484044364, 40.574326996263416], [-73.95634506681625, 40.57420722198973], [-73.95634533454607, 40.57379757829204], [-73.9565675090591, 40.57417077849312], [-73.95843476359003, 40.574088815549096], [-73.9589663415273, 40.57394726876867], [-73.9589871897255, 40.57343065573209], [-73.95907248027578, 40.57384554800042], [-73.95939182223685, 40.573912109376316], [-73.95941778299985, 40.57517798300013], [-73.96471128899991, 40.57478261800003], [-73.96756707299996, 40.574881527000095], [-73.9688899589999, 40.575261239000056], [-73.96514385199995, 40.5911019160001], [-73.9606798409999, 40.591597583000166], [-73.96004798699995, 40.58326987200016]]]}}, {"type": "Feature", "properties": {"LocationID": 30}, "geometry": {"type": "Polygon", "coordinates": [[[-73.82075892499992, 40.61523267900011], [-73.81652681189118, 40.61494701008018], [-73.81559858789666, 40.610672516164904], [-73.81475287105245, 40.6086327967525], [-73.81506129889362, 40.60731703014011], [-73.81600764380624, 40.60619485203067], [-73.81598548513719, 40.60573350521637], [-73.81642529961537, 40.60522412378711], [-73.81739192103247, 40.60515812414358], [-73.81725370596759, 40.60394032459478], [-73.8177203266933, 40.60222499987066], [-73.81831121077079, 40.60133971235762], [-73.81849066110368, 40.59938955923981], [-73.8192814220081, 40.59752961093845], [-73.81973591782804, 40.597516843134244], [-73.82038406369512, 40.5965687618153], [-73.82071206789055, 40.595170514962305], [-73.82135758260134, 40.5946910091213], [-73.82480251246255, 40.59508316117667], [-73.83048206013673, 40.59458593813572], [-73.83241209682478, 40.59461849281076], [-73.83465599507487, 40.59516845882626], [-73.83484682806589, 40.59554343605359], [-73.83439612701622, 40.59646420572146], [-73.83336087711082, 40.597235511199486], [-73.83215095202705, 40.597679598146186], [-73.83239364476839, 40.59780335319141], [-73.83154105970068, 40.597951026027715], [-73.83062852189495, 40.59743342586222], [-73.82948341811623, 40.59813394195144], [-73.82909777411142, 40.5977634551105], [-73.82806159687702, 40.59768040282461], [-73.8259798598142, 40.599472067181686], [-73.82556790737216, 40.598548147926714], [-73.82465420648664, 40.59814924685169], [-73.82395871079126, 40.59887689683872], [-73.82421870388677, 40.599074487959356], [-73.82376612290612, 40.60004007091057], [-73.82194441779896, 40.5998011559894], [-73.82146929866911, 40.59999372263403], [-73.82443643781227, 40.60034498367494], [-73.82445218054455, 40.60079696284437], [-73.8235113029713, 40.60154577108046], [-73.82357799780264, 40.60227189587544], [-73.82304906345898, 40.60234491607743], [-73.82294484720244, 40.60258290923406], [-73.82290283001802, 40.604687268770896], [-73.82246746751217, 40.605524982911504], [-73.8229046338875, 40.605851277214946], [-73.82236000888112, 40.60646926083023], [-73.82126470321425, 40.60700285020538], [-73.82003243531851, 40.608923655879316], [-73.81961795381072, 40.61047904103234], [-73.82043403607466, 40.6120667872545], [-73.82087841795061, 40.612257345910166], [-73.82128421076361, 40.6110969291432], [-73.82048700610763, 40.61022437914686], [-73.82085878502924, 40.60923105813575], [-73.82161460094558, 40.6084803191141], [-73.82186205220738, 40.609869212533134], [-73.82233079790585, 40.61028770312751], [-73.8228923332429, 40.61033702209723], [-73.82334654206795, 40.61115463896006], [-73.8238246859766, 40.61149866495528], [-73.82379847999995, 40.61212942100012], [-73.82234961099986, 40.614260026000146], [-73.82141601599977, 40.615054764000114], [-73.82075892499992, 40.61523267900011]]]}}, {"type": "Feature", "properties": {"LocationID": 31}, "geometry": {"type": "Polygon", "coordinates": [[[-73.87094462199981, 40.85726608100011], [-73.86954868099988, 40.857726030000066], [-73.86841539699994, 40.85778035800015], [-73.86990379599993, 40.8558730220001], [-73.86823466099995, 40.85091373700005], [-73.86941402799984, 40.848788025000104], [-73.86889243299994, 40.8481123220001], [-73.87109207899995, 40.84432478100011], [-73.87399295499982, 40.84256150600013], [-73.87459175399982, 40.84152064800011], [-73.878171756, 40.842624437000055], [-73.87732924099988, 40.84398312500014], [-73.88284445599996, 40.847817226000146], [-73.88276104799992, 40.84805784600009], [-73.88311982600001, 40.84822109200013], [-73.88073042799992, 40.85667660500009], [-73.88100678999979, 40.858268023000115], [-73.88060896899991, 40.860357093000076], [-73.88092572600007, 40.861162288000095], [-73.88200794099986, 40.86204685300012], [-73.8837937109999, 40.86417157100007], [-73.88394303099996, 40.86494818700004], [-73.88356377799998, 40.8655263520001], [-73.88267624699999, 40.866089141000046], [-73.8830900319999, 40.86659150900013], [-73.87619224900003, 40.87047671100009], [-73.87255250899982, 40.875175183000096], [-73.87094367500002, 40.878510767000165], [-73.86943471300005, 40.878129199000135], [-73.87031256699991, 40.87583307800004], [-73.87056192499988, 40.87151077800014], [-73.87046131799995, 40.86327149800015], [-73.87094462199981, 40.85726608100011]]]}}, {"type": "Feature", "properties": {"LocationID": 32}, "geometry": {"type": "Polygon", "coordinates": [[[-73.8566377469999, 40.858119172000094], [-73.86758752499986, 40.85783009000007], [-73.86807772399996, 40.85784684200012], [-73.8681883059999, 40.858063834000156], [-73.86841539699994, 40.85778035800015], [-73.87104944999982, 40.857304837000164], [-73.87046131799995, 40.86327149800015], [-73.87056192499988, 40.87151077800014], [-73.86137924099984, 40.87133651200011], [-73.86156274099987, 40.8655494640001], [-73.85961281199982, 40.86551271800006], [-73.85806098599983, 40.86304236000012], [-73.85780378799993, 40.86303621700008], [-73.85735319699984, 40.859711606000126], [-73.8566377469999, 40.858119172000094]]]}}, {"type": "Feature", "properties": {"LocationID": 33}, "geometry": {"type": "Polygon", "coordinates": [[[-73.99619227264343, 40.70337714093222], [-73.99325388199995, 40.70241197100009], [-73.99087453800003, 40.700673117000115], [-73.99143347099985, 40.69828185900016], [-73.99128413699994, 40.69658821000012], [-73.99044474099998, 40.69382825100009], [-73.99097187, 40.69254880000012], [-73.98902944799994, 40.6921238610001], [-73.98930768499997, 40.69099168800012], [-73.99054474599986, 40.68916810500012], [-74.00110519399988, 40.69205659500015], [-74.00174362072502, 40.69240674985285], [-74.0009586845849, 40.694069083791256], [-74.00301393814541, 40.69477784423976], [-74.00239802583795, 40.695711654864674], [-74.00026872377784, 40.694965802578196], [-73.99941302433201, 40.6963576764535], [-74.00043147340423, 40.697052466178725], [-73.99959333515216, 40.69678226147458], [-73.99955389083655, 40.696945232397034], [-73.99947406820583, 40.69670413446219], [-73.99876458027717, 40.697120733094174], [-74.0010490305752, 40.69790823669762], [-74.00048768562506, 40.69875777763471], [-73.9983776068576, 40.69806329614628], [-73.99802102725101, 40.69876173657397], [-74.00001840433615, 40.69946604807377], [-73.9994746383893, 40.70032277801846], [-73.9974989831, 40.69963886932144], [-73.99716054243916, 40.69979281264429], [-73.99724462871697, 40.70014140989734], [-73.99669768997464, 40.70087697691733], [-73.99813879899439, 40.7015187882486], [-73.99619227264343, 40.70337714093222]]]}}, {"type": "Feature", "properties": {"LocationID": 34}, "geometry": {"type": "MultiPolygon", "coordinates": [[[[-73.97232032119902, 40.70908288315236], [-73.9702621853228, 40.70688750428422], [-73.97048881848585, 40.70540066562204], [-73.97016894509909, 40.7053618534075], [-73.97018075572805, 40.70492927056703], [-73.96751516691086, 40.703437356878325], [-73.96747674493034, 40.70394987095641], [-73.96929693837701, 40.70508833122983], [-73.96929296374243, 40.70709333104795], [-73.96838933699995, 40.70682918700009], [-73.96720961999985, 40.70425570900012], [-73.96217978199998, 40.700220710000096], [-73.96295416199992, 40.69760374900008], [-73.963971858, 40.69637865500012], [-73.96546721499983, 40.69593216200013], [-73.9693945009999, 40.69608038900005], [-73.9697278989999, 40.69780401400005], [-73.98054419199988, 40.69824651200009], [-73.98040482499992, 40.70069900700006], [-73.98074079499993, 40.70127731000017], [-73.98022432, 40.703063324000084], [-73.97912179285028, 40.70552703403634], [-73.97886517755374, 40.70586795620049], [-73.97892765823725, 40.70549619916926], [-73.97873829486646, 40.70546306467229], [-73.97863906658566, 40.705830648221955], [-73.97869698190469, 40.70545626045828], [-73.97846557848953, 40.7055622218646], [-73.97839909439138, 40.70598274520257], [-73.97885303360711, 40.706065535284786], [-73.97834474852871, 40.70599996498781], [-73.97859313620125, 40.704978584142964], [-73.97802067326661, 40.704290966456384], [-73.97721196339239, 40.70421392662442], [-73.97751215494964, 40.70319675266369], [-73.97713562625376, 40.70300558140271], [-73.97623864768494, 40.70477564419085], [-73.97596096344841, 40.70471550644068], [-73.9769274918834, 40.702797820400576], [-73.97615937292022, 40.702171280357035], [-73.9755345648972, 40.70304280880591], [-73.97532987393976, 40.70295192433854], [-73.97600587845436, 40.701946133781995], [-73.97455023388345, 40.70159034430497], [-73.97581713783005, 40.699737121272875], [-73.97573541084542, 40.699570447705774], [-73.97537649873668, 40.6996012934666], [-73.97411513926478, 40.70130527141947], [-73.97292642848618, 40.70029455342785], [-73.97239201397464, 40.700166322752466], [-73.973757007132, 40.701534138882046], [-73.97318676670886, 40.70166980367386], [-73.97113824583214, 40.69991789325826], [-73.97078200587988, 40.699978663011436], [-73.9733245610394, 40.70241265601093], [-73.97283512788735, 40.702728740744234], [-73.96982556559514, 40.70024507036813], [-73.96948655218084, 40.70051906125837], [-73.97283889974949, 40.703346428602], [-73.97266938433755, 40.70350138043132], [-73.96924539207352, 40.70136474188377], [-73.96898517428966, 40.70174708878673], [-73.97231246276117, 40.70384453953877], [-73.97215798824955, 40.70397020812887], [-73.97110342298826, 40.703459735839964], [-73.97101963118519, 40.70381561368657], [-73.97465569608046, 40.706074262994434], [-73.97439083502317, 40.70632577414494], [-73.97347629598461, 40.70568628339152], [-73.97254880057812, 40.706204490003984], [-73.97462966604415, 40.70768106076838], [-73.9742361696854, 40.70802438612261], [-73.97109655489108, 40.70585005655847], [-73.97105692306172, 40.70694643381689], [-73.97275756998387, 40.708831278547876], [-73.97232032119902, 40.70908288315236]]], [[[-73.97905767006142, 40.705952889050515], [-73.97893110285521, 40.70592490623053], [-73.97906084872884, 40.70594602847056], [-73.97905767006142, 40.705952889050515]]], [[[-73.98237340600002, 40.705543350000106], [-73.98242287179853, 40.70582205595473], [-73.98102390618274, 40.70589891389374], [-73.98230205183869, 40.70573697939987], [-73.98237340600002, 40.705543350000106]]]]}}, {"type": "Feature", "properties": {"LocationID": 35}, "geometry": {"type": "Polygon", "coordinates": [[[-73.90145114700002, 40.663658365000146], [-73.90066118699986, 40.66058615800012], [-73.89965233299985, 40.66073541600014], [-73.89880698499995, 40.65740666200008], [-73.90048767199994, 40.657148679000066], [-73.90317858399993, 40.6553116340001], [-73.90784346399994, 40.654591530000076], [-73.90740035699999, 40.65284399000009], [-73.90855790499995, 40.65209593800009], [-73.90933499299997, 40.652808592000085], [-73.91012255699995, 40.65585177100014], [-73.91236458899995, 40.65551356500004], [-73.91818493100003, 40.66072620900016], [-73.91829936299985, 40.66116125700005], [-73.91860168199995, 40.661118049000045], [-73.9195947979998, 40.66199567900004], [-73.92008167099986, 40.65985763300008], [-73.92637970499992, 40.6655148920001], [-73.90347422300006, 40.675506683000066], [-73.90041654099997, 40.66380652700014], [-73.90145114700002, 40.663658365000146]]]}}, {"type": "Feature", "properties": {"LocationID": 36}, "geometry": {"type": "Polygon", "coordinates": [[[-73.92189184700005, 40.7093960970001], [-73.91180710099985, 40.70343495200012], [-73.912904041, 40.7023618910001], [-73.91067882699998, 40.70104596900011], [-73.91180820099987, 40.69993800300005], [-73.9042601839999, 40.695700371000086], [-73.90579597099993, 40.69412715500007], [-73.90123290699994, 40.691442279000164], [-73.904055772, 40.688546278000054], [-73.93115533899987, 40.70377233500006], [-73.93269784899994, 40.70317039100008], [-73.93391870799988, 40.70748702600011], [-73.92189184700005, 40.7093960970001]]]}}, {"type": "Feature", "properties": {"LocationID": 37}, "geometry": {"type": "Polygon", "coordinates": [[[-73.93391870799988, 40.70748702600011], [-73.93269784899994, 40.70317039100008], [-73.93115533899987, 40.70377233500006], [-73.90482499699988, 40.68880857000015], [-73.904055772, 40.688546278000054], [-73.90180467199994, 40.6907662980001], [-73.90042465099988, 40.68818389800004], [-73.90116154999988, 40.6878779350001], [-73.89646625099994, 40.68233642200008], [-73.89704472199993, 40.68056181600017], [-73.89749312100001, 40.680073776000114], [-73.89827418999997, 40.679725043000076], [-73.90047001100002, 40.67953524400012], [-73.9026226229999, 40.68066450300009], [-73.90404639799989, 40.67922059800007], [-73.93856854799981, 40.698848136000066], [-73.94394947299996, 40.69822127900012], [-73.94438788599984, 40.700424523000116], [-73.94042057899993, 40.70107659800006], [-73.94103009699987, 40.70463617700009], [-73.94273448399997, 40.7044733060001], [-73.94378799599994, 40.71090037900014], [-73.94042251999994, 40.71121764800013], [-73.94068803099992, 40.71196204800005], [-73.93480281900003, 40.7133724960001], [-73.93229708600003, 40.7077494470001], [-73.93391870799988, 40.70748702600011]]]}}, {"type": "Feature", "properties": {"LocationID": 38}, "geometry": {"type": "Polygon", "coordinates": [[[-73.74077675800001, 40.70267983800012], [-73.73430403699984, 40.70247813100012], [-73.73426455399982, 40.70321954200011], [-73.72677759516957, 40.7030592911996], [-73.72586264191175, 40.68324108097409], [-73.73744163699995, 40.686700767000076], [-73.7375999409999, 40.686362012000096], [-73.7475517539999, 40.68934733600004], [-73.74467955599985, 40.69341226300009], [-73.7435928609999, 40.696215325000054], [-73.74507479999993, 40.69639094900006], [-73.74618157999997, 40.6961219260001], [-73.74773012199991, 40.69955313700011], [-73.74500119100004, 40.70026221300009], [-73.74590871000004, 40.70228727400009], [-73.74109293999989, 40.7034810630001], [-73.74050336499982, 40.703433556000114], [-73.74077675800001, 40.70267983800012]]]}}, {"type": "Feature", "properties": {"LocationID": 39}, "geometry": {"type": "MultiPolygon", "coordinates": [[[[-73.89121853499988, 40.64998769900007], [-73.89056792961276, 40.64920863296736], [-73.89101577841615, 40.649342007892805], [-73.89120421309674, 40.649126899580196], [-73.891096114747, 40.648812499079185], [-73.88945074227674, 40.64717395559667], [-73.88948152576064, 40.64691275506841], [-73.88879690848671, 40.646050258056576], [-73.8893760297505, 40.646974754423304], [-73.88886541778207, 40.64722003573577], [-73.88853549296564, 40.6469681493506], [-73.88859932552029, 40.646712468821114], [-73.88808138892033, 40.64662056981451], [-73.8882898142075, 40.64604421554579], [-73.88800052027007, 40.64602770535484], [-73.88740960156501, 40.6453292801244], [-73.88805587182881, 40.645119787257485], [-73.88734361665684, 40.645224153871204], [-73.88623646791807, 40.64381678772113], [-73.88373578781892, 40.642450349094425], [-73.88078889712776, 40.639757433320575], [-73.88055123891112, 40.63915881986877], [-73.8795388800853, 40.638217839160475], [-73.87896686085557, 40.63845954384799], [-73.87863863904012, 40.63829360613024], [-73.87843722479572, 40.637948690637415], [-73.87863488118161, 40.6375517816473], [-73.87714434884276, 40.63597649800393], [-73.87820590489773, 40.63457294366274], [-73.87998767503844, 40.63351488348116], [-73.88127068104548, 40.632369119161226], [-73.88301362103512, 40.63162614953559], [-73.88364451728225, 40.63094331213877], [-73.88376932796366, 40.63022176134254], [-73.88345412923461, 40.629907669935115], [-73.88404726149369, 40.62956011854669], [-73.88263248433402, 40.62827427312709], [-73.88369231571497, 40.627559373914245], [-73.88512954023768, 40.62882725867157], [-73.88572166971262, 40.62844671572583], [-73.88604117197292, 40.628697246481735], [-73.88752673706195, 40.62833182448264], [-73.89048710394742, 40.62622477905827], [-73.89090471444746, 40.62501619846406], [-73.89237656551936, 40.62373323634794], [-73.89577374598754, 40.62251907138498], [-73.89607154396427, 40.62277445796964], [-73.89826103011845, 40.62298915992197], [-73.90114685492415, 40.625685387598224], [-73.90412793207628, 40.626306200134444], [-73.91633195427576, 40.632038732558534], [-73.91716071492723, 40.63173012599863], [-73.91860649599991, 40.63209041500008], [-73.91995062999999, 40.64470763000009], [-73.91830152299998, 40.64581226300011], [-73.90944846399994, 40.65152159900011], [-73.90398200599991, 40.646628568000075], [-73.895861549, 40.651880527000074], [-73.89761013299987, 40.65345381600011], [-73.89354677099988, 40.65520271400007], [-73.89136543599976, 40.652364719000076], [-73.89000589199988, 40.65114869700013], [-73.89121853499988, 40.64998769900007]]], [[[-73.88833929256269, 40.64671022891778], [-73.88849720193863, 40.64675678600027], [-73.88853291212867, 40.64686188223088], [-73.88846787961647, 40.64689973402546], [-73.88833929256269, 40.64671022891778]]]]}}, {"type": "Feature", "properties": {"LocationID": 40}, "geometry": {"type": "Polygon", "coordinates": [[[-74.00004865199998, 40.68280335600016], [-73.9962084629999, 40.68172342500011], [-73.99490113599975, 40.68443023800012], [-73.98722413899985, 40.68144730200007], [-73.98931813699981, 40.6783493890001], [-73.98940896399986, 40.67745451700013], [-73.99069861899994, 40.675807419000144], [-73.993491024, 40.67618330200005], [-73.99506451099982, 40.67584047500006], [-73.9986188799999, 40.671830172000085], [-74.00105973699986, 40.67555567800016], [-74.00112481699996, 40.6756975540001], [-74.0006740919999, 40.67555578900008], [-74.00153194399996, 40.67727039700007], [-74.00329231299999, 40.67964328800012], [-74.00064737999996, 40.6852539470001], [-73.99908066099994, 40.68481599200004], [-74.00004865199998, 40.68280335600016]]]}}, {"type": "Feature", "properties": {"LocationID": 41}, "geometry": {"type": "Polygon", "coordinates": [[[-73.9521012519999, 40.811442854000134], [-73.9417714019999, 40.80708900000015], [-73.94275367199994, 40.80574401300006], [-73.94430194599991, 40.8063908250001], [-73.94523965199991, 40.8051360140001], [-73.94613131, 40.803877358000115], [-73.94459751299998, 40.8032281450001], [-73.94922045699984, 40.79690985900008], [-73.95964685399987, 40.80115642300013], [-73.95824878299987, 40.803106486000075], [-73.95818167299996, 40.8055967910001], [-73.954966572, 40.81006455500007], [-73.9535757779999, 40.80947669800009], [-73.9521012519999, 40.811442854000134]]]}}, {"type": "Feature", "properties": {"LocationID": 42}, "geometry": {"type": "Polygon", "coordinates": [[[-73.93436121591056, 40.83620061961798], [-73.93491533578629, 40.835230821938936], [-73.93516725294582, 40.832874992778635], [-73.93442396339046, 40.82704289397238], [-73.93383089287107, 40.81952106376175], [-73.93440039999986, 40.81966778300009], [-73.93407463999996, 40.81782651400011], [-73.93445400100002, 40.81718852900014], [-73.93901753299998, 40.81085655700011], [-73.93580780199986, 40.809497638000074], [-73.93854407899988, 40.8057296530001], [-73.9521012519999, 40.811442854000134], [-73.95035019299995, 40.8131593890001], [-73.94919960099985, 40.81472085400006], [-73.94607828700005, 40.82126321600009], [-73.94515456999994, 40.82087626500012], [-73.94292366900005, 40.82326058700008], [-73.93924885599988, 40.82829635100009], [-73.93864026699997, 40.829738874000064], [-73.9401708989999, 40.83038439100016], [-73.93868316299985, 40.832800789000096], [-73.93496274099988, 40.83575993400008], [-73.9347988639999, 40.83611011600012], [-73.93436121591056, 40.83620061961798]]]}}, {"type": "Feature", "properties": {"LocationID": 43}, "geometry": {"type": "Polygon", "coordinates": [[[-73.94922045699984, 40.79690985900008], [-73.97301487199995, 40.764278879000095], [-73.98136213699995, 40.76783673900009], [-73.98132588999982, 40.76818838000004], [-73.98164804599995, 40.768436322000134], [-73.95817297099987, 40.80058254100007], [-73.94922045699984, 40.79690985900008]]]}}, {"type": "Feature", "properties": {"LocationID": 44}, "geometry": {"type": "Polygon", "coordinates": [[[-74.21220034099993, 40.55644343000007], [-74.213501756, 40.55566761800006], [-74.21509339699995, 40.555498933000166], [-74.21784397899994, 40.5544327180001], [-74.21778377699997, 40.553049188000145], [-74.219115764, 40.55223231400007], [-74.22131562699998, 40.55025307400012], [-74.21776941599992, 40.54112663000013], [-74.21770976099997, 40.538311993000114], [-74.2183151519999, 40.535312079000114], [-74.21800676499996, 40.53229859000013], [-74.21684516999989, 40.5286420870001], [-74.21574341099993, 40.52646400500012], [-74.2156723039999, 40.52395762800011], [-74.21409806799986, 40.52409719600011], [-74.21354593399995, 40.52123571600009], [-74.21760570099997, 40.52087168700012], [-74.22379595899992, 40.51819634600007], [-74.22549932099996, 40.51850518800014], [-74.22690993299994, 40.5191713980001], [-74.22663407199991, 40.51725101000015], [-74.22290251399997, 40.5089365390001], [-74.22321582499997, 40.50865861100006], [-74.22188242299993, 40.50267484100007], [-74.22159300278173, 40.50250043822113], [-74.22304657854346, 40.50247817905697], [-74.22507057837701, 40.50176464524447], [-74.22729413510996, 40.50229749945596], [-74.23114494958575, 40.5018512158822], [-74.23678845619574, 40.50000083525649], [-74.23766770359761, 40.49912325493393], [-74.238513216357, 40.49889607636903], [-74.23988017293566, 40.49757362656026], [-74.24432798252589, 40.49754674021493], [-74.2467610277419, 40.49613398761196], [-74.24802747419955, 40.496190036871326], [-74.24917156868965, 40.496567297053595], [-74.25085489422248, 40.49800616359532], [-74.25116773245702, 40.49899309065388], [-74.25259982739979, 40.49964307588649], [-74.25335538022304, 40.500413197886004], [-74.25530969765195, 40.50413641072483], [-74.2553071037761, 40.506536454119235], [-74.25554269163935, 40.50783774249636], [-74.25462856709899, 40.508674825727205], [-74.2549813000948, 40.50877117277595], [-74.2549729037097, 40.508805662133426], [-74.25461876022267, 40.50868612216277], [-74.25399478574111, 40.50896808987838], [-74.25431454169312, 40.50941369464911], [-74.25368911881061, 40.509425596439286], [-74.25464651262905, 40.50982624592454], [-74.25452621732619, 40.50997301588628], [-74.25364812518256, 40.50947053043644], [-74.25331579805132, 40.5098615045411], [-74.25306394553081, 40.5110552573699], [-74.2532580688566, 40.51108868938099], [-74.25300847277559, 40.511193989705525], [-74.2535268507671, 40.511677766031994], [-74.25303635381549, 40.511433160458935], [-74.25308950870547, 40.51212196137855], [-74.25195197488479, 40.512997002547436], [-74.2521259139705, 40.51371037980015], [-74.2500458775657, 40.51510851049445], [-74.25055526413547, 40.51571634242909], [-74.25015626516773, 40.515361188199655], [-74.24988824874988, 40.51552154519314], [-74.25056007272197, 40.5161067415352], [-74.25041535921383, 40.516188335026094], [-74.24935660923893, 40.51500592819388], [-74.24921528676096, 40.51508486129946], [-74.24994158808036, 40.51613748819119], [-74.24943096899091, 40.515687885597636], [-74.24864764632096, 40.51611262849698], [-74.24875958315138, 40.516356221134416], [-74.24854589291671, 40.516169917148595], [-74.2482842208389, 40.51648694955385], [-74.24894624665603, 40.51719453978684], [-74.24940770789283, 40.51698083142386], [-74.24851449056031, 40.51747562626524], [-74.24891910653054, 40.51720843369257], [-74.24751811835522, 40.51573586477878], [-74.24693048008466, 40.51606645441795], [-74.24644039651318, 40.51596502850874], [-74.24612857679293, 40.5161373925739], [-74.24674997194062, 40.51649561324071], [-74.24651040267673, 40.516669855306205], [-74.246995569966, 40.517182085195735], [-74.24647899705323, 40.516687327211045], [-74.24653682834257, 40.51695996037976], [-74.24634969801765, 40.51675337193519], [-74.24520861528356, 40.517289743624296], [-74.24566989001377, 40.51778970805146], [-74.2456347316994, 40.51807558074597], [-74.24508804460534, 40.51806683940434], [-74.24429835217606, 40.51851500310789], [-74.24365228511596, 40.51829461462334], [-74.24232477833276, 40.51832652502194], [-74.24103122918532, 40.51954251268813], [-74.24049069687692, 40.51919162897029], [-74.23991937852388, 40.52004699653014], [-74.24117293552197, 40.52106013143217], [-74.24133219575513, 40.520894517580416], [-74.24293235036517, 40.52122716113297], [-74.24258375639438, 40.522198649000735], [-74.24280157009575, 40.524007296286804], [-74.24335792685855, 40.52481891382062], [-74.24396500758859, 40.52490536633802], [-74.24333883883844, 40.52585380518009], [-74.2428286081863, 40.52741888075709], [-74.2428867138121, 40.52820013082621], [-74.2425102899773, 40.528445935768694], [-74.24224528137324, 40.529822779505146], [-74.24150733322897, 40.53104134279531], [-74.24181061621528, 40.532562675421694], [-74.24217799663231, 40.53257613847681], [-74.2422820033816, 40.53338749651791], [-74.24196458870446, 40.53363371843336], [-74.24204570286014, 40.534346377050554], [-74.2436634809121, 40.5360747202725], [-74.24412495988494, 40.53619629572923], [-74.24397655106576, 40.53646049855939], [-74.24414782538688, 40.53688140991723], [-74.2445875391072, 40.536932927073], [-74.24493693114462, 40.53666387691729], [-74.24533651176053, 40.536905994434825], [-74.24444259671773, 40.5380667659931], [-74.24527100769255, 40.539241870190025], [-74.24560205698324, 40.54094959457747], [-74.24648614815786, 40.542213392655846], [-74.24767778039599, 40.543125403303], [-74.24803463735688, 40.543093240441635], [-74.24618422383882, 40.54563362585448], [-74.24336346552776, 40.547865135236016], [-74.24358447651343, 40.547623990878776], [-74.24293585929026, 40.5471132192454], [-74.2422031846343, 40.54694867830031], [-74.24039182810051, 40.54766331017397], [-74.23837191304226, 40.549141566814534], [-74.23761963467327, 40.55012346857873], [-74.23641623448965, 40.55050862684358], [-74.23617462444652, 40.55142706190538], [-74.23652110265431, 40.55202081602295], [-74.23641559733107, 40.55232806634535], [-74.23489865800803, 40.55300521667153], [-74.23334188482497, 40.55249971061388], [-74.23229112933164, 40.55336369797586], [-74.23193331444938, 40.554149830117346], [-74.23075511246024, 40.55553665854564], [-74.22931954185714, 40.55549158696289], [-74.22931328089027, 40.55581747283022], [-74.2287242997478, 40.55629701713939], [-74.22816154992297, 40.55637651692683], [-74.22743682730538, 40.55603853351656], [-74.22640494542956, 40.55625571284607], [-74.2239033413449, 40.55589706554476], [-74.22386421498082, 40.55609769408307], [-74.22344265106311, 40.55604656990373], [-74.22378606709124, 40.555880268009915], [-74.22257486801371, 40.55540620977983], [-74.22179863887057, 40.55541707075921], [-74.22157006613187, 40.555648982957884], [-74.22129864604456, 40.55536622468576], [-74.22097904527034, 40.55591180005463], [-74.22062175949124, 40.555898821005314], [-74.21974356930723, 40.55461267207258], [-74.21908060899351, 40.55484700219816], [-74.21933701278975, 40.55569136698127], [-74.21921716370927, 40.55579696987874], [-74.2189583263338, 40.554857583918505], [-74.21859325782798, 40.554674210247974], [-74.21870767560165, 40.55604101620135], [-74.21775342391726, 40.555005284776364], [-74.21604246060625, 40.55554411878328], [-74.21474053198814, 40.55624238913233], [-74.21501817201802, 40.556755638380146], [-74.21462340478293, 40.556913362221074], [-74.2137646731758, 40.55639694332549], [-74.2056960519999, 40.55851600600006], [-74.20699885299997, 40.557567489000085], [-74.21050789400002, 40.55706418200013], [-74.21220034099993, 40.55644343000007]]]}}, {"type": "Feature", "properties": {"LocationID": 45}, "geometry": {"type": "Polygon", "coordinates": [[[-73.99750445299988, 40.71406913200014], [-73.99256242199989, 40.71438807700016], [-73.99177662699996, 40.709819040000106], [-73.99204746299989, 40.709775745000115], [-73.99190824271031, 40.70953292664353], [-73.99728287195568, 40.708731619843064], [-73.99919451154427, 40.70794737667591], [-74.00366118299998, 40.71148728300013], [-74.00510989999995, 40.71205559400008], [-74.0058917509999, 40.71200716000009], [-74.00485768099996, 40.7124525410001], [-74.00272286199994, 40.714389709000116], [-73.999956209, 40.71801709500007], [-73.99858925599978, 40.7170995120001], [-73.99605872699998, 40.71623164000009], [-73.99750445299988, 40.71406913200014]]]}}, {"type": "Feature", "properties": {"LocationID": 46}, "geometry": {"type": "MultiPolygon", "coordinates": [[[[-73.78452431937963, 40.86047706314805], [-73.78440007895895, 40.859766274445235], [-73.78470517053249, 40.85917438144252], [-73.78519664387112, 40.85882702363759], [-73.78601763836582, 40.85930092010715], [-73.78657148225405, 40.85923189058607], [-73.78710536878255, 40.85880854569643], [-73.78743186194176, 40.85893524561462], [-73.78685886773299, 40.86004505783974], [-73.78452431937963, 40.86047706314805]]], [[[-73.76783205637173, 40.854442205742274], [-73.7685566032706, 40.85323832295964], [-73.7690443898714, 40.85329092469375], [-73.76938529139694, 40.85253613399695], [-73.76860817687106, 40.850788395378316], [-73.76959674311463, 40.84759451909839], [-73.76789492672636, 40.84528943351981], [-73.76901389181107, 40.84509734272212], [-73.77157218833237, 40.84750005858049], [-73.7708892022117, 40.849751771338276], [-73.7720496366846, 40.851618289757624], [-73.7727111749615, 40.85182658093388], [-73.77246594126663, 40.85183368399989], [-73.77246052295433, 40.85205954217389], [-73.77296356611284, 40.85215925395882], [-73.77264837746921, 40.852224402629744], [-73.7728907573129, 40.85239826899842], [-73.77245940163017, 40.85210626708234], [-73.77245149415468, 40.852435896893645], [-73.77173060411904, 40.852476831319294], [-73.7717171593653, 40.853004539281976], [-73.77229680531372, 40.85308637825256], [-73.77234917454822, 40.85385142073684], [-73.77296285334867, 40.853800062246656], [-73.77295817517044, 40.85413743292355], [-73.77233272219733, 40.853900844675366], [-73.77214036841814, 40.854412712600805], [-73.77235432710658, 40.85967316198071], [-73.77219223055407, 40.85998663859717], [-73.77084562380267, 40.86010101292857], [-73.76947305423997, 40.859330136668774], [-73.76836277290795, 40.858358288851996], [-73.768360859188, 40.85765536370608], [-73.76533243995276, 40.85504359512505], [-73.76783205637173, 40.854442205742274]]], [[[-73.79018745194999, 40.8586099173863], [-73.78898385013113, 40.85847084374007], [-73.78878402854569, 40.857420690336745], [-73.788043429758, 40.85755991768727], [-73.78877898544017, 40.85740092519981], [-73.78889654957185, 40.85657338670999], [-73.7883594322236, 40.855626489148406], [-73.7884773265335, 40.85440052053241], [-73.78834700683626, 40.854153518950056], [-73.78756282815222, 40.85437584889344], [-73.78734753146402, 40.854385885459706], [-73.78832399449908, 40.85410251564986], [-73.78690734702697, 40.85406397229932], [-73.78792821707314, 40.85373779738932], [-73.78796264288077, 40.85347472093568], [-73.7858818650663, 40.85178867244112], [-73.78529210719022, 40.851620649973704], [-73.78413189167978, 40.85183280615745], [-73.78431415165997, 40.851767545707084], [-73.78396112488305, 40.851486933923134], [-73.78338158610377, 40.85158673391452], [-73.78360210541598, 40.85131951978282], [-73.78460077697598, 40.85109569219538], [-73.78445463288537, 40.85077287385466], [-73.78384119307984, 40.8506928994985], [-73.78406580837313, 40.850625233236585], [-73.78420047134377, 40.8500606442408], [-73.78353497808732, 40.84922096742046], [-73.78303535537907, 40.849071908128025], [-73.78154449088599, 40.84940043464352], [-73.78214108697831, 40.849100662667865], [-73.78143249522284, 40.8488000058135], [-73.78149386587489, 40.84858047582596], [-73.78267467078705, 40.84813967294683], [-73.78097820938946, 40.8484583479137], [-73.78263740397888, 40.84807264924603], [-73.78148431950568, 40.84788219384879], [-73.78142920347912, 40.84745634535744], [-73.78221497817432, 40.84686140958966], [-73.78216393435585, 40.84663633778096], [-73.7804624159846, 40.84710023328975], [-73.780403269586, 40.846931134166276], [-73.78106043973004, 40.846802551854495], [-73.78115182578563, 40.846246304627286], [-73.78110675760784, 40.846746997141345], [-73.78168786937833, 40.84663887521213], [-73.78174288903251, 40.8464122901161], [-73.78171494622761, 40.846657474214894], [-73.78109301885183, 40.84679849158762], [-73.78215667396832, 40.84660757811384], [-73.7825134511685, 40.846408771551346], [-73.78249597258944, 40.8456615619492], [-73.78309442048638, 40.84551828556483], [-73.78314644227363, 40.8453099420262], [-73.78307455830657, 40.845509764292146], [-73.78242487155511, 40.845676336667196], [-73.78181646104291, 40.84576497805121], [-73.78305074940779, 40.84549682317601], [-73.78306023126578, 40.84508570856724], [-73.7818153590045, 40.84548058288058], [-73.78307457446681, 40.84505636873413], [-73.78315245505728, 40.845295983327965], [-73.78297579244337, 40.84468094802066], [-73.7833653613534, 40.84444472298189], [-73.78301129829549, 40.84417269034736], [-73.78326987138819, 40.84406939209182], [-73.78309494705952, 40.843866094905], [-73.78348428748797, 40.84367854599862], [-73.78290650949755, 40.84393612584031], [-73.78052736048552, 40.844525140338334], [-73.77992703744448, 40.843883081356026], [-73.78053302714567, 40.84445302176286], [-73.78039623282005, 40.84396640817995], [-73.78058464728879, 40.8444345726984], [-73.78106261364299, 40.844328317876894], [-73.78087690198716, 40.84386222048797], [-73.78108977797854, 40.84432012707775], [-73.78154602523335, 40.84421588974789], [-73.78137674098357, 40.84370448654022], [-73.78157590302521, 40.844207703973225], [-73.78200770536681, 40.84410960066992], [-73.78183306599355, 40.84357551830516], [-73.7820375758627, 40.84410347497367], [-73.78243679895444, 40.84400943110011], [-73.78224871668732, 40.84343616841776], [-73.78246939706243, 40.84399918783522], [-73.78282243971395, 40.84391948119968], [-73.78257210723775, 40.84329458244598], [-73.78278498635665, 40.84375454548113], [-73.7830918611237, 40.843685054811374], [-73.78287388243167, 40.84312410236253], [-73.78313252568665, 40.84369749673194], [-73.78280661506554, 40.84377931612225], [-73.78284151617696, 40.84389478720215], [-73.78347481249244, 40.84365473810999], [-73.78319194518468, 40.84286786498916], [-73.78321038850866, 40.843479338866636], [-73.78291098678886, 40.84292235500572], [-73.78313925968678, 40.84282231949024], [-73.78291747085107, 40.84280644567929], [-73.78312383020314, 40.84273620299384], [-73.78288778301486, 40.8424948288498], [-73.78281584526042, 40.84276452259682], [-73.78270669982564, 40.8425324758105], [-73.78229941270918, 40.84260589641356], [-73.78244452404584, 40.84304203441694], [-73.78226682874738, 40.842612018228444], [-73.78180048362434, 40.84269614579383], [-73.7819330659365, 40.84322808807671], [-73.78177196927737, 40.8427022734921], [-73.78124656634495, 40.84279710728964], [-73.78142785188437, 40.84337087428177], [-73.78121601119268, 40.84280477739584], [-73.78067429925017, 40.842907304537896], [-73.7808290368131, 40.84350729714581], [-73.78064375993134, 40.84291033812365], [-73.78029552532065, 40.842973044894094], [-73.78022773872677, 40.8437781812979], [-73.78022662418076, 40.84288326893569], [-73.78286499304913, 40.84247810188288], [-73.78059735822595, 40.84278659994118], [-73.78236855953504, 40.84242849314984], [-73.78215166139216, 40.84235522911666], [-73.78231110910542, 40.84222417895735], [-73.78162055021906, 40.84232949488824], [-73.78230643317583, 40.842211116312754], [-73.78233257215871, 40.841922844111565], [-73.78144003107849, 40.842142133493596], [-73.7823235128594, 40.84189833045474], [-73.78203752533935, 40.84184191671517], [-73.78216624418963, 40.841689144110234], [-73.7812992811557, 40.84179444162372], [-73.78133868571547, 40.8419962184844], [-73.78069632802139, 40.84203238300088], [-73.78072098830444, 40.84219153230598], [-73.78034805158231, 40.84210909822463], [-73.7804257718152, 40.84249439420707], [-73.78019599955293, 40.84204621097635], [-73.78185048197766, 40.841653946394516], [-73.78166051213424, 40.84112417558836], [-73.78084223802306, 40.84127632402837], [-73.78089220610157, 40.841553084198495], [-73.78079752923469, 40.84125614604863], [-73.7816485529559, 40.841097763528985], [-73.78139143568951, 40.84103660961842], [-73.78161069651507, 40.84099624002583], [-73.78137488194947, 40.840978871005234], [-73.78159396937245, 40.840939796748216], [-73.78141805071888, 40.84071475571633], [-73.78154296060534, 40.84038666160459], [-73.78125361834401, 40.84025550094155], [-73.78148878089243, 40.84019732392227], [-73.78136267245321, 40.83973018981654], [-73.78117947802396, 40.83974586225598], [-73.78134125145772, 40.83947856344308], [-73.78113875725964, 40.8394942788019], [-73.78133988849423, 40.839469699830495], [-73.78156780983515, 40.83853740573646], [-73.78200420989037, 40.83801557230729], [-73.7818845572027, 40.83765027660497], [-73.78238142556087, 40.83732410616756], [-73.78272760738487, 40.83748796035156], [-73.78290629190879, 40.837320006073], [-73.78270364583639, 40.836842801965766], [-73.78282260139727, 40.836338155888036], [-73.7833816805932, 40.836909271680874], [-73.78410164591317, 40.83672552935817], [-73.78448456140005, 40.83702422253868], [-73.78498060328094, 40.8367464260807], [-73.78508226642613, 40.836881908213236], [-73.7845033396534, 40.83705776517131], [-73.78485009222642, 40.83747048917864], [-73.78563997845447, 40.837064434585564], [-73.78583067964128, 40.83720998000471], [-73.78516584428648, 40.83747133406195], [-73.78557796850949, 40.83792711322559], [-73.78553011511531, 40.83879827733851], [-73.7857350929868, 40.83923423177601], [-73.78652598496416, 40.83972311560722], [-73.7874075874599, 40.83967762319718], [-73.78763931218995, 40.840531895236815], [-73.7873572424447, 40.84059077177686], [-73.78749166412584, 40.840842341674275], [-73.78818132144568, 40.84071108050155], [-73.78815921166512, 40.84049077856723], [-73.78825453283457, 40.84074586311868], [-73.78752379733702, 40.840879612185354], [-73.78786404049687, 40.8410817258351], [-73.78761237782592, 40.841198005296064], [-73.78784487499479, 40.84147147933343], [-73.78836617474825, 40.841504611016724], [-73.78802003550352, 40.84178384145896], [-73.78829358843848, 40.84178537313684], [-73.78805599070779, 40.841867030177696], [-73.78838456613674, 40.842381978370796], [-73.78883864895133, 40.842350395961326], [-73.7885278086737, 40.84242557689498], [-73.78905825501361, 40.843235331770224], [-73.7899242492441, 40.843224154240865], [-73.78993093388229, 40.84304226436384], [-73.78999975309044, 40.84330781724376], [-73.78973469326743, 40.843413247478885], [-73.78989919889905, 40.84341714665922], [-73.78980449502046, 40.84358665628257], [-73.78933708725715, 40.84368149805567], [-73.78947182214094, 40.844292978352236], [-73.79066589001, 40.84574155883457], [-73.79098858375902, 40.84565283206274], [-73.79069785364858, 40.84578601255104], [-73.79097333310666, 40.846357311525146], [-73.79149076513552, 40.84625100496544], [-73.79112759246645, 40.84635759094972], [-73.79118128785345, 40.84655567593], [-73.79141379114441, 40.846547847033], [-73.7914803472568, 40.846802052713855], [-73.79179343625451, 40.846731672329476], [-73.79136709858446, 40.846887642686], [-73.79144049688328, 40.84730604348377], [-73.79177232700852, 40.84722825327935], [-73.79191997810095, 40.847258218030944], [-73.79126708567368, 40.84760186735423], [-73.79132975970043, 40.848057923064395], [-73.79161765431445, 40.84805292440803], [-73.79133588063237, 40.848086238652606], [-73.7910136233899, 40.84898520971707], [-73.7897571107061, 40.84953146928782], [-73.78985836952175, 40.849972559362044], [-73.7909477685762, 40.849739179644], [-73.79098877124652, 40.849828349532395], [-73.78986630313652, 40.84998939070335], [-73.79001758788853, 40.85031633246526], [-73.79040506054308, 40.85027276271416], [-73.7900241182947, 40.850347819583035], [-73.78991872482864, 40.85061172713792], [-73.79102381130417, 40.850432275424296], [-73.78992953626673, 40.85062612255523], [-73.79026824507254, 40.85096108807401], [-73.78951371516173, 40.85130077171326], [-73.78966276217217, 40.85148870332112], [-73.7900578142692, 40.851414530211336], [-73.79001797053547, 40.85125947095968], [-73.79098717984283, 40.85126401529924], [-73.78966490344513, 40.851500382132286], [-73.78972573712088, 40.851692670565164], [-73.79089217930074, 40.85154690354907], [-73.79019588667279, 40.85175290456311], [-73.790463705281, 40.85176700615419], [-73.79008396904106, 40.85203452738238], [-73.79015509260995, 40.852251285235994], [-73.79016095149859, 40.8520402364311], [-73.79027404235792, 40.85222327109276], [-73.79053212420823, 40.8521634146453], [-73.79045200336085, 40.851989720950414], [-73.79080610587764, 40.85209987596794], [-73.79056092524321, 40.85194444389157], [-73.79079463354844, 40.85186134138602], [-73.79085380717721, 40.852088824968604], [-73.79111196150562, 40.85200576731133], [-73.79101097118439, 40.85186080525306], [-73.79118770764545, 40.8520161125069], [-73.79146293338718, 40.85194515019947], [-73.7913204511751, 40.85177969609438], [-73.79151738677945, 40.851729935891015], [-73.79149596814213, 40.851934072421486], [-73.79172750188745, 40.85176465395934], [-73.79249450978077, 40.85155072509285], [-73.79176780605944, 40.85177400770625], [-73.79205731457873, 40.85182557326258], [-73.79017007126295, 40.852280661153614], [-73.79113795170926, 40.852055852573855], [-73.79123655971756, 40.852280289886664], [-73.79318284075845, 40.85180857187147], [-73.79311837183832, 40.85157829524104], [-73.7932378678764, 40.85193117467464], [-73.79124556783773, 40.85230468141091], [-73.79138052695514, 40.8526020383049], [-73.79340987631169, 40.85202188373055], [-73.79350762831913, 40.852264043925004], [-73.79139106468679, 40.85262807498608], [-73.79144640027788, 40.8527715719243], [-73.79042053780161, 40.85302297821277], [-73.79049879362734, 40.85318872251886], [-73.79100586740225, 40.85311769126212], [-73.7914543630373, 40.8530108477137], [-73.79143702716479, 40.852822728486316], [-73.79150327251574, 40.85300474895983], [-73.79165554436234, 40.85277733822671], [-73.79196318311136, 40.852895448228956], [-73.79191649946218, 40.85271098813872], [-73.79198928164561, 40.85288807029814], [-73.79222413063728, 40.85283157209447], [-73.79217580837809, 40.85264958432178], [-73.7922518609755, 40.852822960382355], [-73.79248669881495, 40.852770173952386], [-73.79243675473343, 40.85258570820623], [-73.79250954048048, 40.85276155271457], [-73.79283083884894, 40.85268046076802], [-73.79281511966936, 40.8524948193091], [-73.79290086687061, 40.85269543598257], [-73.79080758729921, 40.85319906006455], [-73.7911143142938, 40.85326445192481], [-73.79126573165874, 40.8537068642333], [-73.79252408728894, 40.85340992070514], [-73.79240931036925, 40.85305333611497], [-73.79255598392581, 40.85340117854101], [-73.79297928311027, 40.853302944909615], [-73.79287610048584, 40.85294418132858], [-73.7930399117026, 40.85337124928532], [-73.79105721254825, 40.85391841242683], [-73.7924581684481, 40.85360070875506], [-73.79107002765942, 40.85394495666485], [-73.79253714604873, 40.853849327813045], [-73.79256758944628, 40.854016434943226], [-73.79179366809404, 40.85400482990061], [-73.7919181173638, 40.85422235474304], [-73.79129282160632, 40.85458402597705], [-73.79207675667554, 40.85564516770729], [-73.79250306685435, 40.85578866613724], [-73.79201712228527, 40.85617694860646], [-73.79270523985137, 40.85619232890591], [-73.79268768222656, 40.85633521872056], [-73.79315700296155, 40.85635091107497], [-73.79314686085958, 40.856467828471345], [-73.79201050009051, 40.85622512771856], [-73.79208814819948, 40.85647764200957], [-73.7919018334025, 40.85654691136817], [-73.79309492152382, 40.85668644140425], [-73.79189422958875, 40.85656888932982], [-73.79170704257358, 40.85685184285522], [-73.79220265950248, 40.85714600041052], [-73.7924279413047, 40.85692854253693], [-73.79222189186365, 40.857152298424865], [-73.79282713237976, 40.85743578991808], [-73.79301264383005, 40.85700302604333], [-73.79288403888904, 40.85747920249383], [-73.79185978715203, 40.857004107259556], [-73.79268338575463, 40.85742039359288], [-73.79211266783624, 40.85716693187062], [-73.79189451913076, 40.85743712186544], [-73.79256970440578, 40.857639625362424], [-73.79239521723282, 40.85784554775238], [-73.79174254082349, 40.85739395000442], [-73.79209332504095, 40.857157989947396], [-73.79184303217382, 40.85702870201154], [-73.79160393461318, 40.857375312992644], [-73.79129378852147, 40.857263238698344], [-73.79094202260366, 40.857552748188965], [-73.7917852942325, 40.857775425855756], [-73.79143695908105, 40.85815468512328], [-73.79161866075827, 40.85790134204831], [-73.79093222800743, 40.85756778747072], [-73.79023592738741, 40.85815408481145], [-73.79018745194999, 40.8586099173863]]], [[[-73.78283291447852, 40.85587030844592], [-73.78302371522503, 40.85509276666515], [-73.78367819665118, 40.85517343750985], [-73.78394699722006, 40.85563043752682], [-73.78343487501385, 40.856362865959085], [-73.78283291447852, 40.85587030844592]]], [[[-73.78061730829718, 40.85573517581021], [-73.7809047685129, 40.85496813316249], [-73.7815638969994, 40.8550012864341], [-73.78156303268149, 40.85574479600106], [-73.78122782332017, 40.85608778916297], [-73.78061730829718, 40.85573517581021]]], [[[-73.78833349834521, 40.834667129759545], [-73.78931223606624, 40.83446488655362], [-73.78951019872322, 40.83536404252596], [-73.78845700015209, 40.835309914315594], [-73.78833349834521, 40.834667129759545]]]]}}, {"type": "Feature", "properties": {"LocationID": 47}, "geometry": {"type": "Polygon", "coordinates": [[[-73.89038953999983, 40.854689058000154], [-73.89216687399981, 40.85276946200009], [-73.89307140900002, 40.85324998700008], [-73.89431774099977, 40.85189131100004], [-73.89478764999993, 40.85108166700008], [-73.89407258999991, 40.850713190000135], [-73.89617712999998, 40.84665832100009], [-73.89290102299995, 40.84626833000011], [-73.89537836199995, 40.84293877900015], [-73.89666161699988, 40.84352460700011], [-73.90122534999992, 40.83549991100012], [-73.90553116799988, 40.82910413300009], [-73.91049010699992, 40.830737373000076], [-73.90538357999992, 40.83976898300009], [-73.90560739499988, 40.839843619000085], [-73.90519207999992, 40.84070758200011], [-73.90483121999989, 40.84480034200007], [-73.901344046, 40.84442875100013], [-73.8956088329998, 40.85457037000006], [-73.8911537559998, 40.860913616000154], [-73.89106280699994, 40.861529412000095], [-73.89027555599993, 40.86110907300015], [-73.89112568799987, 40.86006182500011], [-73.89108676599993, 40.85659725700004], [-73.89038953999983, 40.854689058000154]]]}}, {"type": "Feature", "properties": {"LocationID": 48}, "geometry": {"type": "Polygon", "coordinates": [[[-73.98236545099999, 40.76739215300011], [-73.99163271299996, 40.75470680500015], [-73.99730671499998, 40.75711050700009], [-73.98806289599996, 40.76979080000011], [-73.98236545099999, 40.76739215300011]]]}}, {"type": "Feature", "properties": {"LocationID": 49}, "geometry": {"type": "Polygon", "coordinates": [[[-73.96105100699991, 40.69832607900008], [-73.96015854699986, 40.694117309000106], [-73.95614239299985, 40.694579019000095], [-73.95541057999996, 40.69090829200014], [-73.96029281699998, 40.69034625000013], [-73.95956770199984, 40.68668255500014], [-73.95468418899998, 40.687244854000056], [-73.95328187399996, 40.68020003100004], [-73.95543681599985, 40.67995785500012], [-73.95529361599996, 40.67920315100004], [-73.96868961400001, 40.68200525800007], [-73.97013154199992, 40.689506308000055], [-73.96910362499993, 40.68946752200005], [-73.96983118499983, 40.69313424400017], [-73.96880989600005, 40.69312038200016], [-73.9693945009999, 40.69608038900005], [-73.96546721499983, 40.69593216200013], [-73.9645507049999, 40.69610759200006], [-73.96347515199992, 40.696800668000115], [-73.96283963699993, 40.69803866800014], [-73.96105100699991, 40.69832607900008]]]}}, {"type": "Feature", "properties": {"LocationID": 50}, "geometry": {"type": "Polygon", "coordinates": [[[-73.99667705784736, 40.7735100539424], [-73.99416328456306, 40.77248719152404], [-73.99383108201548, 40.772931787425534], [-73.9935026219999, 40.77275163300009], [-73.99387445099994, 40.77223816800013], [-73.98806289599996, 40.76979080000011], [-73.99547450199992, 40.75962685700009], [-74.00127796299991, 40.76207582500006], [-74.00153309083484, 40.76264459806394], [-74.00375735018837, 40.763582241820416], [-74.00361214797076, 40.76377704395506], [-74.00138603698596, 40.76285009500206], [-74.0009730802201, 40.76342027172579], [-74.00314976988996, 40.764332888184775], [-74.00294809515721, 40.76461683643407], [-74.00322275585351, 40.7646380376704], [-74.00311291631381, 40.764745596153865], [-73.99992712367724, 40.763406528479486], [-73.99915098087908, 40.76420525958284], [-74.00227436642368, 40.7655251810997], [-74.00202454330339, 40.765893266570565], [-73.99888473174974, 40.764569377048765], [-73.99857638530527, 40.76499860727103], [-73.99868870694561, 40.76520857044998], [-73.99828160709528, 40.76556777543752], [-74.00157335385272, 40.766977192210845], [-74.00131469635994, 40.76725112005012], [-73.9980667590535, 40.765871881135915], [-73.99737808447954, 40.76682338637978], [-74.00064950530414, 40.76824523610579], [-74.00038586489072, 40.76850419542946], [-73.99715588949206, 40.76712869617298], [-73.9964571540504, 40.76809881579584], [-73.99973590247859, 40.769506177331714], [-73.99947253734007, 40.769764214969335], [-73.99707176039315, 40.768732643577], [-73.9965712643956, 40.769424568274104], [-73.9990268283291, 40.77046327298229], [-73.9987620691431, 40.770825056709405], [-73.99631327022085, 40.76979883633663], [-73.99542474436292, 40.77103161516814], [-73.99600175749052, 40.771307465330764], [-73.99589990100937, 40.77145029858229], [-73.99530566365368, 40.77119600490974], [-73.99493501658995, 40.771468146578165], [-73.99497688494725, 40.771658774923466], [-73.99711218538603, 40.77255323669971], [-73.99690946902788, 40.77283294566015], [-73.99477407930827, 40.77192954753039], [-73.99444501293378, 40.77237712658846], [-73.99644894667618, 40.773056841996954], [-73.99614329133087, 40.773247541563656], [-73.99667705784736, 40.7735100539424]]]}}, {"type": "Feature", "properties": {"LocationID": 51}, "geometry": {"type": "Polygon", "coordinates": [[[-73.821266938, 40.86907160600009], [-73.81578764099999, 40.86575806100009], [-73.81699760299986, 40.86445903100014], [-73.8168449589999, 40.864306793000125], [-73.82037552999996, 40.86103300500012], [-73.82450575099989, 40.85976402100012], [-73.82444012099991, 40.859501384000076], [-73.82699653199998, 40.859087786000046], [-73.82799444999982, 40.86084018600009], [-73.82834347399992, 40.860892026000094], [-73.82954731199996, 40.8621640870001], [-73.83315960399985, 40.868319756000126], [-73.83565766499987, 40.86751275600012], [-73.83829221499984, 40.872951339000124], [-73.83746027699992, 40.873222650000095], [-73.83924788999988, 40.87661873800009], [-73.8381484219999, 40.87695329900011], [-73.84324113799987, 40.87910891300011], [-73.84127784699999, 40.88031754800008], [-73.83664134299984, 40.88212002500012], [-73.83434542099987, 40.88385002000014], [-73.83342222600004, 40.88427539600009], [-73.83065359099987, 40.88485293900009], [-73.82529579999982, 40.88697638000014], [-73.82387140599998, 40.88778362800015], [-73.82077408699996, 40.88671060300007], [-73.82023958299996, 40.88549105100006], [-73.81992586499995, 40.88211933300007], [-73.82329599399986, 40.87309741800008], [-73.821266938, 40.86907160600009]]]}}, {"type": "Feature", "properties": {"LocationID": 52}, "geometry": {"type": "Polygon", "coordinates": [[[-73.99236366999985, 40.689690124000116], [-73.9962084629999, 40.68172342500011], [-74.00004865199998, 40.68280335600016], [-73.99908066099994, 40.68481599200004], [-74.00064737999996, 40.6852539470001], [-73.99776924399993, 40.691194698000146], [-73.99236366999985, 40.689690124000116]]]}}, {"type": "Feature", "properties": {"LocationID": 53}, "geometry": {"type": "MultiPolygon", "coordinates": [[[[-73.83787044050948, 40.798441908613384], [-73.83919004727183, 40.79777726644789], [-73.84025860809128, 40.79758885843232], [-73.83997099590027, 40.79690564189242], [-73.83903676806116, 40.79705247704065], [-73.83840083088981, 40.796755258653626], [-73.83663288911686, 40.79251637576946], [-73.83922303099996, 40.7930430460001], [-73.84067828300006, 40.79390789200013], [-73.84081532599994, 40.791504885000094], [-73.83895676099984, 40.79143843100016], [-73.83900524099994, 40.79061732200014], [-73.83992306199994, 40.7906499020001], [-73.84008157499997, 40.787851531000136], [-73.83824429099994, 40.787785916000146], [-73.83869921299996, 40.781676957000066], [-73.82513740299993, 40.78169970600013], [-73.82830621299996, 40.77600078800009], [-73.83000011099983, 40.77373240700016], [-73.83161455499989, 40.77241020900008], [-73.83614052499993, 40.76952737400015], [-73.83746794599992, 40.76830671800016], [-73.83913189281712, 40.76599110578434], [-73.83969772549081, 40.76639267704552], [-73.8394980579582, 40.76701701698492], [-73.83975387982034, 40.76712044544108], [-73.84031170315292, 40.76629479789862], [-73.84394748335806, 40.765494881485964], [-73.84491332846012, 40.765528388178716], [-73.84620024037935, 40.76619634316654], [-73.84723067976141, 40.766313158095876], [-73.84780575104425, 40.76677294817181], [-73.84856697139021, 40.768090907199294], [-73.84830138199058, 40.76843044060869], [-73.84883522381716, 40.76875230209419], [-73.84901287079057, 40.76921530435147], [-73.84860101425126, 40.769817825888126], [-73.8487299918909, 40.76998954177934], [-73.84892724343374, 40.769914788361724], [-73.848817810295, 40.76973805463523], [-73.84950427178477, 40.76951022388245], [-73.84977407793218, 40.76993601294315], [-73.84872671824314, 40.77010618908892], [-73.8486715286884, 40.770761572902735], [-73.84994241882967, 40.771927193260034], [-73.85030397450446, 40.77193819958972], [-73.85033808818524, 40.771743668538946], [-73.85130108374476, 40.7718063607979], [-73.85127037620715, 40.77198553474372], [-73.84995162517303, 40.77195829887734], [-73.85004065546363, 40.77222460055512], [-73.84957160955892, 40.772561103830945], [-73.84897619867189, 40.77356166795718], [-73.84921678107064, 40.774639582126305], [-73.84893873474758, 40.77556035848085], [-73.84911636597812, 40.775787518869656], [-73.84895559325399, 40.77796167373155], [-73.84974741420471, 40.778414054006305], [-73.84945995577684, 40.77865656806631], [-73.84993353296176, 40.77876912338124], [-73.84957155453695, 40.77919283670726], [-73.84963631633588, 40.77948192035176], [-73.85094705724252, 40.779069155430456], [-73.85148755480326, 40.77899297861777], [-73.84981720066014, 40.77963034805437], [-73.85235267881299, 40.779480672833536], [-73.85232086242218, 40.77916928470391], [-73.85238832778414, 40.77952890238709], [-73.84982102259761, 40.77965133930407], [-73.84955315550077, 40.77999041538419], [-73.85169028085423, 40.77986750847837], [-73.85167099162219, 40.7800352288783], [-73.84949381208321, 40.78006582811444], [-73.84988932081794, 40.781089134798556], [-73.85093646396534, 40.781119575156204], [-73.84988728063747, 40.7811215113171], [-73.84983660014265, 40.78159962491645], [-73.84918709418461, 40.7816418115497], [-73.84954774265991, 40.781841078343], [-73.8492525818285, 40.782264775014234], [-73.85028089657797, 40.78245956200985], [-73.85314993069177, 40.78232393627636], [-73.85331933850043, 40.78203460406866], [-73.85528242786589, 40.78197538435018], [-73.85545062834929, 40.7831430791385], [-73.85631107802644, 40.78338216671628], [-73.85667690893332, 40.78315008816231], [-73.85660286912328, 40.78289226124899], [-73.85664951090587, 40.78289231927662], [-73.85684129014666, 40.7833713634854], [-73.85808318103317, 40.783724078841864], [-73.85812502709221, 40.78418815181495], [-73.85783105450373, 40.78444208833962], [-73.85797685542525, 40.78467816456834], [-73.85852698593591, 40.78522893917478], [-73.85899156050911, 40.78520416914259], [-73.85905644466132, 40.78543181356241], [-73.85909453895707, 40.78543918586431], [-73.85903628973827, 40.78509272277971], [-73.8591104979856, 40.785442585201146], [-73.85952909197228, 40.785530560534234], [-73.8595236950597, 40.785561954252856], [-73.85899048805017, 40.785491599434884], [-73.85912461223712, 40.78585015966344], [-73.85858840508548, 40.78614814015405], [-73.85868283350074, 40.786531166475406], [-73.85812817158494, 40.787051561058476], [-73.85681133765485, 40.78667261369734], [-73.85620020315073, 40.787150099959234], [-73.8559586891305, 40.787675178773945], [-73.8534518446134, 40.78782611229905], [-73.85284230133867, 40.78821137174011], [-73.85438364788577, 40.78832012876322], [-73.85480194733184, 40.7886191547261], [-73.8544719407123, 40.79025897531973], [-73.85265830693045, 40.79110642061054], [-73.85377854910695, 40.79242127400722], [-73.85373351593732, 40.79393537509129], [-73.852766271984, 40.79438924782949], [-73.8526309825624, 40.79494485424493], [-73.85159077157229, 40.79408653158064], [-73.84906160835088, 40.793362610298715], [-73.8488489472309, 40.7935016856585], [-73.84907814795721, 40.794145384481084], [-73.8487837015379, 40.79454210222555], [-73.84887654563339, 40.79513404169145], [-73.84855988738981, 40.795495060218556], [-73.84624528406336, 40.796161950667255], [-73.8455916712241, 40.79601181902592], [-73.84528519601372, 40.795443390379354], [-73.8445991504444, 40.79491154987533], [-73.84354668938991, 40.79491394401068], [-73.84333760876113, 40.795021386960535], [-73.8433063238691, 40.79550093348911], [-73.84284865322397, 40.79521340167187], [-73.8432849719419, 40.79617439268523], [-73.8428087524122, 40.795418222413275], [-73.84225959368331, 40.79558496893756], [-73.8428667525936, 40.79692222907211], [-73.8421674734115, 40.795612940163785], [-73.84158721174394, 40.79540106922142], [-73.84129943545976, 40.796219669330156], [-73.84059982294625, 40.796806803210686], [-73.84013930364449, 40.796879187836254], [-73.84041517975831, 40.7976784372589], [-73.83920948324085, 40.797844314354116], [-73.8384291582917, 40.79837567115353], [-73.83787044050948, 40.798441908613384]]], [[[-73.8678840747076, 40.78736103669476], [-73.86813032000016, 40.78723277784438], [-73.8692349173292, 40.78596991495836], [-73.86809912257888, 40.78745866181859], [-73.8678840747076, 40.78736103669476]]]]}}, {"type": "Feature", "properties": {"LocationID": 54}, "geometry": {"type": "MultiPolygon", "coordinates": [[[[-74.00174362072502, 40.69240674985285], [-74.00400795971088, 40.69320819963255], [-74.0034621809253, 40.694057015074925], [-74.00127014951309, 40.69329606183711], [-74.00174362072502, 40.69240674985285]]], [[[-74.00174362072502, 40.69240674985285], [-73.99776924399993, 40.691194698000146], [-74.00329231299999, 40.67964328800012], [-74.00447389899988, 40.680993012000044], [-74.00596041099988, 40.68336287100013], [-74.00485241699997, 40.68566813100012], [-74.0071710969999, 40.68635701000011], [-74.00753083199993, 40.686074487000106], [-74.0077170754789, 40.686264429009384], [-74.00701988682643, 40.686526417194216], [-74.00588224183221, 40.68619576889379], [-74.00562986330395, 40.68678420604381], [-74.00783293766679, 40.68738505516295], [-74.00742012154092, 40.688206290436185], [-74.00500373315064, 40.68760598540108], [-74.00459270521766, 40.68821522298681], [-74.00678438439806, 40.68882687995844], [-74.00636461225261, 40.68966966863716], [-74.00382038919723, 40.688929644699456], [-74.00340921624516, 40.6896132611603], [-74.00575900670344, 40.69023640001634], [-74.0053420962491, 40.69109160297801], [-74.00196321992853, 40.690136379460924], [-74.00185304524615, 40.69038798674201], [-74.0009615685494, 40.690128768350235], [-74.00069905841875, 40.69061185841928], [-74.00479415294552, 40.69176162037463], [-74.00440941259976, 40.69252880038954], [-74.00196938526074, 40.69184320831772], [-74.00174362072502, 40.69240674985285]]], [[[-74.00816320571415, 40.68617364485865], [-74.01193259955522, 40.683887749077726], [-74.01217596614636, 40.68409518562868], [-74.00835328548824, 40.686400129472396], [-74.00816320571415, 40.68617364485865]]]]}}, {"type": "Feature", "properties": {"LocationID": 55}, "geometry": {"type": "Polygon", "coordinates": [[[-73.98710120299997, 40.58464459200009], [-73.98492730999999, 40.58459595300012], [-73.98482192899988, 40.584168523000116], [-73.97742525299988, 40.58290659300014], [-73.97461091899993, 40.583129876000115], [-73.96899979299997, 40.58406350300008], [-73.96781584999998, 40.58453905100011], [-73.96661531499983, 40.584571037000124], [-73.9688899589999, 40.575261239000056], [-73.96756707299996, 40.574881527000095], [-73.96471128899991, 40.57478261800003], [-73.95941778299985, 40.57517798300013], [-73.95939182223685, 40.573912109376316], [-73.96720294103956, 40.57332631739762], [-73.96742628474536, 40.572985108969384], [-73.96753149753678, 40.57319073288749], [-73.96839037828869, 40.57315444294029], [-73.96945126202378, 40.5728572803634], [-73.96924621215572, 40.57230407565473], [-73.96955895151744, 40.57280858046096], [-73.97085363074368, 40.572770515280034], [-73.9713504458748, 40.57259946004546], [-73.97118306355702, 40.57194189908436], [-73.97160706452378, 40.572628223920034], [-73.97249673747078, 40.5725762567476], [-73.9733450222981, 40.57232121400626], [-73.97324990115135, 40.57162668661185], [-73.97344805325683, 40.57227210696951], [-73.9737320997119, 40.57228692509421], [-73.9754708190279, 40.57196900381713], [-73.97540564094207, 40.57142104064075], [-73.97592552091535, 40.572018657437724], [-73.97730110158642, 40.57186238594659], [-73.97766384588131, 40.571729387799245], [-73.97767087523813, 40.571171020079206], [-73.97807599798213, 40.571229570128864], [-73.97771533072488, 40.571251913842445], [-73.97780796518646, 40.571756200726476], [-73.97845486511183, 40.57189220429942], [-73.979846944694, 40.57153931961038], [-73.97944328367615, 40.57122092594818], [-73.9803259222601, 40.57173770221877], [-73.9820407585251, 40.57148037052262], [-73.98157155423429, 40.571249988425], [-73.9819479404238, 40.57123700215763], [-73.98225580253013, 40.57156841828987], [-73.98367270153267, 40.57140705768756], [-73.98340440737672, 40.57016554451091], [-73.98304328883707, 40.570145860988234], [-73.98339168436635, 40.570094685019626], [-73.98336058039273, 40.56952999448687], [-73.9834852186614, 40.57008901506295], [-73.9838394948926, 40.57011246715818], [-73.98348842146662, 40.57015603054928], [-73.98375790448641, 40.57139622725107], [-73.98803716678532, 40.57098510876889], [-73.9886202548146, 40.57089605131428], [-73.98857772038879, 40.57069790950514], [-73.98872145848834, 40.57088369208281], [-73.99026267527424, 40.570708340117456], [-73.99077310323929, 40.57059942183803], [-73.99079264766938, 40.570248648755715], [-73.99086374684879, 40.570602016242525], [-73.99119337523611, 40.570611874968485], [-73.99272854897059, 40.570433788037604], [-73.99298098072161, 40.57019677330941], [-73.99315741886727, 40.570379789439016], [-73.99493763229952, 40.570354674512565], [-73.99518726085735, 40.5700218776333], [-73.99529301203255, 40.57032128271407], [-73.99576469677095, 40.570392962362654], [-73.99719493825835, 40.57034864904399], [-73.99736944882595, 40.57013730754305], [-73.99846777900147, 40.5704973969732], [-74.00106438634509, 40.57040154143565], [-74.002011670539, 40.570208758524394], [-74.00208547639728, 40.5695859839852], [-74.00248707737698, 40.571738388872625], [-74.00303186164808, 40.57218559475924], [-74.00666915632601, 40.57339364837553], [-74.01115668729254, 40.57416676185904], [-74.01201540191126, 40.57488505247436], [-74.01245951831017, 40.57668177066767], [-74.01302222952468, 40.577804459633704], [-74.01235035929233, 40.57922182165924], [-74.0111737229432, 40.58028397882543], [-74.00795830367427, 40.58167705008163], [-74.00604734235806, 40.58198365303601], [-74.00220582876804, 40.581365886020535], [-74.00001178264505, 40.581251836036415], [-73.9982194649592, 40.581474377214484], [-73.99793019307933, 40.581238173797495], [-73.99780862456937, 40.58059580091607], [-73.9918291279026, 40.57924708092898], [-73.99036206466565, 40.57942458012063], [-73.98899093556328, 40.57883509996902], [-73.98814208290418, 40.57886596371399], [-73.98739064388411, 40.57908698306381], [-73.98669539997061, 40.579814908132704], [-73.987021385777, 40.580022764875416], [-73.98588567394853, 40.58114442456501], [-73.98604509916208, 40.58172068515179], [-73.98694506928851, 40.58113642180575], [-73.98800973376738, 40.57967068715597], [-73.98995504960881, 40.58066166976582], [-73.98829948299982, 40.58346674700008], [-73.98654457099988, 40.58365859100015], [-73.98710120299997, 40.58464459200009]]]}}, {"type": "Feature", "properties": {"LocationID": 56}, "geometry": {"type": "Polygon", "coordinates": [[[-73.85442575299999, 40.748851726000076], [-73.85011556599989, 40.74072356300015], [-73.84780164699998, 40.74004967700007], [-73.84823627999982, 40.73929040100015], [-73.84777844199982, 40.73934483500009], [-73.84750820299992, 40.73900780700014], [-73.85187067499986, 40.73734292900015], [-73.85872465799989, 40.73570864400008], [-73.85886555799988, 40.73593913900007], [-73.86462193299995, 40.73428275700013], [-73.86582955999995, 40.73664322400012], [-73.86756253399983, 40.74094188900014], [-73.86749135099993, 40.74330204700012], [-73.86790963899986, 40.744933716000084], [-73.85442575299999, 40.748851726000076]]]}}, {"type": "Feature", "properties": {"LocationID": 57}, "geometry": {"type": "Polygon", "coordinates": [[[-73.85086439699991, 40.74999564200005], [-73.85442575299999, 40.748851726000076], [-73.855834956, 40.7515772720001], [-73.85455552299993, 40.75196191900011], [-73.85579909099987, 40.75440952800014], [-73.85312635499994, 40.75510934300007], [-73.8526172539999, 40.7534050650001], [-73.85086439699991, 40.74999564200005]]]}}, {"type": "Feature", "properties": {"LocationID": 58}, "geometry": {"type": "Polygon", "coordinates": [[[-73.81507165904237, 40.84913361979469], [-73.81590281420543, 40.84801312198448], [-73.81560451391982, 40.84765868316239], [-73.81597449927862, 40.84765242209684], [-73.81612862993478, 40.847388856120034], [-73.81602685114903, 40.84640045877023], [-73.81571903834562, 40.846293443498986], [-73.81545867615472, 40.846603028771725], [-73.8146272778874, 40.84714279476108], [-73.81464594697542, 40.84721961352922], [-73.81451106769596, 40.847106078026926], [-73.81570353189448, 40.84629134042403], [-73.81492265739294, 40.846483488692364], [-73.81368634738199, 40.84727432550924], [-73.81356372861671, 40.84715141127873], [-73.81490858203199, 40.84646876487917], [-73.8144235257982, 40.8461878250726], [-73.8150262760428, 40.8454999950586], [-73.81420573129112, 40.846010180888634], [-73.81399042132384, 40.845826919193975], [-73.81318865072497, 40.8462295364754], [-73.81403198219364, 40.84558929786809], [-73.81368589093518, 40.845659062255], [-73.81394279128921, 40.845511589111396], [-73.81363258232699, 40.84528076903156], [-73.8133590558502, 40.84584549933121], [-73.81328932692855, 40.84595102273183], [-73.81321295244251, 40.84592293984203], [-73.81361858267053, 40.84527504238871], [-73.81325997724689, 40.845233990458404], [-73.81284939958523, 40.84631879949841], [-73.81324326350918, 40.84523590835274], [-73.81310050626846, 40.84517241453347], [-73.8128770359758, 40.845134667946084], [-73.81315597044244, 40.84521210037652], [-73.81285536957633, 40.845186285461665], [-73.81241445328128, 40.846559380748936], [-73.81227790900483, 40.846543458279484], [-73.81284143551395, 40.84518017067759], [-73.81261378787293, 40.84510950786603], [-73.8128577433794, 40.84512954458932], [-73.81254457815619, 40.84497959800845], [-73.8118845884477, 40.84659496706141], [-73.8124362506067, 40.84673771207574], [-73.81169971823665, 40.84668170081382], [-73.81266141349049, 40.844207649501016], [-73.81271242301725, 40.84446653629661], [-73.81282121937906, 40.84425961554705], [-73.81276123529805, 40.844473304438324], [-73.81299120304948, 40.84452250755823], [-73.81264889336668, 40.844659467667555], [-73.81311795023566, 40.844787603569834], [-73.81264095809888, 40.84468166226052], [-73.81254909120709, 40.84495227514627], [-73.8136558066588, 40.845059122465884], [-73.81414462049185, 40.84481817326293], [-73.81369979287803, 40.84484845686358], [-73.81417097564206, 40.84463994715491], [-73.81355528835343, 40.84437910481055], [-73.81336991788451, 40.843800827878084], [-73.81417994348193, 40.84345309456489], [-73.81437458252545, 40.8430889259996], [-73.81502021835243, 40.843506285138766], [-73.81569792948075, 40.84438642811309], [-73.81600247039512, 40.84439761886089], [-73.81631110390217, 40.843979534121004], [-73.81750072974424, 40.84436744491056], [-73.81823722746202, 40.84435504171282], [-73.818190890506, 40.844113148000154], [-73.8176899451903, 40.84426849557103], [-73.81718704179603, 40.84391596441771], [-73.81662677325095, 40.84394489856042], [-73.81572300131998, 40.84253656598709], [-73.81517113664873, 40.842577161624035], [-73.81570207846407, 40.84251972168978], [-73.81541503896409, 40.842391327783595], [-73.81558492163327, 40.841841264603744], [-73.81526263397656, 40.84125983942317], [-73.81473345817533, 40.841375728310986], [-73.81523404887245, 40.841009641496726], [-73.81490477086118, 40.840559360144795], [-73.81480646696015, 40.839804367389206], [-73.81436596502486, 40.83986536376514], [-73.81479697880752, 40.83978795740703], [-73.81472319684482, 40.83958888660022], [-73.81431578800081, 40.83964952650969], [-73.81430900133682, 40.83962241637948], [-73.81471999083577, 40.839571879594764], [-73.81478277740266, 40.83907648795785], [-73.81626470640903, 40.83826365571733], [-73.8164789029114, 40.8376611593711], [-73.81606068217324, 40.83603019622862], [-73.82379383199985, 40.83430014700008], [-73.82463346500003, 40.833855808000116], [-73.82515883900005, 40.83461447200014], [-73.82601252600003, 40.834020778000045], [-73.82622087800003, 40.83435470800006], [-73.82560350399983, 40.8350301470001], [-73.82540482599977, 40.83565927500013], [-73.8258498599999, 40.837060867000076], [-73.82624132999996, 40.842993594000106], [-73.82517998999998, 40.84270005900007], [-73.82495697699986, 40.846105445000056], [-73.82048405599983, 40.84850102600014], [-73.82014043700003, 40.84802059900009], [-73.81630119199998, 40.84857217200012], [-73.81507165904237, 40.84913361979469]]]}}, {"type": "Feature", "properties": {"LocationID": 59}, "geometry": {"type": "Polygon", "coordinates": [[[-73.89666161699988, 40.84352460700011], [-73.88869040799986, 40.83915802600007], [-73.88813752199992, 40.8398620020001], [-73.88659802299989, 40.839279050000094], [-73.88730373200002, 40.83812719100014], [-73.88841187199996, 40.8385533910001], [-73.88874067899994, 40.837968459000095], [-73.89057363299983, 40.8369010480001], [-73.89385624299995, 40.8363951020001], [-73.89581850399996, 40.834897615000116], [-73.89697220299995, 40.834345254000084], [-73.9012157839999, 40.83541014100008], [-73.89666161699988, 40.84352460700011]]]}}, {"type": "Feature", "properties": {"LocationID": 60}, "geometry": {"type": "Polygon", "coordinates": [[[-73.880061996, 40.84016223500003], [-73.87277204699981, 40.83975128200015], [-73.87314714699997, 40.83826389900011], [-73.87379590199993, 40.8374451330001], [-73.87430028599992, 40.8372424420001], [-73.874908511, 40.83735961000019], [-73.87470145099985, 40.83716231100007], [-73.87482228199985, 40.83685948000005], [-73.87756524599996, 40.83581875200009], [-73.87925239499992, 40.8344247900001], [-73.88005188499987, 40.8347020590001], [-73.88390094800003, 40.82980281600006], [-73.8835201879999, 40.82926018100014], [-73.88438705399992, 40.826817284000164], [-73.88461335999997, 40.825276503000104], [-73.88465102199984, 40.82382289800012], [-73.8843985489999, 40.82296557600006], [-73.88753429599986, 40.82250933900014], [-73.88706248999988, 40.823190275000144], [-73.88647552899988, 40.82528542400011], [-73.88601262699991, 40.828238531000125], [-73.8876130789999, 40.8293374190001], [-73.8899110649999, 40.830124192000056], [-73.893360418, 40.83015253100015], [-73.894692052, 40.83061909400007], [-73.89717220999982, 40.830368833000165], [-73.8963019999999, 40.83354321800009], [-73.89697220299995, 40.834345254000084], [-73.89567172399995, 40.834995629000055], [-73.89408527499981, 40.8362973470001], [-73.8907397549999, 40.83682930900012], [-73.88874067899994, 40.837968459000095], [-73.88841187199996, 40.8385533910001], [-73.88730373200002, 40.83812719100014], [-73.88618432099992, 40.84010504400007], [-73.88464898099988, 40.839174633000084], [-73.88412724499999, 40.839355919000134], [-73.88274769899992, 40.838592341000094], [-73.88200384100001, 40.83744378200009], [-73.88054735399987, 40.83919811100009], [-73.880061996, 40.84016223500003]]]}}, {"type": "Feature", "properties": {"LocationID": 61}, "geometry": {"type": "Polygon", "coordinates": [[[-73.92916130699992, 40.68343632400011], [-73.92900883999985, 40.682702905000106], [-73.92281374299995, 40.683414430000106], [-73.92197287199998, 40.679078470000064], [-73.92164666399992, 40.67886992300013], [-73.92275257199998, 40.66709733300008], [-73.92872204599985, 40.66449556900009], [-73.92868404399991, 40.66508602300014], [-73.93698362399992, 40.665535508000154], [-73.93674946999998, 40.66812737100011], [-73.94781857499984, 40.66878375400009], [-73.9477299629999, 40.66971344200011], [-73.95526963699997, 40.670124905000094], [-73.96131877999991, 40.67140667600008], [-73.96007428300001, 40.67487807100015], [-73.96318238899983, 40.675529504000075], [-73.96134655899994, 40.68046352400009], [-73.95529361599996, 40.67920315100004], [-73.95543681599985, 40.67995785500012], [-73.95328187399996, 40.68020003100004], [-73.9533701749999, 40.6806405080001], [-73.93435066499993, 40.67956340800011], [-73.93500821699992, 40.68276376800005], [-73.92916130699992, 40.68343632400011]]]}}, {"type": "Feature", "properties": {"LocationID": 62}, "geometry": {"type": "Polygon", "coordinates": [[[-73.92872204599985, 40.66449556900009], [-73.93068465499985, 40.66362047700013], [-73.94282892199992, 40.662847486000096], [-73.94269628999989, 40.66405512900015], [-73.94546293699983, 40.66422610400007], [-73.95720935499996, 40.66351739700011], [-73.95729172699991, 40.66430263300005], [-73.95787061899992, 40.66427335800013], [-73.96033682899981, 40.66410869800015], [-73.96061544799986, 40.66330275000012], [-73.96095595499996, 40.66328505500011], [-73.96258784899996, 40.67171159700008], [-73.95526963699997, 40.670124905000094], [-73.9477299629999, 40.66971344200011], [-73.94781857499984, 40.66878375400009], [-73.93674946999998, 40.66812737100011], [-73.93698362399992, 40.665535508000154], [-73.92868404499993, 40.66508602300011], [-73.92872204599985, 40.66449556900009]]]}}, {"type": "Feature", "properties": {"LocationID": 63}, "geometry": {"type": "Polygon", "coordinates": [[[-73.86868454299989, 40.6940346920001], [-73.86602666799992, 40.68191805200013], [-73.86410096700003, 40.682372850000085], [-73.86328640800004, 40.67907719700004], [-73.86234580499983, 40.67916478600013], [-73.86106294999989, 40.67434293500005], [-73.86176409699985, 40.67423226000008], [-73.87231018000001, 40.677755747000084], [-73.87304845699995, 40.67819410700009], [-73.87420866699985, 40.679576340000075], [-73.87531627599998, 40.68011098400009], [-73.87688955199985, 40.680164997000134], [-73.88061377799993, 40.679110032000075], [-73.88116730300004, 40.68135366300007], [-73.88489254699988, 40.68081111600003], [-73.88467046600006, 40.67994028500009], [-73.88987439199998, 40.678302150000064], [-73.89621773699986, 40.6773581840001], [-73.8965367649999, 40.678593581000065], [-73.9000462609999, 40.67689309000014], [-73.90404639799989, 40.67922059800007], [-73.9026226229999, 40.68066450300009], [-73.90047001100002, 40.67953524400012], [-73.89889928299989, 40.67956093400013], [-73.89786299899986, 40.67987501100007], [-73.89697886299997, 40.6806703270001], [-73.89599727299998, 40.68319687900006], [-73.89417463299992, 40.6852832480001], [-73.89252316799995, 40.683424533000064], [-73.89015418699982, 40.68500399000007], [-73.88962787599998, 40.68423645400009], [-73.88808341799984, 40.68529363200003], [-73.88452250999984, 40.68668474900007], [-73.88377698600002, 40.68786341100011], [-73.87950641199996, 40.69114676900007], [-73.87402053199992, 40.694191295000145], [-73.86891704399994, 40.69515042300006], [-73.8684248969999, 40.694718119000115], [-73.86868454299989, 40.6940346920001]]]}}, {"type": "Feature", "properties": {"LocationID": 64}, "geometry": {"type": "Polygon", "coordinates": [[[-73.75080593606877, 40.78289337883415], [-73.74007973985933, 40.7762087951983], [-73.73937598893414, 40.77601366983511], [-73.72356002293202, 40.76612876183426], [-73.72305924186259, 40.766144406157245], [-73.722484384059, 40.765527210178064], [-73.72114272775374, 40.76487260693423], [-73.71351828186042, 40.759837730916374], [-73.71612528199985, 40.75966071400011], [-73.71767237099996, 40.759311212000085], [-73.72031595299998, 40.757897258000135], [-73.72145870299994, 40.75665808100013], [-73.72241094799992, 40.754920189000124], [-73.72326673499998, 40.75394759900014], [-73.7264147219999, 40.75191587800006], [-73.72771356199995, 40.75062689500009], [-73.72906670999978, 40.74739095900008], [-73.7310646189999, 40.74488837600008], [-73.7343696589998, 40.742351599000095], [-73.73857175899998, 40.74009212300012], [-73.74016951799993, 40.738481898000074], [-73.74128113899988, 40.73878869200015], [-73.74306820799991, 40.73844081800008], [-73.74360280299992, 40.73901260900012], [-73.74396193599988, 40.74078912600012], [-73.74996804299987, 40.739745753000165], [-73.75098230100001, 40.74002146300009], [-73.75138967499991, 40.74019416000007], [-73.75347299999997, 40.742404844000134], [-73.74887697299994, 40.74328837500015], [-73.74567621100002, 40.7430272990001], [-73.74477587099986, 40.74328109700013], [-73.74625984399985, 40.746711475000126], [-73.74384322099985, 40.74769009600007], [-73.74577948799998, 40.75156080500012], [-73.7470988539999, 40.75234682900009], [-73.74774116499985, 40.7538499450001], [-73.74711113899991, 40.75417328600011], [-73.74809587899985, 40.755899550000066], [-73.75004764499985, 40.75840465800016], [-73.75057710699984, 40.7580148950001], [-73.75115582999983, 40.75906976900008], [-73.75230259399993, 40.75945519900012], [-73.75320997199995, 40.7582448730001], [-73.75404744899984, 40.758512386000135], [-73.75511648399994, 40.758479498000106], [-73.7555734369999, 40.75828095200008], [-73.75583713299987, 40.75774206200013], [-73.75682062199996, 40.75973480600003], [-73.75800131799996, 40.760379867000076], [-73.75848075099995, 40.761994737000116], [-73.75802364199994, 40.76211096100016], [-73.75784858699993, 40.76256680000012], [-73.75844568799998, 40.76368153000008], [-73.75844672099987, 40.76411514600006], [-73.75886431399988, 40.76327454100013], [-73.75921689799992, 40.76432485600008], [-73.75567226899989, 40.76469114900005], [-73.75377036482259, 40.76530463174163], [-73.75340994726432, 40.764692659656774], [-73.75219261536506, 40.763830418515255], [-73.75107432252548, 40.76176367133642], [-73.74861225072561, 40.76092780307618], [-73.74753513475062, 40.759857196187504], [-73.74655981867929, 40.75933914768861], [-73.74628904491358, 40.75905924481771], [-73.74642482955997, 40.758209665280056], [-73.74626136313661, 40.757774541449294], [-73.74610334252881, 40.757679382258615], [-73.74577582220617, 40.75784863663238], [-73.74463599057209, 40.75689117586726], [-73.74455864030777, 40.75655788583272], [-73.74458195244759, 40.75692266030149], [-73.74486618338649, 40.757204304879174], [-73.74575984954205, 40.75791351710884], [-73.74604668174588, 40.75780994286948], [-73.74631196705487, 40.758054814022955], [-73.74616224371887, 40.7590247992771], [-73.74815865904617, 40.760726377280406], [-73.74837456439464, 40.76155878963098], [-73.74936203349068, 40.76184452034044], [-73.74917394462378, 40.76137774482811], [-73.750570493653, 40.7619154748217], [-73.751420487896, 40.762761694367], [-73.7516952345571, 40.76365182736891], [-73.75304571089994, 40.7648172274353], [-73.75507210849031, 40.76753310678762], [-73.75485915829324, 40.768404252958604], [-73.7543938826934, 40.76875346274883], [-73.75471391687849, 40.76879514389771], [-73.75470593650574, 40.769741522945445], [-73.75533279459194, 40.77099815465341], [-73.75553498728895, 40.77098552649457], [-73.75534216255899, 40.77102215324654], [-73.7555733264932, 40.77152912592288], [-73.75438074757537, 40.772041271642394], [-73.75357000906136, 40.77269461612944], [-73.75336691999293, 40.773207847763544], [-73.75424149999385, 40.77526683036547], [-73.75518575394315, 40.77649807083039], [-73.75486088379957, 40.77688847260661], [-73.75481322893425, 40.77761903230579], [-73.75551781604716, 40.777584144020125], [-73.75551737581792, 40.77770404836437], [-73.75455791105837, 40.77777659066448], [-73.75412964083071, 40.7793841432378], [-73.75300812549725, 40.780866075188705], [-73.75299839296423, 40.78128948952231], [-73.75080593606877, 40.78289337883415]]]}}, {"type": "Feature", "properties": {"LocationID": 65}, "geometry": {"type": "Polygon", "coordinates": [[[-73.99093201799984, 40.7007662160001], [-73.98679382899992, 40.70063322300012], [-73.98696892299994, 40.698503614000145], [-73.98305147099988, 40.698377934000106], [-73.98311793999989, 40.697542043000134], [-73.98050926199988, 40.69744627500009], [-73.98013518099992, 40.69469801700016], [-73.97916718399999, 40.69348832300012], [-73.98251122999989, 40.69361433400013], [-73.98253983699992, 40.69300261600014], [-73.9817588899999, 40.69295517300009], [-73.98178907299996, 40.69164486800011], [-73.98213180199994, 40.691227237000085], [-73.98147568199991, 40.68993094400006], [-73.98372011099993, 40.69000671900012], [-73.98947238599989, 40.692295494000135], [-73.99097186899994, 40.69254880000013], [-73.99044474099998, 40.69382825100009], [-73.99128413800005, 40.69658821000012], [-73.99142289799993, 40.69778099300007], [-73.99135360999992, 40.69896498100012], [-73.99082272099989, 40.70035475400009], [-73.99093201799984, 40.7007662160001]]]}}, {"type": "Feature", "properties": {"LocationID": 66}, "geometry": {"type": "Polygon", "coordinates": [[[-73.97906084869959, 40.7059460290059], [-73.97932762499988, 40.704746276000094], [-73.98022432, 40.703063324000084], [-73.98074079499993, 40.70127731000017], [-73.98040482499984, 40.700699006000114], [-73.98050926199988, 40.69744627500009], [-73.983117941, 40.697542043000105], [-73.98305147099988, 40.698377934000106], [-73.98696892299994, 40.698503614000145], [-73.98679382799996, 40.700633223000146], [-73.99093201799984, 40.7007662160001], [-73.99286016199979, 40.70220276700011], [-73.99544564312069, 40.703275305472005], [-73.99529346700928, 40.70355406589814], [-73.99480038274874, 40.70329195814219], [-73.99466290343602, 40.70343060805675], [-73.99502925916443, 40.70380820086822], [-73.99471424235146, 40.7039966890611], [-73.99477614353454, 40.70424586105263], [-73.99350881403605, 40.70462350527416], [-73.99212703535072, 40.7046896420337], [-73.99186159189317, 40.70408664210452], [-73.99094755350794, 40.704032442139386], [-73.99022721196006, 40.70493404448729], [-73.98830332208532, 40.704540468955244], [-73.98828999111284, 40.70507065950038], [-73.98795676491503, 40.70513421741267], [-73.98652973012088, 40.70497909917396], [-73.98643429826662, 40.70534860741972], [-73.98343806260941, 40.705644094924054], [-73.98336819889046, 40.70546106503841], [-73.98092510305972, 40.705369255100436], [-73.98090634668807, 40.7059060592104], [-73.97956222047333, 40.705738873967064], [-73.97906084869959, 40.7059460290059]]]}}, {"type": "Feature", "properties": {"LocationID": 67}, "geometry": {"type": "Polygon", "coordinates": [[[-74.01514630699995, 40.63322193800012], [-74.01000340799995, 40.63011308900011], [-74.00702302499997, 40.63210999500014], [-74.00193011399998, 40.62903276700009], [-74.00251454799997, 40.628474210000064], [-73.99724067099987, 40.62528868700013], [-73.99771358999998, 40.623680270000165], [-73.99932090299998, 40.624655247000135], [-74.01701910199995, 40.607654417000134], [-74.01549854999998, 40.60684152400012], [-74.01869135699988, 40.60360792400015], [-74.02129949199998, 40.60442832300007], [-74.02078540899996, 40.605673686000095], [-74.02247769499994, 40.606674216000066], [-74.02150602899994, 40.60782209900012], [-74.02430437599996, 40.60945697000011], [-74.0245785549999, 40.61022330200012], [-74.02478376299999, 40.60969962900004], [-74.02710660599995, 40.610243956000105], [-74.02637609099996, 40.61245060300013], [-74.02754297299998, 40.61293718300008], [-74.02525327199992, 40.61667845800015], [-74.020086673, 40.622420952000056], [-74.01970491599991, 40.62218496500011], [-74.01514630699995, 40.63322193800012]]]}}, {"type": "Feature", "properties": {"LocationID": 68}, "geometry": {"type": "Polygon", "coordinates": [[[-73.99163271299996, 40.75470680500015], [-74.00252381399994, 40.73975264400009], [-74.00820401899988, 40.74214751800005], [-73.99730671499998, 40.75711050700009], [-73.99163271299996, 40.75470680500015]]]}}, {"type": "Feature", "properties": {"LocationID": 69}, "geometry": {"type": "Polygon", "coordinates": [[[-73.91179361999995, 40.82642815600009], [-73.91130974499993, 40.824848558000085], [-73.91316674499997, 40.82545645500008], [-73.91351191699981, 40.824804944000114], [-73.91475121099991, 40.825200473000116], [-73.91541108199998, 40.82577390900011], [-73.91661368499985, 40.824992308000105], [-73.91608782899984, 40.82483785200007], [-73.92265261199995, 40.82049431500012], [-73.92518486499998, 40.81801266900008], [-73.92731653099999, 40.818559634000096], [-73.92634345699997, 40.82057855200007], [-73.92565452999989, 40.82112523300003], [-73.92499654899987, 40.822202701000116], [-73.92431310200004, 40.8239940980001], [-73.91986089399985, 40.83194722700012], [-73.91371372699993, 40.838808935000095], [-73.91296000899999, 40.84019622900013], [-73.91193751499992, 40.84320238800011], [-73.91043026399994, 40.843107730000085], [-73.91046008499987, 40.84279164300006], [-73.90514893999988, 40.84254719500015], [-73.90519207999992, 40.84070758200011], [-73.90560739499988, 40.839843619000085], [-73.90538358099985, 40.83976898300009], [-73.91049010699992, 40.830737373000076], [-73.908959903, 40.83022623300009], [-73.91030770399989, 40.828772485000094], [-73.91169430299983, 40.82775871600012], [-73.91179361999995, 40.82642815600009]]]}}, {"type": "Feature", "properties": {"LocationID": 70}, "geometry": {"type": "Polygon", "coordinates": [[[-73.85912375899987, 40.761275499000135], [-73.85603980899994, 40.75972578700005], [-73.85449593299987, 40.75827863900004], [-73.86567436999994, 40.757629583000075], [-73.87513874300004, 40.7566338160001], [-73.87601371899996, 40.761443732000096], [-73.87499575099986, 40.761264322000116], [-73.87638792400001, 40.76899955800015], [-73.87601415599995, 40.769816976000165], [-73.87608949699984, 40.77153690300007], [-73.87380524599989, 40.77176797800007], [-73.87143357299982, 40.771576467000074], [-73.86962970499988, 40.771006366000115], [-73.868098735, 40.770172009000134], [-73.86606875999985, 40.76879618200015], [-73.86340214900001, 40.766455512000086], [-73.85912375899987, 40.761275499000135]]]}}, {"type": "Feature", "properties": {"LocationID": 71}, "geometry": {"type": "Polygon", "coordinates": [[[-73.931907438, 40.656537653000115], [-73.9313911669999, 40.651689608000105], [-73.93038144399998, 40.65173405400005], [-73.92910623099985, 40.63979510600012], [-73.92574389399985, 40.640014466000046], [-73.92652490899992, 40.636492723000075], [-73.92744822299986, 40.63525841000007], [-73.9372670019998, 40.634650625000084], [-73.93701746200003, 40.63231097900011], [-73.94462885499995, 40.63183773500012], [-73.94537272499997, 40.638786955000064], [-73.94826499699982, 40.63860719000013], [-73.94841343400003, 40.63998746400014], [-73.94744296799982, 40.6400476650001], [-73.94778994699976, 40.64330573600011], [-73.94586879199989, 40.64342374400008], [-73.94667414499983, 40.65094811900014], [-73.94570606199984, 40.65100678400009], [-73.94606690599983, 40.6544102620001], [-73.94703257599998, 40.654338714000076], [-73.94715896299984, 40.655593787000115], [-73.931907438, 40.656537653000115]]]}}, {"type": "Feature", "properties": {"LocationID": 72}, "geometry": {"type": "Polygon", "coordinates": [[[-73.92637970499992, 40.6655148920001], [-73.92008167099986, 40.65985763300008], [-73.91974399499988, 40.66077097300007], [-73.9195947979998, 40.66199567900004], [-73.91860168199995, 40.661118049000045], [-73.91829936299985, 40.66116125700005], [-73.91818493100003, 40.66072620900016], [-73.91236458899995, 40.65551356500004], [-73.91012255699995, 40.65585177100014], [-73.90933499299997, 40.652808592000085], [-73.90855790499995, 40.65209593800009], [-73.91995062999999, 40.64470763000009], [-73.91973736999986, 40.642778148000076], [-73.92332654599986, 40.63990021600011], [-73.92356525899983, 40.64249929800009], [-73.92538233099985, 40.642384532000065], [-73.92574389499987, 40.64001446600003], [-73.92910623199991, 40.63979510600009], [-73.93038144299994, 40.65173405400007], [-73.9313911669999, 40.651689608000105], [-73.93190743899989, 40.65653765300015], [-73.92799465199988, 40.656802101000075], [-73.92834017599986, 40.660060036000075], [-73.92819257899993, 40.660177174000104], [-73.92725505399994, 40.65933756400007], [-73.92646424299983, 40.65981436200015], [-73.93068465499985, 40.66362047700013], [-73.92637970499992, 40.6655148920001]]]}}, {"type": "Feature", "properties": {"LocationID": 73}, "geometry": {"type": "Polygon", "coordinates": [[[-73.7947190109999, 40.7506476170001], [-73.79729524799988, 40.74943505300013], [-73.79472264899997, 40.74759933000009], [-73.7946756879998, 40.74721192800015], [-73.8033521419999, 40.74643196500006], [-73.80276629299996, 40.748122145000075], [-73.80287666499987, 40.749765149000055], [-73.80750599299991, 40.750136587000135], [-73.81416172099998, 40.74613858000004], [-73.820849288, 40.752241545000096], [-73.8184078289999, 40.75383042200017], [-73.82030067699999, 40.75551498000012], [-73.81789245699991, 40.7570863380001], [-73.82063593299985, 40.758872268000076], [-73.81104963199984, 40.761417021000156], [-73.79940088899988, 40.75939721900013], [-73.79493246199993, 40.75779803000013], [-73.79457726999995, 40.7535630110001], [-73.7947190109999, 40.7506476170001]]]}}, {"type": "Feature", "properties": {"LocationID": 74}, "geometry": {"type": "MultiPolygon", "coordinates": [[[[-73.93380589881859, 40.81651249324727], [-73.93434080971474, 40.80992758274975], [-73.93412073484292, 40.80865645197761], [-73.93356119311476, 40.80760067738685], [-73.93030641012538, 40.80378803563408], [-73.92903490240303, 40.801080903852146], [-73.9290364017962, 40.796762594101494], [-73.92927936741167, 40.79585313952084], [-73.93006881035544, 40.79470082860563], [-73.93505300002766, 40.79168720295466], [-73.9377361209998, 40.79281580400014], [-73.93864883299987, 40.79155775500007], [-73.94327251199996, 40.793488103000136], [-73.94187604699994, 40.79540586900005], [-73.94831125500004, 40.79812921800011], [-73.94459751299998, 40.8032281450001], [-73.94613131, 40.803877358000115], [-73.94430194599991, 40.8063908250001], [-73.94275367199994, 40.80574401300006], [-73.9417714019999, 40.80708900000015], [-73.93854407899988, 40.8057296530001], [-73.93580780199986, 40.809497638000074], [-73.93901753299998, 40.81085655700011], [-73.93407463999996, 40.81782651400011], [-73.93440039999986, 40.81966778300009], [-73.93383089287107, 40.81952106376175], [-73.93380589881859, 40.81651249324727]]], [[[-73.92688606022001, 40.80084064836904], [-73.9265095488364, 40.80065703126243], [-73.92704640297914, 40.800651743031516], [-73.92688606022001, 40.80084064836904]]], [[[-73.92716933022471, 40.800405853696326], [-73.92669572614771, 40.80014697707643], [-73.9272477078927, 40.800392957369105], [-73.92711464230625, 40.80056375622977], [-73.92716933022471, 40.800405853696326]]], [[[-73.92672091168967, 40.800414210943785], [-73.92653846445016, 40.80033389815413], [-73.92674263892977, 40.800403498972955], [-73.92672091168967, 40.800414210943785]]], [[[-73.92718514789182, 40.79734989689031], [-73.92767122620857, 40.79721701426644], [-73.92770694127063, 40.797298663882316], [-73.92738263624496, 40.797377063580655], [-73.92718514789182, 40.79734989689031]]]]}}, {"type": "Feature", "properties": {"LocationID": 75}, "geometry": {"type": "Polygon", "coordinates": [[[-73.94327251199996, 40.793488103000136], [-73.93864883299987, 40.79155775500007], [-73.9377361209998, 40.79281580400014], [-73.93505300002766, 40.79168720295466], [-73.93583106788897, 40.791094704870424], [-73.93708104382307, 40.789366395710196], [-73.93614073314119, 40.78894907341068], [-73.93621859869943, 40.78880049757449], [-73.93714965461099, 40.78916844905961], [-73.93811570089733, 40.78718476275664], [-73.9398261969646, 40.78525655241566], [-73.94246970444752, 40.78389646094726], [-73.94354420706223, 40.78288052416277], [-73.9557773589999, 40.787913924000144], [-73.94831125500004, 40.79812921800011], [-73.94187604699994, 40.79540586900005], [-73.94327251199996, 40.793488103000136]]]}}, {"type": "Feature", "properties": {"LocationID": 76}, "geometry": {"type": "Polygon", "coordinates": [[[-73.88063900599983, 40.679176985000055], [-73.87688955199985, 40.680164997000134], [-73.87507136399991, 40.68003514600011], [-73.87420866699985, 40.679576340000075], [-73.87304845699995, 40.67819410700009], [-73.87231018000001, 40.677755747000084], [-73.86176409699988, 40.67423226100012], [-73.86106294999989, 40.67434293500005], [-73.86038937900001, 40.67126877500005], [-73.85763323199998, 40.67165619400005], [-73.85568461199988, 40.66386749200013], [-73.85842950899992, 40.66345336000006], [-73.85761052799985, 40.66010835600011], [-73.8603597819999, 40.65964582900012], [-73.86317083299996, 40.65827651200013], [-73.86269778299766, 40.657618309006345], [-73.86327623068586, 40.656941215328295], [-73.86300171715261, 40.656653757370385], [-73.86299398147607, 40.656365390011224], [-73.86319823700312, 40.656339427720134], [-73.8626411734316, 40.6556675370079], [-73.86098917376945, 40.65520976705275], [-73.85975533686633, 40.65410417609513], [-73.85898002989568, 40.65267545791791], [-73.85695870295892, 40.65058737348732], [-73.8575242937435, 40.649996190231555], [-73.85783469416334, 40.64830233828785], [-73.85840315341014, 40.64700390123756], [-73.85822357642378, 40.64606860173798], [-73.85729227598536, 40.644530580005885], [-73.85716978298206, 40.64367855888616], [-73.85894097564287, 40.64321703625298], [-73.86201301027748, 40.64288704102025], [-73.86289463224384, 40.64255067968264], [-73.86531173665126, 40.64075119144406], [-73.86670411973783, 40.64002176349569], [-73.86535389969112, 40.63895129367598], [-73.86563247391334, 40.638786763623116], [-73.86681528201245, 40.639963527666985], [-73.86732291072707, 40.63987198395303], [-73.86867282895082, 40.640925079203555], [-73.86991239339439, 40.64327820299375], [-73.87001708273587, 40.64407137240563], [-73.87061492461066, 40.64485674188693], [-73.87119172949637, 40.64530535631268], [-73.87257043102892, 40.64557561235986], [-73.87921658230903, 40.65459108377317], [-73.87971979034292, 40.654375929776556], [-73.87318593330937, 40.645445013361766], [-73.87344344510424, 40.64467191424093], [-73.87327031255236, 40.6439032143451], [-73.87297320732566, 40.6438392310655], [-73.87084503422264, 40.64055662018343], [-73.87008544224433, 40.63984418136645], [-73.86989583386247, 40.63893452891974], [-73.86799709668125, 40.638115265209784], [-73.86960972136559, 40.637085534608914], [-73.8692084611063, 40.6374658092612], [-73.86955902490303, 40.6379474843277], [-73.87123896014546, 40.63732262182719], [-73.87255337118395, 40.63649336505656], [-73.87347939154502, 40.636285545798984], [-73.87515014178462, 40.63704970431319], [-73.87715863327793, 40.63867132408152], [-73.87841589406925, 40.638912189353505], [-73.8761993309999, 40.64325717300008], [-73.8745808109999, 40.645610106000134], [-73.87610398000004, 40.64621478900011], [-73.88221364899994, 40.654518638000155], [-73.89000589199988, 40.65114869700013], [-73.89136543599976, 40.652364719000076], [-73.89354677099988, 40.65520271400007], [-73.89761013299987, 40.65345381600011], [-73.895861549, 40.651880527000074], [-73.90398200599991, 40.646628568000075], [-73.90944846399994, 40.65152159900011], [-73.90740035699999, 40.65284399000009], [-73.90784346399994, 40.654591530000076], [-73.90317858399993, 40.6553116340001], [-73.9003948669999, 40.657184205000135], [-73.89612587299993, 40.65781466400013], [-73.8961675609999, 40.65797845200012], [-73.88185557299985, 40.66414998800014], [-73.88330883399975, 40.66611200500008], [-73.88810817399994, 40.664047412000095], [-73.889906696, 40.663778290000046], [-73.89069385399985, 40.66685223400011], [-73.88976988599985, 40.6669899150001], [-73.89087805100002, 40.67131808700007], [-73.89271090700004, 40.67104582800011], [-73.89367036399987, 40.674821771000076], [-73.89930675399987, 40.67398204200013], [-73.90004626199993, 40.67689309000016], [-73.8965367649999, 40.678593581000065], [-73.89621773699986, 40.6773581840001], [-73.88987439199998, 40.678302150000064], [-73.88467046600006, 40.67994028500009], [-73.88489254699988, 40.68081111600003], [-73.88116730300004, 40.68135366300007], [-73.88063900599983, 40.679176985000055]]]}}, {"type": "Feature", "properties": {"LocationID": 77}, "geometry": {"type": "Polygon", "coordinates": [[[-73.90004626199993, 40.67689309000016], [-73.89930675399987, 40.67398204200013], [-73.89367036399987, 40.674821771000076], [-73.89271090699992, 40.67104582900013], [-73.89087805100002, 40.67131808700007], [-73.88976988599985, 40.6669899150001], [-73.89069385399985, 40.66685223400011], [-73.889906696, 40.663778290000046], [-73.88810817399994, 40.664047412000095], [-73.88330883399975, 40.66611200500008], [-73.88185557299985, 40.66414998800014], [-73.8961675609999, 40.65797845200012], [-73.89612587399984, 40.657814664000114], [-73.89880698499995, 40.65740666200008], [-73.89965233299985, 40.66073541600014], [-73.90066118699986, 40.66058615800012], [-73.90145114700002, 40.663658365000146], [-73.90041654099997, 40.66380652700014], [-73.90347422300006, 40.675506683000066], [-73.90004626199993, 40.67689309000016]]]}}, {"type": "Feature", "properties": {"LocationID": 78}, "geometry": {"type": "Polygon", "coordinates": [[[-73.88960978099986, 40.853621880000155], [-73.88993961599995, 40.85259076300011], [-73.88987871399985, 40.85207022100012], [-73.88823974099995, 40.85103536600013], [-73.88751770499984, 40.85094946800009], [-73.88276104799992, 40.84805784600009], [-73.88284445599996, 40.847817226000146], [-73.87732924099988, 40.84398312500014], [-73.878171756, 40.842624437000055], [-73.87459175399982, 40.84152064800011], [-73.87399295499982, 40.84256150600013], [-73.87109207899995, 40.84432478100011], [-73.86889243299994, 40.8481123220001], [-73.86941402699996, 40.848788025000054], [-73.86920944599997, 40.84923837200011], [-73.86785992999984, 40.848864931000065], [-73.86835465899983, 40.84708023300012], [-73.86892652699994, 40.84688174100014], [-73.86863721699987, 40.845309843000095], [-73.86804200399997, 40.84481383900008], [-73.87099518100001, 40.843111392000125], [-73.87359713599987, 40.83979855500012], [-73.880061996, 40.84016223500003], [-73.88054735399987, 40.83919811100009], [-73.88200384100001, 40.83744378200009], [-73.88274769899992, 40.838592341000094], [-73.88412724499999, 40.839355919000134], [-73.88464898099988, 40.839174633000084], [-73.88618432099993, 40.84010504500009], [-73.88659802299989, 40.839279050000094], [-73.88813752199992, 40.8398620020001], [-73.88869040799986, 40.83915802600007], [-73.88941724899988, 40.839422734000046], [-73.89537836099996, 40.84293877900015], [-73.89290102299995, 40.84626833000011], [-73.89617712999998, 40.84665832100009], [-73.89407258999995, 40.85071318900011], [-73.89478764999993, 40.85108166700008], [-73.89307140900002, 40.85324998700008], [-73.89216687399981, 40.85276946200009], [-73.89038953999983, 40.854689058000154], [-73.88960978099986, 40.853621880000155]]]}}, {"type": "Feature", "properties": {"LocationID": 79}, "geometry": {"type": "Polygon", "coordinates": [[[-73.98377990999991, 40.72153595400011], [-73.99260322199994, 40.724136450000074], [-73.99050558599988, 40.73056495700015], [-73.98986852099996, 40.73352711500011], [-73.98990295999991, 40.7344347900001], [-73.97802697999985, 40.72943306000019], [-73.98377990999991, 40.72153595400011]]]}}, {"type": "Feature", "properties": {"LocationID": 80}, "geometry": {"type": "Polygon", "coordinates": [[[-73.93226852175046, 40.72817465801583], [-73.92958020690885, 40.72761282070886], [-73.92849418540158, 40.726614603308064], [-73.92787172405019, 40.72585405119783], [-73.92779650104072, 40.72492566921639], [-73.92561470516611, 40.72006166221265], [-73.92481798943687, 40.720265137475536], [-73.92453854985803, 40.71934258020477], [-73.92493181378975, 40.71840582874962], [-73.92837930101507, 40.717578367290315], [-73.92887965179995, 40.71772031862376], [-73.92970539915328, 40.71704927938937], [-73.92931999766078, 40.716112008832845], [-73.92947356921455, 40.71572145262133], [-73.93220607307306, 40.71496398092956], [-73.93213686921216, 40.71467904647492], [-73.93175357182274, 40.71474167550588], [-73.93124067059496, 40.713724810884884], [-73.93164527391656, 40.71334279375836], [-73.9326390524247, 40.713052586169546], [-73.93203262980515, 40.71159022307447], [-73.93338484615303, 40.711233727745864], [-73.93328349320237, 40.71097870745808], [-73.9319010192085, 40.71133847142847], [-73.93093227547743, 40.709165311254274], [-73.9303609456579, 40.708717738535405], [-73.93025038849073, 40.708927912920174], [-73.93154613746852, 40.711855351751204], [-73.93077894737037, 40.712160427955624], [-73.93161032734847, 40.712038023183226], [-73.93184868877432, 40.71256477418346], [-73.93042294313065, 40.713172558671246], [-73.93105231901723, 40.714610223923536], [-73.93085190134036, 40.71490298559297], [-73.92843881814578, 40.71553094957594], [-73.92890601265002, 40.71661895731227], [-73.92827145107027, 40.71708972883232], [-73.92460339476072, 40.71795330607357], [-73.92358786233967, 40.717271580637025], [-73.92305500014334, 40.71634266479355], [-73.92431329961565, 40.71584705657693], [-73.92488553507611, 40.71526718765279], [-73.92433589757124, 40.71412259346667], [-73.92223294699991, 40.712854425000096], [-73.92168663599989, 40.711894317000066], [-73.92154601699998, 40.71104328400004], [-73.92074519699985, 40.71052968600009], [-73.92189184699987, 40.709396096000035], [-73.93229708600003, 40.7077494470001], [-73.93480281900003, 40.7133724960001], [-73.94068803099992, 40.71196204800005], [-73.94042251999994, 40.71121764800013], [-73.94378799599994, 40.71090037900014], [-73.94273448399997, 40.7044733060001], [-73.94103009799993, 40.70463617700015], [-73.9408928719998, 40.703914157000085], [-73.94042057899993, 40.70107659800006], [-73.94193078899983, 40.70072523400009], [-73.95023693799996, 40.705473246000075], [-73.95087492699996, 40.709513115000114], [-73.94865533499987, 40.70972498300007], [-73.94937231899985, 40.71406687800007], [-73.95348472199983, 40.71407020800007], [-73.95004619199985, 40.71680522800012], [-73.93765314599989, 40.72426555500007], [-73.93226852175046, 40.72817465801583]]]}}, {"type": "Feature", "properties": {"LocationID": 81}, "geometry": {"type": "Polygon", "coordinates": [[[-73.83737956161106, 40.893924741304545], [-73.82267708790054, 40.88961946903583], [-73.82248620406577, 40.8900980542023], [-73.823264898565, 40.88998702103018], [-73.8233660128753, 40.89107513585333], [-73.8228533505322, 40.891206829047775], [-73.81827738067017, 40.88984713076382], [-73.79300652624502, 40.88335873744287], [-73.79322870891143, 40.88282259495241], [-73.80550576700001, 40.88609294900007], [-73.80764139499996, 40.885953252000114], [-73.81209659199986, 40.88671501000012], [-73.8154787309999, 40.88668744600013], [-73.82027432999985, 40.88555070000011], [-73.82077408699996, 40.88671060300007], [-73.82387140599998, 40.88778362800015], [-73.82529579999982, 40.88697638000014], [-73.83065358999984, 40.8848529390001], [-73.83342222600004, 40.88427539600009], [-73.83434541999985, 40.883850020000075], [-73.83664134299984, 40.88212002500012], [-73.84127784699999, 40.88031754800008], [-73.84324113799987, 40.87910891300011], [-73.8381484219999, 40.87695329900011], [-73.83924788999988, 40.87661873800009], [-73.83746027699992, 40.873222650000095], [-73.83829221499984, 40.872951339000124], [-73.83565766499987, 40.86751275600012], [-73.83315960399985, 40.868319756000126], [-73.82954731199996, 40.8621640870001], [-73.82834347399992, 40.860892026000094], [-73.82950892699994, 40.861841213000055], [-73.83089329699999, 40.86221284900016], [-73.83578436699997, 40.865016011000186], [-73.84792614099985, 40.8713422340001], [-73.85363638799987, 40.87330059900015], [-73.85068955699988, 40.87548667800013], [-73.85172236099986, 40.87684337100014], [-73.85254854099988, 40.877091587000116], [-73.85091896099982, 40.877893441000055], [-73.85207011699983, 40.87929765700008], [-73.85248305800003, 40.87946370500009], [-73.84704957999995, 40.887671816000086], [-73.83998563399987, 40.88871867200009], [-73.83732165099995, 40.88874196400009], [-73.83554853999995, 40.889133504000114], [-73.83737956161106, 40.893924741304545]]]}}, {"type": "Feature", "properties": {"LocationID": 82}, "geometry": {"type": "Polygon", "coordinates": [[[-73.86852925199995, 40.747588302000146], [-73.86749135099993, 40.74330204700012], [-73.86756253399983, 40.74094188900014], [-73.86582955999995, 40.73664322400012], [-73.86447086199989, 40.73400727400017], [-73.87628302399997, 40.730313094000145], [-73.87969354099992, 40.72901015900008], [-73.88500729499985, 40.7283718950001], [-73.88720524999994, 40.727792997000066], [-73.8875596219999, 40.730197056000115], [-73.88805975199999, 40.730087230000095], [-73.8885228599999, 40.73453116000011], [-73.88689197799985, 40.73409916300009], [-73.88500017899989, 40.73397005700012], [-73.88381086999975, 40.73355953600006], [-73.883529104, 40.73384827900005], [-73.87752195799992, 40.73159316900011], [-73.87725122499988, 40.73179415300009], [-73.87822455999998, 40.73210226900008], [-73.87708276299998, 40.7329093170001], [-73.88066188999987, 40.73570787400014], [-73.88033059399994, 40.737333677000095], [-73.88230252700001, 40.73770770100013], [-73.87743058400002, 40.73860051600012], [-73.87848682299996, 40.73993390900011], [-73.88100387999987, 40.74184066200016], [-73.882942868, 40.74160954400002], [-73.88282912199988, 40.74099228300009], [-73.88551225099984, 40.74016501900008], [-73.88572588199987, 40.74128870600005], [-73.887511321, 40.74108252700012], [-73.88798650799986, 40.74354819200012], [-73.89071647499993, 40.74312778400011], [-73.89139145499985, 40.74664100400003], [-73.8917504879999, 40.74681172700009], [-73.86942458599985, 40.74915685200013], [-73.86852925199995, 40.747588302000146]]]}}, {"type": "Feature", "properties": {"LocationID": 83}, "geometry": {"type": "Polygon", "coordinates": [[[-73.89139145499985, 40.74664100400003], [-73.89071647499993, 40.74312778400011], [-73.88798650799986, 40.74354819200012], [-73.887511321, 40.74108252700012], [-73.88572588200003, 40.7412887050001], [-73.88551225099984, 40.74016501900008], [-73.88282912199988, 40.74099228300009], [-73.882942868, 40.74160954400002], [-73.88100387999987, 40.74184066200016], [-73.87791831799989, 40.73939495700009], [-73.87743058399992, 40.73860051500011], [-73.88230252700001, 40.73770770100013], [-73.88033059399994, 40.737333677000095], [-73.88066188999987, 40.73570787400014], [-73.87708276299998, 40.7329093170001], [-73.87822455999998, 40.73210226900008], [-73.87725122499988, 40.73179415300009], [-73.87752195799992, 40.73159316900011], [-73.883529104, 40.73384827900005], [-73.88381086999975, 40.73355953600006], [-73.88500017899989, 40.73397005700012], [-73.88689197799985, 40.73409916300009], [-73.88910318999984, 40.73459239600006], [-73.89255554699984, 40.734478126000134], [-73.89492421799993, 40.7350077220001], [-73.89854772799987, 40.73519191000005], [-73.90029003099994, 40.73472954300012], [-73.90107970900003, 40.733914634000065], [-73.90516948899983, 40.735859643000055], [-73.9060183039999, 40.73401073900012], [-73.90568645899998, 40.73391582500008], [-73.90628903499987, 40.732400752000075], [-73.91068876399997, 40.733471082000115], [-73.90926002999988, 40.736403180000046], [-73.90672950499994, 40.7369134850001], [-73.90057825399985, 40.73949289600007], [-73.89524819599988, 40.743819730000126], [-73.89478949299988, 40.744584788000104], [-73.8946865809999, 40.74562432000008], [-73.89624245599988, 40.748719545000064], [-73.89139145499985, 40.74664100400003]]]}}, {"type": "Feature", "properties": {"LocationID": 84}, "geometry": {"type": "Polygon", "coordinates": [[[-74.16134961699994, 40.52937342400011], [-74.15988277075512, 40.52736935827462], [-74.1603409737616, 40.52754982813132], [-74.16158217423518, 40.52701347777687], [-74.16227196108895, 40.52719426281109], [-74.1637200159487, 40.526350032996255], [-74.164602248092, 40.52615279838794], [-74.1699971116146, 40.523045772452505], [-74.17048859810274, 40.523084172650115], [-74.17110263696175, 40.52354970667387], [-74.1720632017547, 40.523320569364934], [-74.17601245479067, 40.520875962829294], [-74.17756306042942, 40.519217618160084], [-74.17831876690433, 40.51994578563518], [-74.17924381368908, 40.51998421667466], [-74.17981016948934, 40.52055233770621], [-74.18104081208887, 40.52070503628735], [-74.1848311647976, 40.51934135860102], [-74.18656733191354, 40.51811585040507], [-74.18849353720901, 40.51634002459596], [-74.18926875557315, 40.51534497687256], [-74.18884297815646, 40.51508716631731], [-74.18971218498393, 40.515320378534504], [-74.19344318346744, 40.51156730959345], [-74.19409643736367, 40.51064124236243], [-74.19521339999068, 40.50997765295581], [-74.19649936989559, 40.50992353139805], [-74.19860831704759, 40.51119702315003], [-74.19967205357709, 40.51142685049768], [-74.2000371231315, 40.51267759982995], [-74.19892572793859, 40.512777305998526], [-74.19936127407834, 40.51301019443237], [-74.20082898254232, 40.513030703958634], [-74.20821982874101, 40.51161821258078], [-74.20968789397446, 40.51079736934255], [-74.2091899682503, 40.51049905695539], [-74.2093220046419, 40.510398628895615], [-74.20971374205877, 40.51077770324319], [-74.21013598908237, 40.510408998682706], [-74.21179183197995, 40.50817327349522], [-74.21338169973609, 40.506766288215566], [-74.21353130803675, 40.506397477228056], [-74.21385533847373, 40.5066070246836], [-74.21434250129728, 40.50651891128741], [-74.21565837406435, 40.50561657803758], [-74.21754755095681, 40.5033600494908], [-74.22153919955196, 40.50250347421632], [-74.22188242299993, 40.50267484100007], [-74.22321582499997, 40.50865861100006], [-74.22290251399993, 40.508936540000086], [-74.22663407199991, 40.51725101000015], [-74.22690993399992, 40.51917139800004], [-74.22549932099996, 40.51850518800014], [-74.22379595899992, 40.51819634600007], [-74.21760570099995, 40.52087168800007], [-74.21354593499994, 40.52123571500014], [-74.21409806799993, 40.524097195000124], [-74.21142518399989, 40.524414102000094], [-74.21028201899998, 40.52472106700008], [-74.20919660199999, 40.52537658000007], [-74.20755306399994, 40.525247349000075], [-74.20152661599995, 40.52626520600012], [-74.20071057499999, 40.52722595200006], [-74.19909783799994, 40.52829964500014], [-74.19174368799999, 40.531916697000064], [-74.19377169299999, 40.53583384700013], [-74.19135323799996, 40.53666485900004], [-74.18903145199995, 40.53815934200008], [-74.18128532999992, 40.54695757300009], [-74.17991198599996, 40.54883445300012], [-74.17512402999996, 40.55762003800012], [-74.17358785199997, 40.55969842800014], [-74.17185166499996, 40.56152092300011], [-74.16982582400001, 40.56109042100012], [-74.16707279099998, 40.54816306700014], [-74.16623327299993, 40.54734247900013], [-74.16540080799992, 40.54443272300009], [-74.15786625499994, 40.536558095000046], [-74.15397419799994, 40.53426814800012], [-74.15690813799995, 40.531262028000114], [-74.16134961699994, 40.52937342400011]]]}}, {"type": "Feature", "properties": {"LocationID": 85}, "geometry": {"type": "Polygon", "coordinates": [[[-73.94715896299984, 40.655593787000115], [-73.94703257599998, 40.654338714000076], [-73.94606690599983, 40.6544102620001], [-73.94570606199984, 40.65100678400009], [-73.94667414499983, 40.65094811900014], [-73.94586879199989, 40.64342374400008], [-73.94778994699976, 40.64330573600011], [-73.94744296799982, 40.6400476650001], [-73.94841343400003, 40.63998746400014], [-73.94826499600005, 40.63860719000013], [-73.9536000469999, 40.63842234700013], [-73.95763644599988, 40.642689499000085], [-73.95825517200004, 40.64853244900015], [-73.9587078989999, 40.6503872730001], [-73.94957113100006, 40.650807900000125], [-73.95006664899988, 40.65542299700009], [-73.94715896299984, 40.655593787000115]]]}}, {"type": "Feature", "properties": {"LocationID": 86}, "geometry": {"type": "Polygon", "coordinates": [[[-73.76669071688973, 40.61422662157132], [-73.76516400829198, 40.61375420268676], [-73.76505961679173, 40.612035230610665], [-73.76229944090417, 40.61135920604607], [-73.76172413788875, 40.61184724275789], [-73.76023635756965, 40.61082086495048], [-73.76178242960593, 40.60915167005466], [-73.76155051905889, 40.609031365800995], [-73.75998446974822, 40.61087937784688], [-73.7594911983337, 40.61081579591109], [-73.75972099038579, 40.61015159808306], [-73.7592801215764, 40.61036863836041], [-73.75655062478583, 40.610155212571684], [-73.75585531563948, 40.61031766081583], [-73.7556083701559, 40.610077919637696], [-73.75587412912142, 40.61038518505501], [-73.75556369084146, 40.61011842794645], [-73.75499501085996, 40.61013220802848], [-73.75473218890687, 40.61040730222296], [-73.7534583619849, 40.61051986270326], [-73.75008771088383, 40.611640553913766], [-73.74821585891324, 40.61201107779493], [-73.74799307308612, 40.61231015798411], [-73.74761418914572, 40.61199801094253], [-73.74721567892574, 40.61217883882552], [-73.74685539012165, 40.61157410052991], [-73.7457615018933, 40.611991654374535], [-73.74307247919678, 40.60788609719356], [-73.74332648806525, 40.60753806292791], [-73.74314655207264, 40.60725986604805], [-73.74029138988145, 40.604598231889405], [-73.73922512581528, 40.604142366913614], [-73.73815143112287, 40.60271044008358], [-73.73799702694568, 40.601601233828596], [-73.73830871892699, 40.59820837383999], [-73.73808925304176, 40.59768829704575], [-73.73864871908607, 40.59734426599685], [-73.73848900400793, 40.59735889424041], [-73.73871968076894, 40.59694881732661], [-73.73858466737627, 40.59725319461581], [-73.73878797513527, 40.596975356143325], [-73.73938023658849, 40.59723907299851], [-73.73992747215387, 40.59705494953685], [-73.74011773557845, 40.59672774782472], [-73.739798757236, 40.596428603789455], [-73.74009714262667, 40.59620864729196], [-73.74039153834975, 40.596182195673336], [-73.7403601274953, 40.59677499554029], [-73.7406438431081, 40.59700119865846], [-73.74183083531219, 40.596695551456996], [-73.74052059824265, 40.5965718559751], [-73.74054701362383, 40.59611968571814], [-73.73992792985005, 40.596061587313535], [-73.73946370303052, 40.596878420092196], [-73.73988306007304, 40.59677097418973], [-73.73974724022848, 40.59654260483528], [-73.73990994690173, 40.59677274452053], [-73.73979634028939, 40.59688267562807], [-73.73950885867268, 40.597040044091735], [-73.73939810824884, 40.59704632565644], [-73.73892850726293, 40.59687548946664], [-73.73944749042397, 40.59702863204749], [-73.73912307710913, 40.59678451979326], [-73.73858431403262, 40.59686094777631], [-73.73812220887619, 40.5973861020696], [-73.73803749195454, 40.59591315116899], [-73.73763679389783, 40.59441539983818], [-73.73877153079722, 40.59452520803317], [-73.73877753514914, 40.59435500821539], [-73.73881662516276, 40.59435976495622], [-73.73907212417535, 40.594596476534825], [-73.73958763297539, 40.594426525611304], [-73.74062832064128, 40.59472165227227], [-73.7409017059638, 40.5944882487508], [-73.7413182062532, 40.59479259288134], [-73.74169766300271, 40.594641744053064], [-73.74222603097068, 40.59490588332446], [-73.7423874258487, 40.59472925606035], [-73.74334951603205, 40.59479514827647], [-73.74348442282039, 40.59459051699078], [-73.74461964043492, 40.59464731092206], [-73.74664920374843, 40.594280895008936], [-73.75022538179961, 40.592708236787146], [-73.75154772812445, 40.591422008685576], [-73.75352988157324, 40.590946485000806], [-73.7559546362305, 40.590874198050024], [-73.75789189861872, 40.59135698827784], [-73.76134311678325, 40.591726633850556], [-73.76376223423699, 40.59143970901701], [-73.76440183099986, 40.594571683000105], [-73.76277845599988, 40.59475654400009], [-73.7633344969999, 40.59782287400011], [-73.76128753399995, 40.599549271000136], [-73.76165797299984, 40.59997307000007], [-73.76336096499996, 40.59910504300014], [-73.76444582499997, 40.600435241000106], [-73.76654204999997, 40.599434442000096], [-73.76599689399985, 40.59872106200009], [-73.76695532899997, 40.598067274000094], [-73.76717720099997, 40.59662318100009], [-73.76771811799993, 40.596261310000116], [-73.76809925802587, 40.59784597005506], [-73.76795043655434, 40.598158511418696], [-73.77033634816473, 40.59898422333294], [-73.77098168371994, 40.598894091049715], [-73.7711110344584, 40.600546028547576], [-73.77073733384827, 40.60153550225503], [-73.77083917528664, 40.60181091609639], [-73.77018588274089, 40.60274882332531], [-73.77039964407953, 40.60294406043167], [-73.77016219214377, 40.60308935203251], [-73.77048113198755, 40.60484190532012], [-73.77003044591852, 40.60527392202093], [-73.76985219369494, 40.60594001930263], [-73.77001104335504, 40.607211724980914], [-73.7697003017839, 40.607489121806864], [-73.76967128998126, 40.60802770362692], [-73.76915015931363, 40.60845536146541], [-73.76895714023856, 40.60927991805655], [-73.76976745552511, 40.61006418867195], [-73.77125101879477, 40.61038983710195], [-73.77221438055132, 40.61149766458417], [-73.773383685269, 40.61115295039183], [-73.77296268686533, 40.610152762945916], [-73.7737676775312, 40.61125622247563], [-73.77393827753895, 40.612120151753885], [-73.77417180232338, 40.61182871527607], [-73.77339803484178, 40.613682967484394], [-73.76669071688973, 40.61422662157132]]]}}, {"type": "Feature", "properties": {"LocationID": 87}, "geometry": {"type": "Polygon", "coordinates": [[[-74.00505672899992, 40.70878876900018], [-74.00197014837809, 40.7047311592025], [-74.00243071075859, 40.70467785800458], [-74.00332307270776, 40.705628595220205], [-74.00363187169316, 40.70542980675198], [-74.00297246475286, 40.70476649244275], [-74.00364446183858, 40.70542168463901], [-74.00438344417219, 40.705113259855], [-74.00426687037424, 40.70501166020228], [-74.00459003883661, 40.704787752945144], [-74.00349632042315, 40.703796769267946], [-74.00371987043046, 40.70365448194489], [-74.00480628900739, 40.70464206905143], [-74.00518805067318, 40.70442053569074], [-74.00492580498366, 40.704211808384855], [-74.0053502722475, 40.70431007996167], [-74.0041574215416, 40.703231632087494], [-74.004272587521, 40.70301566641168], [-74.00563775955965, 40.70410583053937], [-74.00659591913875, 40.70368590245203], [-74.00530412596079, 40.70255986563326], [-74.00550166067457, 40.70243086779721], [-74.00678502191047, 40.70356812790545], [-74.0077967509999, 40.70306351500008], [-74.00974639299996, 40.704775248000104], [-74.00998418599995, 40.7051477330001], [-74.0098658089999, 40.70579642700012], [-74.01250773999998, 40.70676706600014], [-74.00906264799988, 40.71088670400012], [-74.00505672899992, 40.70878876900018]]]}}, {"type": "Feature", "properties": {"LocationID": 88}, "geometry": {"type": "Polygon", "coordinates": [[[-74.00998418599995, 40.7051477330001], [-74.00760498189766, 40.70299314132937], [-74.00930907655483, 40.70195460302269], [-74.00869964313567, 40.701139867542366], [-74.00775549150644, 40.70154800167195], [-74.00759136204225, 40.70132808104834], [-74.00853611510763, 40.700919695745284], [-74.0083492755909, 40.700669348388395], [-74.00862036163882, 40.70055216421604], [-74.00960052263278, 40.701865481918034], [-74.01116664151876, 40.701477202208515], [-74.01109588602684, 40.70127499934908], [-74.01128983905525, 40.701249982244484], [-74.01082511780585, 40.70020930486736], [-74.01115033556829, 40.70089840010113], [-74.0113583629136, 40.700851958636484], [-74.01133409410409, 40.70056835368246], [-74.0117292681748, 40.70077011805983], [-74.01163147918638, 40.70045821824831], [-74.01185378549594, 40.70073892145034], [-74.01208668214687, 40.700681308739405], [-74.01196196116912, 40.700037545595684], [-74.01239160032279, 40.700620528094255], [-74.01259392327508, 40.70057083347263], [-74.01261382087365, 40.70010826581131], [-74.01310747847366, 40.70050745218088], [-74.01304370092431, 40.699774784736], [-74.0132734948308, 40.700496870227994], [-74.01348560832729, 40.7004782229086], [-74.01353285018102, 40.700108161423465], [-74.01367479307396, 40.70012582122556], [-74.01355826979739, 40.700939870915434], [-74.01415893499998, 40.70109629000007], [-74.01376867899998, 40.70114326300009], [-74.01389890399994, 40.702270670000175], [-74.01442983199998, 40.703150648000104], [-74.01428922899998, 40.704549075000095], [-74.01326979499997, 40.704553496000166], [-74.01325396399993, 40.70587051400009], [-74.01250773999998, 40.70676706600014], [-74.0098658089999, 40.70579642700012], [-74.00998418599995, 40.7051477330001]]]}}, {"type": "Feature", "properties": {"LocationID": 89}, "geometry": {"type": "Polygon", "coordinates": [[[-73.95763644599988, 40.642689499000085], [-73.9536000469999, 40.63842234700013], [-73.95116311199983, 40.63844818300005], [-73.94537272499997, 40.638786955000064], [-73.94462885499995, 40.63183773500012], [-73.94647961799998, 40.6317081620001], [-73.94415535299991, 40.62950828500008], [-73.95995565099992, 40.62777867200009], [-73.96040734299989, 40.63016253100009], [-73.96232599399991, 40.6299687170001], [-73.97136622199992, 40.62892916200016], [-73.97092126300004, 40.626569985000124], [-73.97623453700001, 40.625976350000094], [-73.97716511999984, 40.63074665400008], [-73.96986869299991, 40.63419467500011], [-73.97029036199991, 40.6364063410001], [-73.96803868499985, 40.63665098500013], [-73.97139631700004, 40.648257786000066], [-73.96465438699984, 40.65088772800012], [-73.96621321999996, 40.65318940500009], [-73.95986103199981, 40.65563478900009], [-73.95825517200004, 40.64853244900015], [-73.95763644599988, 40.642689499000085]]]}}, {"type": "Feature", "properties": {"LocationID": 90}, "geometry": {"type": "Polygon", "coordinates": [[[-73.99141858599994, 40.74480268200007], [-73.99683993899998, 40.73736088900014], [-74.00252381499989, 40.73975264400014], [-73.99709902899994, 40.74720510200011], [-73.99141858599994, 40.74480268200007]]]}}, {"type": "Feature", "properties": {"LocationID": 91}, "geometry": {"type": "Polygon", "coordinates": [[[-73.91973736999986, 40.642778148000076], [-73.91690302699992, 40.61627422900014], [-73.9205269409999, 40.61394269500006], [-73.92062400299996, 40.6148386820001], [-73.92640044599995, 40.61447853500008], [-73.92629604599998, 40.61311679900012], [-73.93173179199982, 40.61792692100008], [-73.93320457599995, 40.61697044200009], [-73.93686699599992, 40.62025328100011], [-73.94078914099985, 40.61769679000005], [-73.94346961999989, 40.617385001000116], [-73.94573691999982, 40.61536340700008], [-73.94651373199997, 40.61949401900015], [-73.94451833400001, 40.6197136470001], [-73.94542442899984, 40.62449561000012], [-73.946422661, 40.624385567000104], [-73.94732672199994, 40.62916656700002], [-73.94415535299991, 40.62950828500008], [-73.94647961799998, 40.6317081620001], [-73.93701746200003, 40.63231097900011], [-73.9372670019998, 40.634650625000084], [-73.92744822299986, 40.63525841000007], [-73.92652490899992, 40.636492723000075], [-73.92616377799996, 40.63757296100008], [-73.92538233099985, 40.642384532000065], [-73.92356525899983, 40.64249929800009], [-73.92332654599986, 40.63990021600011], [-73.91973736999986, 40.642778148000076]]]}}, {"type": "Feature", "properties": {"LocationID": 92}, "geometry": {"type": "Polygon", "coordinates": [[[-73.82647720799984, 40.77311644300005], [-73.82655841999986, 40.7701370840001], [-73.82466908999987, 40.77040760800004], [-73.82348245199985, 40.76465179200012], [-73.82080684899987, 40.7589417830001], [-73.81789245699991, 40.7570863380001], [-73.82030067699999, 40.75551498000012], [-73.8184078289999, 40.75383042200017], [-73.820849288, 40.752241545000096], [-73.8153731739999, 40.74721833800014], [-73.81575069499983, 40.74697948000011], [-73.81782025899999, 40.747385416000085], [-73.82108427599998, 40.74855844600014], [-73.82426493900002, 40.751832889000156], [-73.82576557299983, 40.75096902400013], [-73.82584440999999, 40.74934839100012], [-73.82765641899984, 40.749860831000085], [-73.82922511999989, 40.74925608100009], [-73.83091972599982, 40.74896171100007], [-73.83121778600005, 40.7486901230001], [-73.8312547989999, 40.7481063600001], [-73.83300302099987, 40.74783363100007], [-73.83229535699988, 40.751941791000036], [-73.83560230899995, 40.75139485300009], [-73.83701406699998, 40.75402742100005], [-73.83778038200002, 40.754130683000135], [-73.83805974199996, 40.75466660700008], [-73.83867321899987, 40.75701997900015], [-73.83679107299986, 40.76116667100011], [-73.83689970199995, 40.7626981180001], [-73.83790429599993, 40.76458779700008], [-73.8394581342306, 40.76544576822948], [-73.83805766700006, 40.76759634400006], [-73.83614052499993, 40.76952737400015], [-73.83161455499989, 40.77241020900008], [-73.83000011099983, 40.77373240700016], [-73.82830621299996, 40.77600078800009], [-73.82513740299993, 40.78169970600013], [-73.82224127699999, 40.781693879000116], [-73.82291816299993, 40.78053566700006], [-73.82433101899987, 40.77674307000011], [-73.82583089999997, 40.775915271000066], [-73.82647720799984, 40.77311644300005]]]}}, {"type": "Feature", "properties": {"LocationID": 93}, "geometry": {"type": "Polygon", "coordinates": [[[-73.8569635593979, 40.76407442786327], [-73.8566748236235, 40.76393018832634], [-73.85758285470693, 40.7630729006268], [-73.8565867538878, 40.76272284011443], [-73.8567823696347, 40.76250827740677], [-73.85760424037194, 40.76305328178916], [-73.85817631070508, 40.762396294224], [-73.8566119581333, 40.76164954275949], [-73.85819433132511, 40.7623741079847], [-73.85858526284439, 40.76191700859715], [-73.85747662435531, 40.761308916687526], [-73.85537633453939, 40.760669385032436], [-73.85522306397422, 40.76081695051213], [-73.85533454594008, 40.76065815488961], [-73.85466366458877, 40.76017116956229], [-73.85372403934942, 40.76024638863504], [-73.85158552901191, 40.759355420657144], [-73.8501750399337, 40.75959160122581], [-73.84930110814332, 40.76024287535016], [-73.84987484496149, 40.76110381294866], [-73.85197412962866, 40.76024940738199], [-73.85207200177854, 40.7603928846723], [-73.84981162475142, 40.76127097400841], [-73.84916662406035, 40.76029658479059], [-73.8486865565891, 40.76013849511084], [-73.84670933714986, 40.76134526931995], [-73.84606731299985, 40.76090886400005], [-73.84324381399976, 40.75533680400015], [-73.83867321899987, 40.75701997900015], [-73.83834041199997, 40.755425462000105], [-73.83778038200002, 40.754130683000135], [-73.83701406699998, 40.75402742100005], [-73.83560230899995, 40.75139485300009], [-73.83229535699988, 40.751941791000036], [-73.83300302099987, 40.74783363100007], [-73.83413036799998, 40.7474264390001], [-73.83469042599992, 40.74690269800013], [-73.83567553899992, 40.7448505180001], [-73.8360998919999, 40.742429069000096], [-73.83699037399995, 40.74209330100012], [-73.8371072069999, 40.741396228000085], [-73.83669458799986, 40.73954125400015], [-73.83662419799994, 40.73936506000011], [-73.83627527100005, 40.73956837600011], [-73.83564585599999, 40.73849101100008], [-73.83563372699986, 40.73711163000011], [-73.83635625099998, 40.73500859200007], [-73.83612778599989, 40.73424131200014], [-73.83489939499987, 40.732967642000105], [-73.83400368799985, 40.7315677100001], [-73.83386267199987, 40.73055318900007], [-73.83307087999992, 40.72991903100016], [-73.83073214599987, 40.72654932800011], [-73.82979910999985, 40.725897254000145], [-73.82805145299996, 40.72532485000011], [-73.8273090039999, 40.724646077000095], [-73.82556765699991, 40.71972101500012], [-73.82531644999993, 40.71727570000013], [-73.82332432099994, 40.71745251000008], [-73.8191283259999, 40.71734991900014], [-73.81729568999994, 40.71757964500015], [-73.82018883899984, 40.71673522400005], [-73.8218741769999, 40.71691711800005], [-73.82524731699984, 40.71645544500007], [-73.82715524299999, 40.715388004000076], [-73.83103141800002, 40.71433672600012], [-73.83145866999996, 40.71455444900013], [-73.83050460999999, 40.7148569440001], [-73.8297961659998, 40.71556571900006], [-73.83488359399998, 40.719303272000126], [-73.83538045099985, 40.72072218000011], [-73.83985434299984, 40.728177569000074], [-73.84421250399983, 40.732733041000145], [-73.84542613099978, 40.73494980300012], [-73.84605541899985, 40.737099188000094], [-73.84689366199993, 40.73867121700009], [-73.84721361599989, 40.738643987000046], [-73.84777844199982, 40.73934483500009], [-73.84823627999982, 40.73929040100015], [-73.84780164699998, 40.74004967700007], [-73.85011556599989, 40.74072356300015], [-73.85436928099993, 40.748738930000066], [-73.85086439699991, 40.74999564200005], [-73.85261725399984, 40.75340506600011], [-73.85379813799992, 40.757177612000106], [-73.85525140099982, 40.759147530000085], [-73.85912375899987, 40.761275499000135], [-73.86109724399991, 40.76366447800009], [-73.86043337809801, 40.763868882437954], [-73.8594133939809, 40.76248326533949], [-73.85892056312618, 40.76240640118542], [-73.85892298182517, 40.7621223465217], [-73.85864510487932, 40.762514395909214], [-73.85888722726258, 40.76213360939874], [-73.85869110268314, 40.76222119050113], [-73.85884371506147, 40.76205876728192], [-73.85861915281858, 40.76193559699911], [-73.85765473616219, 40.763079823351376], [-73.85850081255238, 40.763376433585236], [-73.85834319308863, 40.76356256146078], [-73.85763896602006, 40.763099448634854], [-73.8569635593979, 40.76407442786327]]]}}, {"type": "Feature", "properties": {"LocationID": 94}, "geometry": {"type": "Polygon", "coordinates": [[[-73.89964261700001, 40.86221043700007], [-73.897143798, 40.862445065000095], [-73.89883814599983, 40.8593073080001], [-73.89573924699978, 40.858138207000046], [-73.8946932639999, 40.85942628200009], [-73.89381026099987, 40.85898656500012], [-73.89138023399983, 40.86170058800011], [-73.89106059999996, 40.86147181500013], [-73.8911537559998, 40.860913616000154], [-73.8956088329998, 40.85457037000006], [-73.89709926799996, 40.85517229100007], [-73.89863543699985, 40.85390697500013], [-73.89816577499982, 40.85514637600007], [-73.90077922699986, 40.85604711000011], [-73.90185996099993, 40.854586149000134], [-73.90395154299999, 40.85497392300011], [-73.90557007299988, 40.855787322000076], [-73.90468371399987, 40.8570603020001], [-73.90565953499988, 40.85739873400016], [-73.90351390599986, 40.86091751000007], [-73.90254479399998, 40.86057825500007], [-73.90107966999994, 40.86275638300011], [-73.89964261700001, 40.86221043700007]]]}}, {"type": "Feature", "properties": {"LocationID": 95}, "geometry": {"type": "Polygon", "coordinates": [[[-73.84750820299992, 40.73900780700014], [-73.84689366199993, 40.73867121700009], [-73.84605541799989, 40.73709918800007], [-73.84542613099978, 40.73494980300012], [-73.844060203, 40.73249274000009], [-73.83985434299984, 40.728177569000074], [-73.83538045099985, 40.72072218000011], [-73.83488359399998, 40.719303272000126], [-73.8297961659998, 40.71556571900006], [-73.83050460999999, 40.7148569440001], [-73.83145866999996, 40.71455444900013], [-73.83103141799982, 40.71433672500007], [-73.8377089419999, 40.711036484000076], [-73.84491011200004, 40.70856033100013], [-73.84665724099989, 40.70831864200015], [-73.84933156199999, 40.708388334000134], [-73.85593991699984, 40.706398034000095], [-73.85667714399985, 40.70769187400007], [-73.8586809759999, 40.722612440000084], [-73.85990796499992, 40.72434623400005], [-73.86203833799982, 40.72595678500014], [-73.85805416899993, 40.72444540600007], [-73.857271081, 40.72568129800007], [-73.8594198799999, 40.726464838000105], [-73.8580876569999, 40.72856872200007], [-73.85741240699991, 40.72832248000006], [-73.85771592500002, 40.72850546100011], [-73.85851097899999, 40.73028680200011], [-73.85625665099991, 40.73095912300011], [-73.85872465799989, 40.73570864400008], [-73.85187067499986, 40.73734292900015], [-73.84750820299992, 40.73900780700014]]]}}, {"type": "Feature", "properties": {"LocationID": 96}, "geometry": {"type": "Polygon", "coordinates": [[[-73.83804164799996, 40.70832329500015], [-73.83714702999997, 40.70795704600008], [-73.83810401799988, 40.70631302400008], [-73.83696237799982, 40.70421245200014], [-73.84156378099983, 40.701100598000046], [-73.84502472899999, 40.6993593770001], [-73.84913837299976, 40.69828274100015], [-73.85070842300001, 40.70020312500008], [-73.85443455699989, 40.70060295200014], [-73.8527113089999, 40.69841496200016], [-73.85277238699999, 40.69755711200007], [-73.85744447700002, 40.69691298500009], [-73.86842489800001, 40.69471812000012], [-73.86891704399994, 40.69515042300006], [-73.874020533, 40.69419129500014], [-73.87950641199996, 40.69114676900007], [-73.88377698600002, 40.68786341100011], [-73.88452250999984, 40.68668474900007], [-73.88808341799984, 40.68529363200003], [-73.88962787599998, 40.68423645400009], [-73.89015418699982, 40.68500399000007], [-73.89252316899987, 40.683424533000064], [-73.89417463299992, 40.6852832480001], [-73.89577945499994, 40.6834971830001], [-73.89646625099994, 40.68233642200008], [-73.90116155099986, 40.687877935000145], [-73.90042465099988, 40.68818389800004], [-73.90180467199994, 40.6907662980001], [-73.9003866789998, 40.69313996000012], [-73.900030392, 40.693437451000094], [-73.89736265799978, 40.69411084700009], [-73.89691021299986, 40.693842270000125], [-73.89742730199981, 40.693288980000084], [-73.89768631800001, 40.693365258000114], [-73.89695653499987, 40.69194920700011], [-73.89474270999995, 40.69263695200009], [-73.89326209899984, 40.69220094700013], [-73.89357935000005, 40.69308532900007], [-73.89398113199998, 40.69307596500007], [-73.89558625499983, 40.69397916200008], [-73.8950769439999, 40.69459139000006], [-73.89245207599993, 40.695225728000054], [-73.89195658699997, 40.69441057000011], [-73.88919365299998, 40.69493577000009], [-73.88828642399997, 40.6952369170001], [-73.88865416899996, 40.69582954900014], [-73.88642048199995, 40.696458149000144], [-73.88734003299987, 40.697023666000106], [-73.88779396299992, 40.697665427000096], [-73.88818025800003, 40.69885791100012], [-73.88771297999985, 40.699678076000104], [-73.88431619499985, 40.70020119600012], [-73.88280948499987, 40.70068345500009], [-73.88182690599986, 40.699529299000076], [-73.87621714199997, 40.70159500500014], [-73.87639785199995, 40.70229404200009], [-73.86285374199994, 40.70341449200009], [-73.85819890699996, 40.702911074000056], [-73.85893224399979, 40.701320345000084], [-73.85725351500002, 40.70121217700008], [-73.85716688299983, 40.7016741050001], [-73.85529571500001, 40.70199101000011], [-73.85529275899978, 40.70259550200013], [-73.85252019099998, 40.70229172400016], [-73.854739573, 40.70518485000014], [-73.85473240499985, 40.70676414300007], [-73.84933156199999, 40.708388334000134], [-73.84567198199987, 40.70841036600008], [-73.84314625299982, 40.709223456000124], [-73.83804164799996, 40.70832329500015]]]}}, {"type": "Feature", "properties": {"LocationID": 97}, "geometry": {"type": "Polygon", "coordinates": [[[-73.9697278989999, 40.69780401400005], [-73.96880989600005, 40.69312038200016], [-73.96983118499983, 40.69313424400017], [-73.96910362499993, 40.68946752200005], [-73.97013154199992, 40.689506308000055], [-73.96868961400001, 40.68200525800007], [-73.97595299799993, 40.68347469800006], [-73.97745722099987, 40.68405228700008], [-73.98092822899991, 40.68890247700008], [-73.98372011099993, 40.69000671900012], [-73.98147568199991, 40.68993094400006], [-73.98213180199994, 40.691227237000085], [-73.98178907299996, 40.69164486800011], [-73.9817588899999, 40.69295517300009], [-73.98253983699992, 40.69300261600014], [-73.98251122999989, 40.69361433400013], [-73.97916718399999, 40.69348832300012], [-73.98013518099992, 40.69469801700016], [-73.98054419199988, 40.69824651200009], [-73.9697278989999, 40.69780401400005]]]}}, {"type": "Feature", "properties": {"LocationID": 98}, "geometry": {"type": "Polygon", "coordinates": [[[-73.76556849699985, 40.74325815500008], [-73.7624860929999, 40.73673098100006], [-73.76273303499985, 40.73526216300016], [-73.76510920699994, 40.73455658500012], [-73.76369979199988, 40.73286411700012], [-73.76564374500005, 40.73253312700016], [-73.76435071499999, 40.731151192000084], [-73.76234209799992, 40.729538291000054], [-73.75787141499994, 40.72710685100011], [-73.75669771299987, 40.7262287110001], [-73.75994854100003, 40.725805278000095], [-73.76568253199987, 40.726377524000085], [-73.76924074899993, 40.72590270100009], [-73.774371087, 40.724261132000066], [-73.7760563109999, 40.72335594000004], [-73.77583631399985, 40.72343174000012], [-73.77727808000003, 40.72234633600007], [-73.7780376599998, 40.72328426900005], [-73.77700327899989, 40.72372000900012], [-73.7752338719998, 40.72523753300007], [-73.77757506899987, 40.73019327300007], [-73.79174472699992, 40.72578885000015], [-73.79378938699998, 40.730701181000065], [-73.79397708699996, 40.732296853000086], [-73.79459486499994, 40.73340935800008], [-73.79458633199991, 40.73505225200008], [-73.79594852799994, 40.73781371900008], [-73.79584803299987, 40.73807468000009], [-73.79651029099988, 40.737908637000096], [-73.79607605199982, 40.73814429800015], [-73.79640218700004, 40.73828235800007], [-73.78036603499996, 40.74259166300006], [-73.7724146099999, 40.743884845000125], [-73.76772991399994, 40.74577622600012], [-73.76687853500006, 40.744093579000065], [-73.76556849699985, 40.74325815500008]]]}}, {"type": "Feature", "properties": {"LocationID": 99}, "geometry": {"type": "Polygon", "coordinates": [[[-74.16842916199994, 40.58649792300007], [-74.16962344999997, 40.57842904400009], [-74.16995465599994, 40.57345803800011], [-74.16962643399991, 40.568298410000125], [-74.16982582400001, 40.56109042100012], [-74.17146296099997, 40.56137542900007], [-74.1815955649999, 40.56531796100007], [-74.18295815999996, 40.56548020000012], [-74.18525395899995, 40.56454935500007], [-74.189477545, 40.56358099000009], [-74.19101021699996, 40.562569402000115], [-74.19288347999992, 40.5626538390001], [-74.193410946, 40.56248503900014], [-74.20091501299991, 40.55600526000006], [-74.2019463179999, 40.55587385200015], [-74.20314825999996, 40.55606178500007], [-74.20520041199991, 40.55733222100009], [-74.20699885299997, 40.557567489000085], [-74.2056960519999, 40.55851600600006], [-74.21324031454323, 40.55667262386926], [-74.21199843164408, 40.5583780674811], [-74.21175620455124, 40.55912475727645], [-74.21197029168968, 40.55929773807969], [-74.21188042321681, 40.55959693786193], [-74.21117440194196, 40.56045988235649], [-74.21134005281321, 40.561230353085506], [-74.21109600355396, 40.562131471794636], [-74.21137997858774, 40.56349220527504], [-74.21072667690999, 40.56527391136232], [-74.20886661112198, 40.568909793929386], [-74.20892636328658, 40.56962429845021], [-74.20801705381407, 40.570517957400945], [-74.20816851102184, 40.57071942341446], [-74.20783559015278, 40.572610001451885], [-74.20707800410406, 40.57426634021676], [-74.20728431413171, 40.57525453287276], [-74.20681205626771, 40.57592202018839], [-74.20708917179493, 40.576305590338926], [-74.20658040532199, 40.576652737339465], [-74.20680827961803, 40.577179568792744], [-74.20632344195356, 40.57753881896503], [-74.20591732509392, 40.57861664755381], [-74.20596154297344, 40.58004699388298], [-74.20561948299995, 40.57984225400003], [-74.20350663899988, 40.58043616000008], [-74.20048848799996, 40.57994977800009], [-74.19964981299998, 40.5822626260001], [-74.19423261299991, 40.585146806000076], [-74.19251747899993, 40.58515898200007], [-74.1923211319999, 40.584913242000106], [-74.19226048399997, 40.58520696900015], [-74.19131783499998, 40.58570448900009], [-74.19078902199995, 40.585188367000114], [-74.18877046599995, 40.58600580100007], [-74.18760054199991, 40.58690276700008], [-74.185371048, 40.587451015000084], [-74.18730248699987, 40.588488222000095], [-74.18468224999998, 40.59147895100017], [-74.17932277499995, 40.59676057900003], [-74.17822457199992, 40.59982806100011], [-74.17488959399996, 40.602216573000106], [-74.17260229799992, 40.602971491000126], [-74.1712268479999, 40.60249861200003], [-74.16719634899995, 40.60207531200012], [-74.16828458099997, 40.59643316500015], [-74.16886362299992, 40.594728087000156], [-74.166390049, 40.59373792600012], [-74.16350785499993, 40.59327218000013], [-74.16369888299994, 40.592258339000104], [-74.16578641299995, 40.590707804000075], [-74.1676915249999, 40.588831493000036], [-74.16842916199994, 40.58649792300007]]]}}, {"type": "Feature", "properties": {"LocationID": 100}, "geometry": {"type": "Polygon", "coordinates": [[[-73.98411754799999, 40.75484205300013], [-73.98776905899994, 40.74978702900011], [-73.99346417699985, 40.75219005500007], [-73.98979085399995, 40.757233132000096], [-73.98411754799999, 40.75484205300013]]]}}, {"type": "Feature", "properties": {"LocationID": 101}, "geometry": {"type": "Polygon", "coordinates": [[[-73.70163345846068, 40.752493329846615], [-73.70002020501624, 40.73923654186615], [-73.7014707301906, 40.73751156098223], [-73.70766217302989, 40.72783093475488], [-73.71049995381028, 40.72722708720683], [-73.71075217299996, 40.7305253750001], [-73.71147804899985, 40.73250140100008], [-73.71544946799989, 40.73921680400014], [-73.72010148299994, 40.749775686000106], [-73.72258571899978, 40.748850451000116], [-73.72339596299987, 40.75038907600005], [-73.72627213299992, 40.749306491000056], [-73.727664654, 40.74965464200014], [-73.72829094199989, 40.74745895700011], [-73.728962516, 40.74763288800006], [-73.7282538099999, 40.749693729000136], [-73.72737889099986, 40.751029567000046], [-73.7264147219999, 40.75191587800006], [-73.72326673399982, 40.753947599000114], [-73.7206331939999, 40.75761683500015], [-73.71831971899985, 40.7590820760001], [-73.71612528199985, 40.75966071400011], [-73.71351828186042, 40.759837730916374], [-73.71244940715339, 40.75924170410951], [-73.70163345846068, 40.752493329846615]]]}}, {"type": "Feature", "properties": {"LocationID": 102}, "geometry": {"type": "Polygon", "coordinates": [[[-73.85595536199988, 40.706429779000125], [-73.85473240499985, 40.70676414300007], [-73.854739573, 40.70518485000014], [-73.85252019099998, 40.70229172400016], [-73.85529275899978, 40.70259550200013], [-73.85529571500001, 40.70199101000011], [-73.85716688299983, 40.7016741050001], [-73.85725351500002, 40.70121217700008], [-73.85827405799986, 40.701223659000114], [-73.85893224399979, 40.701320345000084], [-73.85819890699996, 40.702911074000056], [-73.86285374199994, 40.70341449200009], [-73.87639785199995, 40.70229404200009], [-73.87621714199997, 40.70159500500014], [-73.88182690599986, 40.699529299000076], [-73.88280948499988, 40.70068345600005], [-73.88431619499985, 40.70020119600012], [-73.88771297999985, 40.699678076000104], [-73.88818025800003, 40.69885791100012], [-73.88779396299992, 40.697665427000096], [-73.88734003299987, 40.697023666000106], [-73.88642048199995, 40.696458149000144], [-73.88865416899996, 40.69582954900014], [-73.88828642399997, 40.6952369170001], [-73.88919365299998, 40.69493577000009], [-73.89195658699997, 40.69441057000011], [-73.89245207599993, 40.695225728000054], [-73.8950769439999, 40.69459139000006], [-73.89558625499983, 40.69397916200008], [-73.89398113199998, 40.69307596500007], [-73.89357935000005, 40.69308532900007], [-73.89326209899984, 40.69220094700013], [-73.89474270999993, 40.692636953000054], [-73.89695653499987, 40.69194920700011], [-73.89768631800001, 40.693365258000114], [-73.89742730199981, 40.693288980000084], [-73.89691021299981, 40.69384227100009], [-73.89736265799978, 40.69411084700009], [-73.900030392, 40.693437451000094], [-73.89838185199996, 40.696135998000116], [-73.89558457599986, 40.697127642000076], [-73.89578005099996, 40.698510962000086], [-73.89484994999988, 40.69858962300008], [-73.89500322699999, 40.69971237700005], [-73.88911917799989, 40.70559887700011], [-73.88652826799989, 40.70622520600007], [-73.88554946899997, 40.70615461900013], [-73.88553214199999, 40.70644568300005], [-73.88377296899992, 40.70629420200007], [-73.86911007199988, 40.70708933700009], [-73.87016462499984, 40.709207743000064], [-73.86500981999998, 40.710776909000074], [-73.85965416799995, 40.71337996100007], [-73.85975932900001, 40.71184505900005], [-73.85729287299985, 40.71146767700007], [-73.85667714399985, 40.70769187400007], [-73.85595536199988, 40.706429779000125]]]}}, {"type": "Feature", "properties": {"LocationID": 103}, "geometry": {"type": "Polygon", "coordinates": [[[-74.04388559600675, 40.69018482409714], [-74.04350596056258, 40.68968735981835], [-74.04270428413375, 40.69015520482229], [-74.04255372018648, 40.68996275914495], [-74.04346752305135, 40.689636990051895], [-74.04364078613705, 40.688766559785186], [-74.04438521705612, 40.68851617820168], [-74.04627538918811, 40.689327425448674], [-74.04680284899291, 40.68995325613316], [-74.04747651481166, 40.689611369999334], [-74.04772962698515, 40.689915318233304], [-74.04743126078736, 40.689803890235765], [-74.04689205500284, 40.690059098161505], [-74.04720029383118, 40.690424815312014], [-74.04717029494704, 40.6909913291227], [-74.04614707204328, 40.69112264601674], [-74.04388559600675, 40.69018482409714]]]}}, {"type": "Feature", "properties": {"LocationID": 104}, "geometry": {"type": "Polygon", "coordinates": [[[-74.03995040794244, 40.70089063032149], [-74.03771124798313, 40.699344040174005], [-74.03809786207383, 40.699039505122286], [-74.03822954422694, 40.698368591349045], [-74.03900043889001, 40.69836989019571], [-74.03934037685065, 40.6981155144182], [-74.04124261816106, 40.69953674121756], [-74.04174768884, 40.69914786378354], [-74.0399124888631, 40.69770204019932], [-74.0416605190741, 40.696452971320056], [-74.04367371215382, 40.69802040416518], [-74.04270395805347, 40.69880060029348], [-74.04296505213769, 40.698999362162574], [-74.0410986121853, 40.70049294319496], [-74.04080080623118, 40.700268549963425], [-74.04031250903736, 40.70062574909637], [-74.04053637716099, 40.70078209438765], [-74.04028808718954, 40.70064361323383], [-74.03995040794244, 40.70089063032149]]]}}, {"type": "Feature", "properties": {"LocationID": 105}, "geometry": {"type": "Polygon", "coordinates": [[[-74.01674756096064, 40.69334336821775], [-74.01540359141636, 40.69306649730934], [-74.01538919768244, 40.6932981346657], [-74.01517482202624, 40.69325668033559], [-74.01525951035647, 40.69303681423202], [-74.01512395634913, 40.6932580692999], [-74.0149313669649, 40.6931557722368], [-74.01515612159491, 40.69301551489183], [-74.01422123084896, 40.69282290634418], [-74.01343629886243, 40.69212107658792], [-74.01257261595585, 40.69230385277218], [-74.01233661589079, 40.69255989385972], [-74.0118118564723, 40.69247933506455], [-74.01190309722556, 40.69209058350805], [-74.01333264149613, 40.69201997010257], [-74.01260856859405, 40.69136410462994], [-74.0120341761657, 40.69150307668586], [-74.01259753152567, 40.69133433554471], [-74.01252783209964, 40.69114633733814], [-74.01182575354963, 40.69106481621634], [-74.01219500090073, 40.69102884756899], [-74.01198056761243, 40.69060640727193], [-74.012231311469, 40.69046133077526], [-74.01230688304486, 40.68928018293771], [-74.01316926402752, 40.688154771203386], [-74.01488097975005, 40.687254570488776], [-74.01604730539512, 40.6873380062979], [-74.0170498660923, 40.68687598791915], [-74.01664664084757, 40.686416347233596], [-74.0151439102199, 40.686437034043216], [-74.01667351529983, 40.68630516855364], [-74.01753032434085, 40.68536298793258], [-74.01678113957136, 40.68634903791936], [-74.01712099101067, 40.68684333763681], [-74.02054367293081, 40.68527206792615], [-74.0202068671052, 40.68483383307725], [-74.01939842391928, 40.68508740404736], [-74.0209525501029, 40.68438443164739], [-74.02027819846491, 40.684809135174675], [-74.02061267235811, 40.68524039019826], [-74.02259359581036, 40.684359695950114], [-74.02213250186877, 40.683767672385386], [-74.02305574749599, 40.68291694544539], [-74.02319462834667, 40.683000498062334], [-74.02236823557664, 40.68377991679418], [-74.0227589902996, 40.68428444833245], [-74.02354160370115, 40.68400298359273], [-74.02464809241222, 40.683978566613206], [-74.02567183758212, 40.684236456205234], [-74.026334042424, 40.684801697724396], [-74.0266281908386, 40.68552680474991], [-74.02642577243199, 40.68617533982974], [-74.02020527434266, 40.692033923854446], [-74.01971454942077, 40.69313300682737], [-74.01674756096064, 40.69334336821775]]]}}, {"type": "Feature", "properties": {"LocationID": 106}, "geometry": {"type": "Polygon", "coordinates": [[[-73.98610388199985, 40.681008522000134], [-73.98175642299985, 40.67931462400007], [-73.98390048699991, 40.6761486530001], [-73.99277080699981, 40.665507281000075], [-73.99490350199991, 40.66678543500008], [-73.99648142699999, 40.66892523600014], [-73.99667191699996, 40.66873916800011], [-73.9986188799999, 40.671830172000085], [-73.99506451099982, 40.67584047500006], [-73.993491024, 40.67618330200005], [-73.99069861899994, 40.675807419000144], [-73.98940896399986, 40.67745451700013], [-73.98931813699981, 40.6783493890001], [-73.9876680399999, 40.68081781000012], [-73.98653302999993, 40.68037263900008], [-73.98610388199985, 40.681008522000134]]]}}, {"type": "Feature", "properties": {"LocationID": 107}, "geometry": {"type": "Polygon", "coordinates": [[[-73.98238628799993, 40.73141124500012], [-73.98990295999991, 40.7344347900001], [-73.98991689999981, 40.73534934200011], [-73.98407485299994, 40.74332471800008], [-73.98085965399993, 40.7419697680001], [-73.98266497499989, 40.73949733300006], [-73.97805226499996, 40.7375539540001], [-73.98238628799993, 40.73141124500012]]]}}, {"type": "Feature", "properties": {"LocationID": 108}, "geometry": {"type": "Polygon", "coordinates": [[[-73.97148350899987, 40.597171585000154], [-73.97132951099988, 40.59635243100013], [-73.97153324499989, 40.59636870900011], [-73.97189684799982, 40.59435251100009], [-73.97115101799994, 40.59044244400009], [-73.96514385199995, 40.5911019160001], [-73.96661531499983, 40.584571037000124], [-73.96781584999998, 40.58453905100011], [-73.96899979299988, 40.58406350400011], [-73.97461091899993, 40.583129876000115], [-73.97742525299988, 40.58290659300014], [-73.98482192899988, 40.584168523000116], [-73.98492731, 40.584595952000036], [-73.98710120299997, 40.58464459200009], [-73.98654457099988, 40.58365859100015], [-73.98829948299982, 40.58346674700008], [-73.98995504960881, 40.58066166976582], [-73.99163007472373, 40.58107988438208], [-73.99185535656628, 40.58162397854631], [-73.99026244714351, 40.5846191482055], [-73.99547188560318, 40.58221005511821], [-73.99672570402983, 40.582253490579575], [-74.0003088081067, 40.583177037514886], [-74.00035951790473, 40.58418644588059], [-73.99808523776004, 40.585364721581676], [-73.99970597099518, 40.585689819858736], [-73.99952567990363, 40.58575854466008], [-73.99956511570304, 40.58624392009589], [-73.99814530448992, 40.58653169390733], [-73.9941730563837, 40.588382857821], [-73.9956605451227, 40.58793620734404], [-73.9940790462178, 40.588693441990785], [-73.99421554608305, 40.58886853048294], [-73.99556316619993, 40.58827707219891], [-73.99509949490815, 40.588592505043984], [-73.99795639739294, 40.587269506365836], [-73.99487677695375, 40.58877174667541], [-73.99534737661207, 40.58933138044019], [-74.00011449538408, 40.586951640902825], [-74.000108860195, 40.58656072909689], [-74.00031734303268, 40.58645333502349], [-74.00038207107852, 40.58713305717489], [-73.99375761899992, 40.59033184400006], [-73.99330855, 40.58958389900014], [-73.99153934399993, 40.5903909030001], [-73.99036425099996, 40.59143193200013], [-73.98962150099992, 40.590981993000156], [-73.98601936799993, 40.59444604900009], [-73.98463965399982, 40.593552176000074], [-73.97995443499985, 40.59407381200009], [-73.98035785499995, 40.596191541000096], [-73.97148350899987, 40.597171585000154]]]}}, {"type": "Feature", "properties": {"LocationID": 109}, "geometry": {"type": "Polygon", "coordinates": [[[-74.14706472699994, 40.5705086150001], [-74.146347254, 40.57051823400015], [-74.1413123359999, 40.56843334800011], [-74.13493919999993, 40.56538743600006], [-74.13170009, 40.56453574900012], [-74.13310979199996, 40.56286769100011], [-74.13340740099986, 40.5621298060001], [-74.134809734, 40.56082861800011], [-74.13561300299993, 40.558980027000146], [-74.13818000999993, 40.55759386600009], [-74.13885092699991, 40.556951179000094], [-74.13316825999992, 40.552356179000135], [-74.13455868199995, 40.55125507800006], [-74.13769731599992, 40.5493835460001], [-74.13861798499994, 40.54849238500007], [-74.13700629799996, 40.546967771000034], [-74.13585712583111, 40.54645169635754], [-74.13641153119026, 40.546252350042074], [-74.13651613439366, 40.545914748137896], [-74.1371798712987, 40.54579286466078], [-74.13611540724054, 40.545019845679995], [-74.13638379801961, 40.54485467150641], [-74.13719287519704, 40.545784294700276], [-74.13750833508846, 40.54557755723881], [-74.13658907071063, 40.544845486096115], [-74.13687348630864, 40.54468259391022], [-74.13674888757022, 40.54478258448078], [-74.13794966050746, 40.54600033758088], [-74.13886951340419, 40.54513019760748], [-74.13762430745145, 40.54425356641846], [-74.13775620755665, 40.5441449287784], [-74.13875534703455, 40.54493395842707], [-74.13901965079306, 40.54471556103012], [-74.13786798524545, 40.54405254413111], [-74.138043468979, 40.54390456296651], [-74.13903307178626, 40.54470491030019], [-74.13953937915736, 40.544295140872336], [-74.13914541346325, 40.54450958112528], [-74.13942069337877, 40.54420594353738], [-74.13897454226765, 40.544376101819914], [-74.13922032859912, 40.54406670067399], [-74.13908266855009, 40.54396822488413], [-74.13887570388356, 40.54424355793498], [-74.1387281244596, 40.54413002253519], [-74.13907750658639, 40.543960153165905], [-74.13883460585724, 40.543791359393246], [-74.1385858115911, 40.544104638490566], [-74.13841535838714, 40.5439784273165], [-74.13882325461655, 40.543784054896], [-74.1385399626842, 40.54358792869292], [-74.13827964456058, 40.54386669457077], [-74.13815068621103, 40.54377203675729], [-74.13852649744571, 40.54357854230626], [-74.13834151288822, 40.543551828814245], [-74.13852282835339, 40.54340155175469], [-74.13956971698569, 40.54427227483065], [-74.13983697786095, 40.54405246234096], [-74.13870632397268, 40.543291410834584], [-74.13890636539442, 40.543131777602504], [-74.13877140226839, 40.54329133220313], [-74.1390367192296, 40.54322699394081], [-74.1396764048069, 40.54388899585877], [-74.13988897406256, 40.54375247188513], [-74.13970350694184, 40.5439087771865], [-74.1398652726434, 40.544026844009714], [-74.14001283835921, 40.54383042684498], [-74.14038573073617, 40.544033185008075], [-74.14032848694484, 40.543802087271246], [-74.13921993485874, 40.543166085138104], [-74.13940810077588, 40.54301658508802], [-74.14029571947157, 40.54364045715571], [-74.14012638219599, 40.54351339341706], [-74.14028734539116, 40.5433850711194], [-74.13936132804027, 40.54282586399879], [-74.1395368154802, 40.542682150869986], [-74.14030634258127, 40.54336711011457], [-74.14062715566955, 40.543113029692705], [-74.13963169074167, 40.54254109756638], [-74.13985859891669, 40.542357175129276], [-74.14064614869828, 40.5430942149023], [-74.14084520303832, 40.542938844979226], [-74.14132426794235, 40.5430941338304], [-74.14016510037457, 40.54236621843368], [-74.14033528229751, 40.5422282092597], [-74.14020723606573, 40.54236522429853], [-74.14141073560397, 40.54302241508055], [-74.14107892119061, 40.542791171851775], [-74.14133547192966, 40.54258879247049], [-74.14026290400692, 40.541961511522786], [-74.14067998093041, 40.54190859297125], [-74.14134901379589, 40.54257752313177], [-74.14129442123689, 40.5423358758859], [-74.14148097474445, 40.54246770907066], [-74.14134854694547, 40.542290464871165], [-74.14154957905978, 40.54241061750474], [-74.14179719957052, 40.54220041538257], [-74.14089451090716, 40.5415711111929], [-74.14063984172124, 40.54169454203742], [-74.14095816832888, 40.54143207796516], [-74.14187307971923, 40.54216665812963], [-74.1416722624308, 40.54233546409548], [-74.14229632246158, 40.54225784915567], [-74.14218344286675, 40.542017861051875], [-74.14247662235951, 40.54133370977501], [-74.14177661383266, 40.54008845633492], [-74.14200459282473, 40.539567959164565], [-74.14172892651293, 40.53933948409718], [-74.1423035127584, 40.539069975289806], [-74.14176587793762, 40.538542040999914], [-74.14226513007988, 40.53814035366484], [-74.14186762291457, 40.538444090719395], [-74.1421671801914, 40.53793276106835], [-74.14121865335552, 40.53725399843267], [-74.14104157916547, 40.53734688546751], [-74.14129825471821, 40.53713817794849], [-74.14218574841878, 40.53791777829176], [-74.14238963689803, 40.537753261007545], [-74.14158287690883, 40.537087577952576], [-74.14374951249268, 40.53719106134647], [-74.14474069813576, 40.53580104421141], [-74.14536324652758, 40.53585635689669], [-74.14598880766482, 40.53538158873761], [-74.14625512927707, 40.53553868473362], [-74.14794320046134, 40.534923016993154], [-74.14977717489465, 40.533887869806904], [-74.1497584648889, 40.533424302751605], [-74.15069553618272, 40.53254583893732], [-74.1511202569052, 40.53274138250691], [-74.15185337744485, 40.532164021023505], [-74.15245660936695, 40.53206794400112], [-74.15413110791108, 40.530722911256504], [-74.15404749949809, 40.53059456484184], [-74.15464111999897, 40.53033463842447], [-74.15454357374453, 40.530062136303826], [-74.15492894849395, 40.53022548357583], [-74.15564782339318, 40.52964298409583], [-74.1555035725126, 40.52943802633786], [-74.15573153435155, 40.5296009050352], [-74.15622373887356, 40.52921970935322], [-74.1564581409916, 40.52897042748852], [-74.15608512824117, 40.52863938697628], [-74.1570186194626, 40.528977655809825], [-74.15826103107307, 40.52830049916315], [-74.15797239457906, 40.5280670858446], [-74.15832645126979, 40.52827842678335], [-74.15970134520207, 40.52729599283172], [-74.16134961699994, 40.52937342400011], [-74.15690813799995, 40.531262028000114], [-74.15397419799994, 40.53426814800012], [-74.15786625499994, 40.536558095000046], [-74.16540080799992, 40.54443272300009], [-74.16623327399996, 40.54734247900008], [-74.16707279199991, 40.54816306700015], [-74.16982582400001, 40.56109042100012], [-74.1649414939999, 40.5601117970001], [-74.16377941599991, 40.560316980000074], [-74.1615313009999, 40.56126935400011], [-74.15725974199995, 40.562553319000095], [-74.15585090399995, 40.56377444400008], [-74.154664477, 40.56551344300011], [-74.14789716899996, 40.57088728600016], [-74.14706472699994, 40.5705086150001]]]}}, {"type": "Feature", "properties": {"LocationID": 110}, "geometry": {"type": "Polygon", "coordinates": [[[-74.11876291999992, 40.551216114000084], [-74.11656290099995, 40.54912774200008], [-74.11495831999993, 40.54958143900009], [-74.11338340608125, 40.548073375075504], [-74.11473781165274, 40.547996610676755], [-74.11546177798424, 40.54751536252608], [-74.11654532176979, 40.5478723931468], [-74.11804133083706, 40.54730661289472], [-74.11977810044972, 40.54547045666185], [-74.12158070353594, 40.54520860391175], [-74.12245306050386, 40.54477054563001], [-74.12424449712773, 40.54311038091094], [-74.1307118427266, 40.53453507543643], [-74.13356443498029, 40.53151117480582], [-74.1369079907634, 40.5292819188829], [-74.13728504251857, 40.529740467985015], [-74.13883030715276, 40.52988935635321], [-74.13915076013691, 40.531520111622214], [-74.1406109270312, 40.53413060019034], [-74.14032475393472, 40.53528457972211], [-74.13995163489804, 40.53545708852787], [-74.13822429109703, 40.53520826733031], [-74.1350750932569, 40.53524117062316], [-74.13381005153853, 40.535642939890096], [-74.1330261157118, 40.53624033644863], [-74.13336905396339, 40.53635619522556], [-74.13301207668793, 40.536256065043034], [-74.13316120141162, 40.53637400270123], [-74.13294266453627, 40.53632203308216], [-74.13119545689379, 40.53787240877474], [-74.13152564883184, 40.53771854263853], [-74.13129269799775, 40.53795670187098], [-74.13181387201769, 40.5383073586859], [-74.13211244495555, 40.538052296677876], [-74.13169767602062, 40.537857123315945], [-74.131846271476, 40.53773464379969], [-74.13213560512452, 40.53803312718286], [-74.13243402654851, 40.53777653227296], [-74.13191182124638, 40.5375328409771], [-74.13207952279657, 40.537395034140594], [-74.13245302764156, 40.53776028136412], [-74.13275480490104, 40.53750453648016], [-74.13223596269246, 40.537262550736784], [-74.13239801584261, 40.53711886493288], [-74.1327760371171, 40.53748401091607], [-74.13307445571547, 40.537229123304215], [-74.13255786139064, 40.53699140775748], [-74.132735602333, 40.53685453524333], [-74.1330945751156, 40.537212017927956], [-74.13339187377338, 40.53695798434773], [-74.13287438280999, 40.536719632302564], [-74.1330350883952, 40.53657487562607], [-74.13341004365357, 40.536939721871136], [-74.13386054140379, 40.536597962494014], [-74.12996934203085, 40.53996776961436], [-74.13020869361581, 40.5397026638175], [-74.12968375508696, 40.539471719592626], [-74.12984555503498, 40.53932685696172], [-74.13022754297842, 40.53968371755653], [-74.13052164283053, 40.539425558119895], [-74.13000272814944, 40.53917239365876], [-74.13016935798473, 40.53903287802352], [-74.13054176521159, 40.53940930625588], [-74.1308390685189, 40.53914759289269], [-74.130322448993, 40.538900471244645], [-74.1304852829474, 40.53875891625618], [-74.13085918854094, 40.5391313398025], [-74.13115328715367, 40.538873574606505], [-74.13065428041827, 40.53861731113316], [-74.130799718963, 40.53849249031425], [-74.13117436985067, 40.53885516139878], [-74.13147424215317, 40.53859831488289], [-74.13097509115991, 40.53834174990229], [-74.1311196228268, 40.53821889282804], [-74.13149740072586, 40.538581381378314], [-74.13179350815649, 40.53832599199191], [-74.13116466312675, 40.537900135869286], [-74.12844667307078, 40.540249215719086], [-74.12770937956203, 40.54114913604918], [-74.12738789634466, 40.542295429964504], [-74.12767003295674, 40.54338134627309], [-74.12792830507608, 40.54337324705619], [-74.12762994038083, 40.54360889311576], [-74.12798968390734, 40.543484343631256], [-74.12781893446551, 40.54356439964473], [-74.12838196101643, 40.54434484832553], [-74.13011404715266, 40.54597572663586], [-74.13308664365854, 40.54683429509377], [-74.13585712583111, 40.54645169635754], [-74.13700629799996, 40.546967771000034], [-74.13861798499991, 40.548492384000085], [-74.13769731599992, 40.5493835460001], [-74.13455868199995, 40.55125507800006], [-74.13042459599988, 40.55443704200011], [-74.12730057799996, 40.557295172000124], [-74.1194585929999, 40.552221906000106], [-74.11852157499992, 40.55143427700012], [-74.11876291999992, 40.551216114000084]]]}}, {"type": "Feature", "properties": {"LocationID": 111}, "geometry": {"type": "Polygon", "coordinates": [[[-73.99516890099986, 40.6596695220001], [-73.99296401999992, 40.65833741000013], [-73.99238339499986, 40.658899016000134], [-73.990188415, 40.6576008180001], [-73.98843135299977, 40.659251212000164], [-73.98179568699996, 40.6552460970001], [-73.98029115499993, 40.64729716100007], [-73.98180533899996, 40.64712779900007], [-73.98905872499985, 40.64411924100014], [-73.99830602299986, 40.649740015000134], [-73.99779466000001, 40.65028889000011], [-74.00214474599989, 40.65295610700015], [-73.99516890099986, 40.6596695220001]]]}}, {"type": "Feature", "properties": {"LocationID": 112}, "geometry": {"type": "MultiPolygon", "coordinates": [[[[-73.95439555417066, 40.73911477252272], [-73.9519879435442, 40.73874762097696], [-73.94652352854791, 40.73692685395832], [-73.94719983367108, 40.73535517811431], [-73.94706532915383, 40.734401992819464], [-73.94659806707347, 40.73444222434747], [-73.94673692340704, 40.73529494372012], [-73.94692902737461, 40.735313140683914], [-73.94662663786625, 40.73586558516755], [-73.94644310074177, 40.735813184455964], [-73.94617195881506, 40.73620288877441], [-73.9458731056289, 40.73610183125833], [-73.94557048457217, 40.736612303910604], [-73.94499908889478, 40.73643669371283], [-73.94518507181313, 40.735479152677996], [-73.94451542117358, 40.73628439139558], [-73.94239443542429, 40.73542574994779], [-73.94114746701946, 40.734152927537785], [-73.94099746599917, 40.73379048555603], [-73.94115615809403, 40.733748909610014], [-73.9405686893023, 40.73305849425793], [-73.9398132262544, 40.73115268891221], [-73.9381033496066, 40.72972851952156], [-73.9369312479987, 40.7291080912657], [-73.93492926391862, 40.728543915753164], [-73.93226852175046, 40.72817465801583], [-73.93676382399988, 40.724838919000035], [-73.94195633599989, 40.72165231900009], [-73.94721341799986, 40.71856098600006], [-73.94841638599995, 40.71845553300014], [-73.94907816799986, 40.722540287000115], [-73.95064594299997, 40.721705693000075], [-73.95164632299998, 40.72348585700012], [-73.95477662900004, 40.72245950500014], [-73.95814292503528, 40.72440428420155], [-73.95795096213246, 40.725036439168576], [-73.95842611843923, 40.725400535832364], [-73.96012497133233, 40.72531963663704], [-73.96028544944221, 40.725948122413186], [-73.9616151883593, 40.72586556307419], [-73.9616171696375, 40.726661421991196], [-73.96099640841605, 40.728769126086114], [-73.96143187677843, 40.73096517164806], [-73.96190947717899, 40.73165137399762], [-73.9622634042328, 40.73291555162368], [-73.96406507049177, 40.732779040653824], [-73.96406047861366, 40.73294502382866], [-73.9623040801106, 40.733114091410854], [-73.96228520236923, 40.734047695876846], [-73.96157494306725, 40.735179614928796], [-73.95982931147853, 40.73706090063336], [-73.95837507902779, 40.738096949368824], [-73.9569300286511, 40.73888707307175], [-73.95439555417066, 40.73911477252272]]], [[[-73.96246790011047, 40.724131579601504], [-73.96200744849497, 40.72399190130399], [-73.9620727192192, 40.72388030020167], [-73.96246790011047, 40.724131579601504]]]]}}, {"type": "Feature", "properties": {"LocationID": 113}, "geometry": {"type": "Polygon", "coordinates": [[[-73.99002687699983, 40.73275628400014], [-73.99154832699986, 40.727089471000134], [-73.99657214499979, 40.7295522340001], [-73.99556245499996, 40.730715216000135], [-74.000066577, 40.732929236000096], [-73.99683993899998, 40.73736088900014], [-73.98990295999991, 40.7344347900001], [-73.99002687699983, 40.73275628400014]]]}}, {"type": "Feature", "properties": {"LocationID": 114}, "geometry": {"type": "Polygon", "coordinates": [[[-73.99257987399992, 40.724201555000114], [-73.9967717579999, 40.7254319440001], [-74.00281726599992, 40.72836312900014], [-74.00141242499994, 40.73106525600009], [-74.000066577, 40.732929236000096], [-73.99556245499996, 40.730715216000135], [-73.99657214499979, 40.7295522340001], [-73.99154832699986, 40.727089471000134], [-73.99257987399992, 40.724201555000114]]]}}, {"type": "Feature", "properties": {"LocationID": 115}, "geometry": {"type": "Polygon", "coordinates": [[[-74.0805160199999, 40.62809988400006], [-74.08099625499995, 40.627339814000095], [-74.08241960099991, 40.627452403000106], [-74.08326107499997, 40.62719474300017], [-74.08404821100001, 40.62644102100011], [-74.08496211899991, 40.624625233000124], [-74.08626756599996, 40.617832011000154], [-74.08785147699993, 40.61524307300012], [-74.08720982799997, 40.61330697400016], [-74.08000094899994, 40.61855295200011], [-74.07253551699988, 40.62246402200008], [-74.07116568699992, 40.62069878600008], [-74.071134623, 40.62035994800012], [-74.0713113039999, 40.619608138000125], [-74.0718329299999, 40.618900751000105], [-74.07397615999992, 40.61747364200009], [-74.07502569899994, 40.616378739000055], [-74.07939423999989, 40.6090843640001], [-74.0815547009999, 40.60629029700006], [-74.08542756199994, 40.6070223900001], [-74.09410959099992, 40.61040655200008], [-74.0977696879999, 40.610623593000085], [-74.09987733699994, 40.61291865300008], [-74.10209434299992, 40.6146004910001], [-74.10350925299994, 40.61641607500011], [-74.10254940599991, 40.61685368500008], [-74.10004426999996, 40.61935795500014], [-74.0922397139999, 40.62574291500009], [-74.08934045699996, 40.629923285000125], [-74.08835621399997, 40.63073496400012], [-74.08574928999991, 40.633955557000064], [-74.08491321699994, 40.63363992400011], [-74.08140615499994, 40.630301236000065], [-74.08173135399988, 40.63001222600014], [-74.07972492199994, 40.62895068800005], [-74.0805160199999, 40.62809988400006]]]}}, {"type": "Feature", "properties": {"LocationID": 116}, "geometry": {"type": "Polygon", "coordinates": [[[-73.93924885699987, 40.82829635100009], [-73.94292366900005, 40.82326058700008], [-73.94515456999994, 40.82087626500012], [-73.94808289799983, 40.82210802200013], [-73.94854029799983, 40.8214876230001], [-73.94992194399984, 40.82207231400009], [-73.95082880000002, 40.82082793700006], [-73.95634010399982, 40.82309232800008], [-73.95954472552475, 40.823644941829485], [-73.95725896977147, 40.82711730987331], [-73.95694866420463, 40.82700055393528], [-73.95631784510306, 40.827944215388754], [-73.955039129784, 40.827413431912014], [-73.95454188062122, 40.82786147636569], [-73.95015521048293, 40.8343967594081], [-73.94941570599993, 40.834358590000114], [-73.93864026699997, 40.829738874000064], [-73.93924885699987, 40.82829635100009]]]}}, {"type": "Feature", "properties": {"LocationID": 117}, "geometry": {"type": "Polygon", "coordinates": [[[-73.77768759425464, 40.60980458137136], [-73.7752225507697, 40.60970354714708], [-73.77412897394223, 40.60874659586831], [-73.77481441008918, 40.60839956311252], [-73.77421737753347, 40.6076366389716], [-73.77460294599074, 40.60741764888273], [-73.77484886546486, 40.60802483315987], [-73.77523851986172, 40.6085509430004], [-73.77600772152827, 40.60919075424833], [-73.77494598484249, 40.608065420270776], [-73.77459009469509, 40.60729765709558], [-73.77458447675636, 40.60652596732092], [-73.77518711261325, 40.60450025631864], [-73.77469363854065, 40.60430696481747], [-73.7753760831684, 40.60415730886801], [-73.7758814058216, 40.6034716817536], [-73.77605391761065, 40.60275289440239], [-73.77558895434596, 40.60304029958808], [-73.77568814362705, 40.60281474067075], [-73.77647924254995, 40.60244817664361], [-73.77648988688918, 40.602171725686716], [-73.7778030236484, 40.60096655219688], [-73.77836872926964, 40.60083878007592], [-73.77807565215485, 40.600700774366864], [-73.77815821309493, 40.60040208530321], [-73.78017210547576, 40.600697832845455], [-73.78194090074186, 40.599073841775784], [-73.7818572569845, 40.59837293018524], [-73.7813297399812, 40.59775303744711], [-73.78016742223146, 40.59720085941026], [-73.78005493695551, 40.59686134490909], [-73.7797184031111, 40.59735254828673], [-73.77742174810759, 40.59881240436162], [-73.7771985062932, 40.59957695925322], [-73.77599890906717, 40.60139334590789], [-73.77497513649519, 40.60174817941205], [-73.7747421272563, 40.60096342643785], [-73.77448133964737, 40.600987703851004], [-73.77474724721814, 40.60094979034347], [-73.77474285023148, 40.600743783106545], [-73.77411995097057, 40.59988138129014], [-73.7742233845751, 40.599005218743244], [-73.77374432839089, 40.59867015398173], [-73.77363244061031, 40.5981531234669], [-73.77300592490842, 40.597867499657326], [-73.77167614196895, 40.59797780097211], [-73.77112127437523, 40.59829301648264], [-73.77037059124739, 40.59808935894128], [-73.76947725104579, 40.59825776972765], [-73.76809925802587, 40.59784597005506], [-73.76771811799993, 40.596261310000116], [-73.76717720099997, 40.59662318100009], [-73.76695532899997, 40.598067274000094], [-73.76599689399985, 40.59872106200009], [-73.76654204999997, 40.599434442000096], [-73.76444582499997, 40.600435241000106], [-73.76336096499996, 40.59910504300014], [-73.76165797299984, 40.59997307000007], [-73.76128753399995, 40.599549271000136], [-73.7633344969999, 40.59782287400011], [-73.76277845599988, 40.59475654400009], [-73.76440183099986, 40.594571683000105], [-73.76376223423699, 40.59143970901701], [-73.76796973006509, 40.590729482964555], [-73.76872708525137, 40.59087006895576], [-73.7759304282186, 40.59018140832809], [-73.7758368859526, 40.590324598757896], [-73.77918495356101, 40.58959310889551], [-73.78043036101892, 40.58959662142923], [-73.7845331104848, 40.58847805521806], [-73.78768370715751, 40.587922937712236], [-73.78860298459861, 40.58748444605299], [-73.78945065591779, 40.58762324290723], [-73.79602046510774, 40.586319047176026], [-73.79670174417555, 40.58636727152481], [-73.80330229481847, 40.58488615648948], [-73.80377557037241, 40.58501469648534], [-73.80651754277206, 40.58446468676194], [-73.80783502965463, 40.58401495035313], [-73.81352448727559, 40.58347314904693], [-73.81730795916116, 40.58233475897019], [-73.81751059199993, 40.58278527100013], [-73.81544517899997, 40.58337349200012], [-73.81788322399981, 40.58744846900007], [-73.81849901800001, 40.58736235300009], [-73.81909407399996, 40.58783196100009], [-73.81883722364618, 40.58825143495916], [-73.81741586147443, 40.58891701410988], [-73.8176380045051, 40.589285799485396], [-73.81674197582348, 40.58931916984611], [-73.81524832374934, 40.58998905679566], [-73.8147478467245, 40.5905881261725], [-73.81340983344633, 40.590917823111965], [-73.81325671566422, 40.5910463024911], [-73.81358856612626, 40.59169768582381], [-73.81323474432585, 40.59107074001776], [-73.81170344836342, 40.59159374663808], [-73.81151303182712, 40.59178349031695], [-73.81149423585859, 40.592901326696975], [-73.81132554567534, 40.59174649614595], [-73.8110076658511, 40.59176829725995], [-73.81081791874632, 40.59209026869624], [-73.8109501895272, 40.59250305914477], [-73.81138593152033, 40.59244231845475], [-73.81140751227157, 40.59287125723891], [-73.81107287021051, 40.59302233057227], [-73.8113733128964, 40.592703054284385], [-73.81074974913311, 40.592792113552754], [-73.81137347255543, 40.59268449963332], [-73.81135829315778, 40.59246258404507], [-73.81093965894601, 40.59254684780691], [-73.81080537904415, 40.59209209573534], [-73.80991130015991, 40.59225371768267], [-73.81006184504064, 40.59307761089742], [-73.80973138393709, 40.59240418605349], [-73.8098074971652, 40.59271040950489], [-73.80970982436389, 40.59243960833961], [-73.80950556866756, 40.59277519735697], [-73.80959170493088, 40.593580688618246], [-73.80602807459857, 40.59200930900466], [-73.80577902839048, 40.59075949966878], [-73.8058134261234, 40.59186886150226], [-73.80430333508215, 40.59131887880476], [-73.80416569103024, 40.59185470983297], [-73.80782611143395, 40.593369934825645], [-73.80804688683963, 40.59365031287637], [-73.80781142831067, 40.59390737987572], [-73.8079775709933, 40.594157868664574], [-73.80711253952029, 40.59528407542449], [-73.80604149807385, 40.595554555213724], [-73.80485298477258, 40.59505633604351], [-73.80411459954651, 40.59431917045357], [-73.80412568015268, 40.59351380510333], [-73.80380902231202, 40.59289116392555], [-73.80303153999354, 40.59257718949025], [-73.8024384629031, 40.59264006383529], [-73.80250965087272, 40.593948128041696], [-73.80313503440718, 40.59375794307146], [-73.80318082190897, 40.593945378131124], [-73.80251304282993, 40.593966851792636], [-73.80256837601054, 40.59427226699431], [-73.80324253170998, 40.594087239865566], [-73.80328793893025, 40.59428211589197], [-73.80234513845657, 40.59449597525709], [-73.8031857440441, 40.59466300284185], [-73.80344017041448, 40.594434209177], [-73.80319675364962, 40.59467819988344], [-73.80337754303827, 40.59486904065921], [-73.80365519313493, 40.59473064203025], [-73.80372454267375, 40.59481711198015], [-73.80365167080724, 40.59475314278176], [-73.8033846803619, 40.594885260358865], [-73.80320010623193, 40.594872846424394], [-73.80339097327904, 40.59500651249436], [-73.80321494251235, 40.59514564845082], [-73.80389507006726, 40.59499087536745], [-73.80331453729063, 40.595179561939666], [-73.80368468695728, 40.595197790184], [-73.80486462646938, 40.596733628351686], [-73.80513406252756, 40.59660758897069], [-73.80524832538248, 40.59689503261375], [-73.80519243494223, 40.597190375995815], [-73.80516341154967, 40.5967579920315], [-73.80487565214911, 40.596748535931845], [-73.80511185479908, 40.597151047998246], [-73.80471112228027, 40.59767466319535], [-73.80393338922408, 40.597943498584115], [-73.80297943325748, 40.5988443045532], [-73.80167092680178, 40.5988963092697], [-73.80094867862815, 40.59915166462013], [-73.80091500623944, 40.59939076113591], [-73.80077654707628, 40.59916236047845], [-73.8004737922779, 40.599331559123904], [-73.7991604000919, 40.59925813759479], [-73.79914327503613, 40.59941879886309], [-73.79914024196671, 40.599258494216095], [-73.79843078589377, 40.599173714088295], [-73.7945736159583, 40.59941902430595], [-73.79330907387678, 40.59996846559893], [-73.79233256449508, 40.59995439142606], [-73.7878575563353, 40.603111171930266], [-73.78635332811808, 40.60319465903863], [-73.78617884041063, 40.60303206337722], [-73.7871624185521, 40.60232643157505], [-73.78792994192655, 40.60099530305124], [-73.79034006550985, 40.59919167636025], [-73.79107079436692, 40.59719836237307], [-73.79102536652763, 40.59552715721611], [-73.79083826830144, 40.59499687651826], [-73.79042048230902, 40.59475269500848], [-73.79057004196036, 40.594951800299945], [-73.79080626141678, 40.59609339588446], [-73.79059442974041, 40.59610838477301], [-73.79053857666516, 40.594980784056226], [-73.7901526364882, 40.594768202273], [-73.79042481472277, 40.596053932154085], [-73.79017830001315, 40.59607131970461], [-73.79013119491599, 40.59482287479862], [-73.78973901889819, 40.59474366855474], [-73.78999909439095, 40.59620894350348], [-73.78969872360817, 40.59622803991152], [-73.78967389675834, 40.59486047590036], [-73.78940242709974, 40.594949785523895], [-73.78911266330519, 40.595473458912174], [-73.78926858096266, 40.596453723749086], [-73.7890682912148, 40.59801992738281], [-73.78597109766216, 40.60031649181488], [-73.78579378813264, 40.60056892899864], [-73.78614358698641, 40.60064861875197], [-73.78578006551935, 40.60059326189323], [-73.78564205273257, 40.60079719452107], [-73.78598359117792, 40.60091823794211], [-73.78563276373285, 40.60081638362862], [-73.78539358087029, 40.601518021708664], [-73.78448233170379, 40.60180009858312], [-73.78350560905308, 40.602563438742884], [-73.78312802405742, 40.6037609928533], [-73.78394764971192, 40.60482442511702], [-73.78366696292244, 40.60532443693447], [-73.77927015444938, 40.60930736180772], [-73.77768759425464, 40.60980458137136]]]}}, {"type": "Feature", "properties": {"LocationID": 118}, "geometry": {"type": "Polygon", "coordinates": [[[-74.10834417899996, 40.61023476700016], [-74.09555829799993, 40.61062477800008], [-74.09305685599998, 40.61011993600008], [-74.09045495899996, 40.609094526000106], [-74.09239912899989, 40.607072289000115], [-74.09271908099993, 40.60636222200012], [-74.09244145299986, 40.60411958600008], [-74.09290036399996, 40.60135887200012], [-74.09172051499995, 40.59922085700006], [-74.09192827899987, 40.598504051000106], [-74.09272305199994, 40.597464264000116], [-74.09375453799998, 40.59674489000009], [-74.09722072899997, 40.59536515500006], [-74.10041498999992, 40.5933430930001], [-74.10097579699995, 40.591832234000044], [-74.10088251699995, 40.5901792160001], [-74.10149482299994, 40.58934426100011], [-74.10790851599995, 40.58368563800012], [-74.10924835599995, 40.582678413000096], [-74.11306954499995, 40.58076852200008], [-74.11562578099988, 40.57847975300012], [-74.11702078499995, 40.57819692600007], [-74.11910954899994, 40.57615725200009], [-74.1212571389999, 40.57525489400011], [-74.12209602099993, 40.57513258700007], [-74.1231838069999, 40.5757518520001], [-74.12513333899997, 40.57587998800011], [-74.12708814699995, 40.576369106000136], [-74.12765358199992, 40.57523494300008], [-74.13261022999991, 40.5735301630001], [-74.14418588199999, 40.57203741000008], [-74.14387453599991, 40.5706065940001], [-74.14438744999991, 40.56970610100012], [-74.14789716899996, 40.57088728600016], [-74.154664477, 40.56551344300011], [-74.15585090399995, 40.56377444400008], [-74.15725974199995, 40.562553319000095], [-74.1615313009999, 40.56126935400011], [-74.16377941599998, 40.5603169790001], [-74.1649414939999, 40.5601117970001], [-74.16982582400001, 40.56109042100012], [-74.16962643399991, 40.568298410000125], [-74.16995465599994, 40.57345803800011], [-74.16962344999997, 40.57842904400009], [-74.16842916199994, 40.58649792300007], [-74.1676915249999, 40.588831493000036], [-74.16578641299995, 40.590707804000075], [-74.16260370599997, 40.59315736600012], [-74.16200333499994, 40.59432685100012], [-74.16189940599996, 40.59529877100014], [-74.16025756099997, 40.59534393800008], [-74.15989227899996, 40.59517014100005], [-74.1481980769999, 40.58859968100014], [-74.1438732669999, 40.588615299000125], [-74.13864458599996, 40.5890608050001], [-74.13639761399997, 40.59197345700007], [-74.13510176799998, 40.59453503300013], [-74.13385485799995, 40.59635784600011], [-74.13123935899998, 40.59830974900013], [-74.13091909399999, 40.5988550480001], [-74.12506115499997, 40.59818005600007], [-74.12070424299995, 40.60070598100009], [-74.12059546299996, 40.60180975800008], [-74.11487058399989, 40.60213666000014], [-74.11511342599988, 40.60253381700005], [-74.11587716399993, 40.60725747100004], [-74.11706965299993, 40.60820625000014], [-74.117424665, 40.60928900900011], [-74.12116879899992, 40.60883437600008], [-74.12135179599994, 40.60976526800011], [-74.11687458199991, 40.6109718260001], [-74.11508745399988, 40.61120943100012], [-74.10834417899996, 40.61023476700016]]]}}, {"type": "Feature", "properties": {"LocationID": 119}, "geometry": {"type": "Polygon", "coordinates": [[[-73.9247831879999, 40.84475266500007], [-73.91729224999992, 40.8451099400001], [-73.91749203599986, 40.843740262000125], [-73.91795571399985, 40.843101900000136], [-73.91794965199988, 40.84222957100016], [-73.91618344399991, 40.84233490000012], [-73.91901668400004, 40.83838109300007], [-73.92399049499991, 40.83505229800008], [-73.92537540099983, 40.83262809600012], [-73.92802724899997, 40.82971953900005], [-73.93003491599993, 40.82858759000009], [-73.93307251084072, 40.82815615251829], [-73.93360592036706, 40.83278953052096], [-73.93314306709256, 40.835194127616695], [-73.9326562035398, 40.83647347652611], [-73.93051572319956, 40.839933642184086], [-73.93048324521037, 40.84046006056728], [-73.92919408007222, 40.842818415237126], [-73.92861574822331, 40.84467686503013], [-73.92808209386837, 40.84539159691691], [-73.9247831879999, 40.84475266500007]]]}}, {"type": "Feature", "properties": {"LocationID": 120}, "geometry": {"type": "Polygon", "coordinates": [[[-73.92295449499989, 40.858850762000074], [-73.92282845999992, 40.85685140900011], [-73.92204492207946, 40.85685415979219], [-73.92237756617774, 40.85655807349548], [-73.92227873064479, 40.855654988843945], [-73.92971850477531, 40.845231778263894], [-73.93089465201413, 40.842538340142085], [-73.93436121591056, 40.83620061961798], [-73.93479886299984, 40.836110116000086], [-73.93496274099988, 40.83575993400008], [-73.93838508899995, 40.83311350300008], [-73.94007905799997, 40.8304639570001], [-73.94034643299983, 40.830457842000094], [-73.94024600800003, 40.83184212100011], [-73.93947814499981, 40.83301348900011], [-73.93804235799993, 40.834288545000106], [-73.93638316899992, 40.83785012500007], [-73.93505508799984, 40.83933323600008], [-73.93500575299987, 40.83985191100012], [-73.93562826699996, 40.841279362000115], [-73.93556697199989, 40.84171252800012], [-73.9306210789998, 40.8484809770001], [-73.92970731599995, 40.84812261200006], [-73.927079823, 40.851432343000084], [-73.92703315699981, 40.85220077500008], [-73.92769565699982, 40.8524877820001], [-73.92469199999985, 40.8566419970001], [-73.92466977999999, 40.85698261100008], [-73.92518924999993, 40.85802753700013], [-73.9261752689999, 40.858154096000135], [-73.92691117499996, 40.857508760000066], [-73.92709951599984, 40.85827552100011], [-73.92676563099991, 40.85891478400003], [-73.92528662599987, 40.86012579700016], [-73.92499818399988, 40.86146373800009], [-73.92474153399992, 40.86159363800011], [-73.92295449499989, 40.858850762000074]]]}}, {"type": "Feature", "properties": {"LocationID": 121}, "geometry": {"type": "Polygon", "coordinates": [[[-73.813224018, 40.738702254000096], [-73.79607605199982, 40.73814429800015], [-73.79651029099988, 40.737908637000096], [-73.79584803299987, 40.73807468000009], [-73.79594852799994, 40.73781371900008], [-73.79458633199991, 40.73505225200008], [-73.79459486499994, 40.73340935800008], [-73.79397708699996, 40.732296853000086], [-73.79378938699996, 40.730701182000146], [-73.79157252999995, 40.72532961200009], [-73.79045149300003, 40.723554532000044], [-73.79037661699995, 40.720103724000126], [-73.79073248899982, 40.719208757000075], [-73.79315493399994, 40.71891757900006], [-73.8002167269999, 40.71673785900007], [-73.80394838899987, 40.716102912000125], [-73.80780927699995, 40.71585389600012], [-73.80904032699983, 40.71991160500008], [-73.80452680199981, 40.72146254600008], [-73.80487958299982, 40.72504959300008], [-73.80652142399995, 40.7248730640001], [-73.80717042299993, 40.72826913300007], [-73.81111797299988, 40.72781641600014], [-73.81070500999995, 40.72677128900005], [-73.81074426599986, 40.72626511300011], [-73.81510024099985, 40.728543423000104], [-73.81469163099986, 40.73594999400016], [-73.81504998799984, 40.73894313400012], [-73.813224018, 40.738702254000096]]]}}, {"type": "Feature", "properties": {"LocationID": 122}, "geometry": {"type": "Polygon", "coordinates": [[[-73.75832728699997, 40.71958208900004], [-73.75370834599993, 40.71332463700006], [-73.75047058199985, 40.70563993100013], [-73.76095546600004, 40.702909578000146], [-73.76126359299997, 40.70359894000012], [-73.76612489399999, 40.70233448600011], [-73.766572825, 40.70275162100015], [-73.76725075899984, 40.70631255800012], [-73.76825969099993, 40.70952636800015], [-73.76881217299984, 40.709808124000084], [-73.77172444699998, 40.71031681900011], [-73.77076577600003, 40.710735238000076], [-73.76943987099992, 40.711976893000056], [-73.77192122100001, 40.715685045000136], [-73.76664095199988, 40.717646614000074], [-73.765714472, 40.716393379000074], [-73.75832728699997, 40.71958208900004]]]}}, {"type": "Feature", "properties": {"LocationID": 123}, "geometry": {"type": "Polygon", "coordinates": [[[-73.96285973999984, 40.612549486000084], [-73.96237947799978, 40.60998637400017], [-73.95859278499987, 40.610403031000075], [-73.95683001599991, 40.60108734900016], [-73.95775745999987, 40.60098588900015], [-73.95607720399984, 40.592101432000135], [-73.95700330399997, 40.592002256000086], [-73.95619313699986, 40.587762269000144], [-73.96034953599988, 40.58730628600012], [-73.9606798409999, 40.59159758200014], [-73.97115101799994, 40.59044244400009], [-73.97189684799982, 40.59435251100009], [-73.97153324499989, 40.59636870900011], [-73.97132951099988, 40.59635243100013], [-73.9719108049999, 40.599423059000095], [-73.97291116900001, 40.59931580400017], [-73.97217742800002, 40.604194712000066], [-73.97299433999983, 40.60881414200008], [-73.96429649899991, 40.60977642600013], [-73.96478112799986, 40.61233092200009], [-73.96285973999984, 40.612549486000084]]]}}, {"type": "Feature", "properties": {"LocationID": 124}, "geometry": {"type": "MultiPolygon", "coordinates": [[[[-73.86131863599985, 40.67502126900009], [-73.84322150199992, 40.66934041100012], [-73.84243585399989, 40.669288557000115], [-73.84215802199992, 40.66870144800007], [-73.84013623800001, 40.6682680250001], [-73.84008991099994, 40.668436556000124], [-73.83334819299995, 40.666773187000146], [-73.82859942399985, 40.657196973000076], [-73.82639242872236, 40.648324348808025], [-73.82681157114656, 40.648776515307674], [-73.82891475597495, 40.64937915582083], [-73.82986948766401, 40.650429630644496], [-73.83001172288489, 40.65091735424806], [-73.83093651353481, 40.65162612925601], [-73.83133151403268, 40.65274755744282], [-73.83129214295735, 40.65347092446858], [-73.83158322059658, 40.653813786333885], [-73.82901417557953, 40.65610788445261], [-73.82966677652134, 40.655599040016554], [-73.83044328071922, 40.65551947244468], [-73.83060245974755, 40.65480688977775], [-73.8317081441153, 40.65393117429708], [-73.83205445130537, 40.65404641806784], [-73.83200052870741, 40.65444081896525], [-73.83221698518575, 40.65446038629313], [-73.83149330103005, 40.65497982053988], [-73.83116100809627, 40.65591923373734], [-73.83003301456556, 40.656567168336274], [-73.82937603410723, 40.65650633521617], [-73.82930974695338, 40.65693245753537], [-73.82896778740296, 40.65720524792025], [-73.82917919734568, 40.65779977854447], [-73.83013028740389, 40.65840264372136], [-73.82970706838906, 40.65850251386469], [-73.82959986903019, 40.65865680691558], [-73.83014950104759, 40.6598086849575], [-73.82969520083391, 40.65865592869167], [-73.83024427039375, 40.658349969348365], [-73.82922393902857, 40.657706512384124], [-73.82909434825203, 40.6573342186635], [-73.82950265119837, 40.65664743198343], [-73.83009172569676, 40.65673635744886], [-73.83127112568108, 40.656003271494875], [-73.8318523847929, 40.65488503826711], [-73.8321818606802, 40.65489475195496], [-73.83290309524601, 40.65748377162321], [-73.83194394578256, 40.656171427253575], [-73.83260036370599, 40.657826591627526], [-73.83096907996668, 40.65823029417254], [-73.83128446183628, 40.658406682630655], [-73.83338439472544, 40.658051859208186], [-73.83111241541593, 40.649419922041574], [-73.83109184464118, 40.648484806759484], [-73.83166902767807, 40.64797221101786], [-73.83461829473161, 40.64812410539701], [-73.83561034795801, 40.64850568470074], [-73.83878517503125, 40.661088448434974], [-73.83805800948616, 40.66200606333925], [-73.8387360855594, 40.662454060021275], [-73.83997949975625, 40.66190427386242], [-73.83978752612933, 40.660485998048195], [-73.83592320073284, 40.64549979067515], [-73.84000646464365, 40.64513606888901], [-73.84058394688778, 40.644863026022804], [-73.84950699084165, 40.64413376567896], [-73.85183280737658, 40.64586005671281], [-73.85236722518137, 40.6468508038353], [-73.85230349886226, 40.647771028550395], [-73.85159089132347, 40.649096478442324], [-73.85090552461405, 40.64916819600056], [-73.85057653598565, 40.65034992519303], [-73.85037708349644, 40.6502744998758], [-73.85042261012721, 40.650476994825574], [-73.84925726840814, 40.65103153255115], [-73.84939766406322, 40.65143487895051], [-73.84992253316281, 40.65165796360392], [-73.8507849972619, 40.651532851904506], [-73.85250949612202, 40.65055140371201], [-73.85403329487946, 40.65066031157496], [-73.85591932944749, 40.65130926166627], [-73.85627612714923, 40.65165453370866], [-73.85671288972269, 40.65280166454178], [-73.8570538834724, 40.65296670010571], [-73.85772331773968, 40.65272622907182], [-73.85828132383823, 40.652994872152014], [-73.85930573554418, 40.65497238338451], [-73.86136381950391, 40.65641475416552], [-73.86136038361256, 40.65659420520731], [-73.86061669329668, 40.65646465720715], [-73.86020839501049, 40.6570103744467], [-73.86006777819523, 40.65677986104971], [-73.85983363521494, 40.65697706322064], [-73.86007499798218, 40.657048611080135], [-73.85981027609661, 40.65732241149392], [-73.85993897279535, 40.657720177150516], [-73.85957204817525, 40.658035349751934], [-73.8596355866937, 40.65845777205674], [-73.86025847890078, 40.65862971173926], [-73.86023236327559, 40.658897130560234], [-73.86051208590054, 40.65849767230173], [-73.86098077540692, 40.65838130334345], [-73.86049000450191, 40.65899414386654], [-73.86061207311211, 40.65932653460533], [-73.86124943398261, 40.65872091007884], [-73.8612728030787, 40.6582651676849], [-73.86095892095699, 40.6580609430231], [-73.85976839588899, 40.65828193634594], [-73.86057551685668, 40.657836052233904], [-73.86034164704868, 40.65724790569819], [-73.86087597607579, 40.65690816207025], [-73.86161371163614, 40.65699651025306], [-73.86170301269323, 40.658024889483634], [-73.86269778299766, 40.657618309006345], [-73.86317083299996, 40.65827651200013], [-73.8603597819999, 40.65964582900012], [-73.85761052799985, 40.66010835600011], [-73.85842950899992, 40.66345336000006], [-73.85568461199988, 40.66386749200013], [-73.85763323099987, 40.671656194000064], [-73.86038937900001, 40.67126877500005], [-73.86131863599985, 40.67502126900009]]], [[[-73.83032725337058, 40.65513280580348], [-73.83026601851492, 40.65542864678493], [-73.82988919856028, 40.65552282258427], [-73.82994556435834, 40.65542449435319], [-73.83032725337058, 40.65513280580348]]], [[[-73.85975533686633, 40.65410417609513], [-73.86048308199986, 40.65465892800008], [-73.86098917376945, 40.65520976705275], [-73.86045463170862, 40.65506710736635], [-73.85979242750741, 40.65447615737717], [-73.85975533686633, 40.65410417609513]]], [[[-73.85898002989568, 40.65267545791791], [-73.85975533686633, 40.65410417609513], [-73.85941022942576, 40.65386473792521], [-73.85898002989568, 40.65267545791791]]], [[[-73.85898002989568, 40.65267545791791], [-73.85731941515513, 40.65123709900803], [-73.85695870295892, 40.65058737348732], [-73.85898002989568, 40.65267545791791]]]]}}, {"type": "Feature", "properties": {"LocationID": 125}, "geometry": {"type": "Polygon", "coordinates": [[[-74.00269315099992, 40.728314055000084], [-74.00214891499996, 40.7280353670001], [-74.003730175, 40.726250059000165], [-74.00536435999994, 40.72218395200015], [-74.0053098609999, 40.72182419200006], [-74.0108123829999, 40.72578980300015], [-74.01102457999994, 40.72579386200012], [-74.01135428299995, 40.724277183000076], [-74.0119643202455, 40.724329864620074], [-74.01165326569942, 40.725871761851536], [-74.01520426531131, 40.72636194937984], [-74.01512356549452, 40.72679394256478], [-74.011542018976, 40.726447346927266], [-74.01138323602366, 40.72822927218374], [-74.01076791499999, 40.728173958000106], [-74.01067264999996, 40.72911266600007], [-74.00269315099992, 40.728314055000084]]]}}, {"type": "Feature", "properties": {"LocationID": 126}, "geometry": {"type": "Polygon", "coordinates": [[[-73.88609624199987, 40.82765577700009], [-73.88706248999988, 40.823190275000144], [-73.88753429599986, 40.82250933900014], [-73.8843985489999, 40.82296557600006], [-73.88244779599998, 40.819268323000124], [-73.8780628329999, 40.81618263200013], [-73.87663459981847, 40.81571150804976], [-73.87673185506821, 40.81538649648675], [-73.87239437900097, 40.81397433560603], [-73.87095753684095, 40.81214618060964], [-73.87056806927927, 40.812087317622606], [-73.87055342191628, 40.81124338072308], [-73.86811219140058, 40.80675183283198], [-73.86846346959149, 40.80593654893919], [-73.87174509373908, 40.80154736611633], [-73.87238060453703, 40.801290114632906], [-73.87234684998835, 40.800174763010666], [-73.87297862944645, 40.800250689026605], [-73.8728771106369, 40.80084008904637], [-73.8726270581177, 40.80079186150183], [-73.87270503758596, 40.801167176810765], [-73.87355096572502, 40.80085330277204], [-73.87467716313955, 40.80097942336691], [-73.87473060452689, 40.80125663762883], [-73.87526517037327, 40.80139815254867], [-73.87585788581308, 40.80145598758655], [-73.87592998071507, 40.801084223593904], [-73.87814218819929, 40.801319290306694], [-73.8779064649521, 40.80227180102033], [-73.87843295513449, 40.80270273469513], [-73.88005462984884, 40.80276015140775], [-73.88369542422481, 40.80216212360307], [-73.88396462519694, 40.801965148359834], [-73.88369036996541, 40.80194525580535], [-73.88372326665917, 40.801862843941215], [-73.88505172336708, 40.802130906798176], [-73.88727097347115, 40.80394700233688], [-73.8872473845825, 40.804186141119594], [-73.88795897223945, 40.8049979259208], [-73.88859217706313, 40.80478927560052], [-73.88927892586686, 40.80518182876024], [-73.889441059023, 40.80544009355667], [-73.88922416091161, 40.80584535119215], [-73.88999598170764, 40.804886286752975], [-73.890150985016, 40.804958182262745], [-73.8893743925369, 40.805925273115406], [-73.89005932692345, 40.805704325184124], [-73.89149903729991, 40.80593123874331], [-73.89144104277274, 40.805661898565006], [-73.89178618135598, 40.805622892086404], [-73.89197929534278, 40.806384708976395], [-73.89270681066346, 40.806343949098284], [-73.89253177139425, 40.80565655156846], [-73.89227315843527, 40.805702433124985], [-73.89216364547643, 40.80530259256561], [-73.8912671062289, 40.80501048942435], [-73.89128402413917, 40.80497628189936], [-73.89186610809385, 40.805090487426824], [-73.89219739671567, 40.805284687919546], [-73.89230020327585, 40.805660605670305], [-73.89256667738417, 40.80562071000492], [-73.8927481403741, 40.80634026130219], [-73.8946325235109, 40.80623233192223], [-73.89472601909603, 40.806026246583684], [-73.89485360535866, 40.80621490815893], [-73.89484295983623, 40.8057239970124], [-73.89509836487397, 40.80686363917373], [-73.89550633968572, 40.80659530530384], [-73.8952796287401, 40.8057661840681], [-73.89559109091819, 40.8065813433477], [-73.89567025138753, 40.80629013045709], [-73.89597794687755, 40.806517615839724], [-73.89587481599303, 40.8058085115826], [-73.89610824517877, 40.80649615095144], [-73.89623040737013, 40.80621047190234], [-73.89726014999152, 40.80604095984739], [-73.89749681953876, 40.80621440020273], [-73.89741472698567, 40.80580005947826], [-73.89763818741136, 40.806201320839044], [-73.89772827251059, 40.80596749413748], [-73.8980134089615, 40.806166604362], [-73.89787127990651, 40.80553498175985], [-73.89816110752683, 40.80613807010005], [-73.89804856839497, 40.80571827344652], [-73.89853926244915, 40.80541173173165], [-73.90097148274116, 40.804855541470275], [-73.9019953447206, 40.80475153435217], [-73.90222284749719, 40.80494811309495], [-73.90307457199998, 40.809880612000065], [-73.89759123799989, 40.813776873000116], [-73.89542858799986, 40.81584467200009], [-73.8970446669999, 40.81680186000009], [-73.89283653100001, 40.82097405500015], [-73.8958813589999, 40.82099257500007], [-73.89586019599982, 40.822631046000055], [-73.89320004999996, 40.82400818300013], [-73.89487088500002, 40.82393727200011], [-73.89483522899992, 40.826246841000135], [-73.89293226099981, 40.826787037000116], [-73.88789510999992, 40.82674318500007], [-73.88609624199987, 40.82765577700009]]]}}, {"type": "Feature", "properties": {"LocationID": 127}, "geometry": {"type": "MultiPolygon", "coordinates": [[[[-73.91154281116533, 40.87325370616191], [-73.9106487727767, 40.872296249465975], [-73.91043824727869, 40.87137747855197], [-73.91073681875089, 40.87094422427545], [-73.91092950706621, 40.86943591911355], [-73.91147752414803, 40.8694523424432], [-73.91103335740765, 40.869155253027124], [-73.91113013545254, 40.86892030091903], [-73.91273173919514, 40.8666052127115], [-73.91254775130287, 40.86651494300455], [-73.9139186313323, 40.864745584403735], [-73.91492387927858, 40.864580378919314], [-73.91441113392617, 40.864173627375735], [-73.91508583854264, 40.86444814392015], [-73.91589911645785, 40.86430803808525], [-73.91584686790445, 40.86411036963539], [-73.91519574800094, 40.863945224736014], [-73.91538673051149, 40.86308438420092], [-73.91729467741676, 40.861679418230864], [-73.91950213660932, 40.85879113379066], [-73.92047868273168, 40.859104092099024], [-73.92127091296308, 40.86018804281688], [-73.92159014848224, 40.86007280002706], [-73.92186633783652, 40.859181340149966], [-73.9212558013679, 40.858846553527215], [-73.92093869016941, 40.85812067446172], [-73.92060931660876, 40.85801869615323], [-73.9204843854752, 40.858232548062645], [-73.92035142875443, 40.85819522061932], [-73.92056458747452, 40.85788297887931], [-73.92077315152532, 40.8579411858581], [-73.9206311915981, 40.857795938073444], [-73.92070610816093, 40.85770101410212], [-73.9207176690908, 40.85777233268982], [-73.92101432159707, 40.85783880318077], [-73.92075532130517, 40.857557159145976], [-73.9215196726864, 40.8573489063802], [-73.92159160704566, 40.85706515423357], [-73.92282845999992, 40.85685140900011], [-73.92295846599977, 40.85891378100015], [-73.92726915099985, 40.865534560000135], [-73.92872203199992, 40.866742663000075], [-73.92623313399997, 40.8685061380001], [-73.9223436069999, 40.8694590410001], [-73.92214424199993, 40.86915018200012], [-73.92135975499993, 40.86955185400009], [-73.91925481799977, 40.8710078420001], [-73.91969887499998, 40.872064776000116], [-73.91845930899993, 40.87302205300012], [-73.9140098549999, 40.871160594000145], [-73.91154281116533, 40.87325370616191]]], [[[-73.92151894059094, 40.856601170623335], [-73.92229611007241, 40.855663835114704], [-73.92234459387056, 40.85568233590756], [-73.92169841904696, 40.85667230185515], [-73.92151894059094, 40.856601170623335]]]]}}, {"type": "Feature", "properties": {"LocationID": 128}, "geometry": {"type": "MultiPolygon", "coordinates": [[[[-73.92362973975199, 40.87896394312173], [-73.92363695289211, 40.878815355932275], [-73.92367919311681, 40.878826074498825], [-73.92362973975199, 40.87896394312173]]], [[[-73.9264055692112, 40.8776214765376], [-73.92639977123254, 40.87722108876189], [-73.92615199405294, 40.877086229220936], [-73.92482755466249, 40.877444775287366], [-73.92320770869343, 40.87728028752925], [-73.92258387170894, 40.87692253928857], [-73.92239907976202, 40.87674305715734], [-73.92265534021038, 40.875136919827675], [-73.92253531894417, 40.874240377543465], [-73.92206527090742, 40.873608043774624], [-73.921169296781, 40.873069392288244], [-73.9205606635804, 40.872994144650335], [-73.91978312944534, 40.87360369743577], [-73.92080255630347, 40.87419405886682], [-73.92070010598974, 40.874391933609616], [-73.92118186508976, 40.87513784085091], [-73.92090325515422, 40.87546616638278], [-73.918857942435, 40.874643248760975], [-73.91928102175844, 40.87363655754608], [-73.91855365026461, 40.87318058811558], [-73.91860268946238, 40.873492884923984], [-73.9175772988473, 40.874548678547455], [-73.91787144917501, 40.87390499528885], [-73.91634348667561, 40.87452384988985], [-73.9152240214605, 40.874486621868314], [-73.91154281116533, 40.87325370616191], [-73.9140098549999, 40.871160594000145], [-73.91845930899993, 40.87302205300012], [-73.91969887499998, 40.872064776000116], [-73.91925481799977, 40.8710078420001], [-73.92135975499993, 40.86955185400009], [-73.92214424199993, 40.86915018200012], [-73.9223436069999, 40.8694590410001], [-73.92623313399997, 40.8685061380001], [-73.92872203199992, 40.866742663000075], [-73.93141437399996, 40.86896192800009], [-73.93156536999994, 40.86958215800009], [-73.9321985510756, 40.86984487087188], [-73.93220600531866, 40.87009644510473], [-73.93137655898947, 40.8721086273608], [-73.92917968255965, 40.87555554896652], [-73.92814623603574, 40.87652252894417], [-73.92753082127467, 40.876710534813135], [-73.9264055692112, 40.8776214765376]]]]}}, {"type": "Feature", "properties": {"LocationID": 129}, "geometry": {"type": "Polygon", "coordinates": [[[-73.87638792400001, 40.76899955800015], [-73.87499575099986, 40.761264322000116], [-73.87601371899996, 40.761443732000096], [-73.87513874300004, 40.7566338160001], [-73.87365721799983, 40.75680348600013], [-73.86942458599985, 40.74915685200013], [-73.89175048799984, 40.74681172800009], [-73.89624245599988, 40.748719545000064], [-73.89721143799989, 40.75046637500013], [-73.89770744899982, 40.75273485900008], [-73.89897117099996, 40.75471530600005], [-73.89969372699986, 40.75644660900016], [-73.89984592699983, 40.75756215300006], [-73.89956743900002, 40.75854526300004], [-73.89735543399992, 40.76185091400005], [-73.89624744699991, 40.76333274800006], [-73.8951683709999, 40.7641973620001], [-73.89437624799997, 40.765526585000096], [-73.89325108799977, 40.766271446000175], [-73.89183535799987, 40.76622708000013], [-73.89089043699997, 40.765858198000124], [-73.88506266099994, 40.76759894300013], [-73.88277241799986, 40.76852944100012], [-73.87854915699987, 40.77077199600015], [-73.87608949699984, 40.77153690300007], [-73.87601415599995, 40.769816976000165], [-73.87638792400001, 40.76899955800015]]]}}, {"type": "Feature", "properties": {"LocationID": 130}, "geometry": {"type": "Polygon", "coordinates": [[[-73.76943987099992, 40.711976893000056], [-73.77076577600003, 40.710735238000076], [-73.77172444699998, 40.71031681900011], [-73.76844546499984, 40.70963702700007], [-73.77430843599988, 40.70739366800013], [-73.775051581, 40.70692403600008], [-73.77555451099995, 40.706070835000055], [-73.7755921879999, 40.70532930800014], [-73.77507462299982, 40.70523998400008], [-73.77230768699997, 40.7005715070001], [-73.77395659499993, 40.69980578100007], [-73.78034491200003, 40.70541241700005], [-73.78256582599995, 40.70542486400008], [-73.78966391499986, 40.703039489000126], [-73.79115569699985, 40.70229407600011], [-73.79239170299988, 40.7021665300001], [-73.79186916599991, 40.70136613700008], [-73.79260506799987, 40.70043210000009], [-73.79357708699986, 40.699756472000075], [-73.79786193399997, 40.697993404000115], [-73.80642479399984, 40.6908738580001], [-73.80890216900004, 40.69256434900013], [-73.81063298299996, 40.691947383000084], [-73.81492343299988, 40.69942244100005], [-73.81637824499992, 40.70245196400007], [-73.81356470599994, 40.70252849800007], [-73.81152856899989, 40.702272875000105], [-73.81201248599982, 40.70594494500013], [-73.80694856299992, 40.7073671000001], [-73.8056477309999, 40.70467172800014], [-73.80165725599993, 40.70576147500004], [-73.80302414799988, 40.70813965700015], [-73.80193297099994, 40.70891159600015], [-73.8014141629999, 40.709686873000095], [-73.79870150699992, 40.710663377000074], [-73.79776810199988, 40.70914318800009], [-73.79473052399993, 40.71001246200015], [-73.78928335099997, 40.71203172900014], [-73.78784678499987, 40.71181083300011], [-73.78657528699985, 40.71197249300011], [-73.77192121999991, 40.7156850440001], [-73.76943987099992, 40.711976893000056]]]}}, {"type": "Feature", "properties": {"LocationID": 131}, "geometry": {"type": "Polygon", "coordinates": [[[-73.77732562899998, 40.722392701000125], [-73.774371087, 40.724261132000066], [-73.76924074899993, 40.72590270100009], [-73.76568253199987, 40.726377524000085], [-73.75994854100003, 40.725805278000095], [-73.75669771299987, 40.7262287110001], [-73.75508625099991, 40.72449006000004], [-73.75496919499986, 40.72415964700012], [-73.75577120999998, 40.723640216000106], [-73.7523343839998, 40.720262461000125], [-73.75725671499985, 40.71813860200011], [-73.75832728699997, 40.71958208900004], [-73.765714472, 40.716393379000074], [-73.76664095199988, 40.717646614000074], [-73.77357135199996, 40.715120095000046], [-73.78657528699985, 40.71197249300011], [-73.78784678499987, 40.71181083300011], [-73.78928335099997, 40.71203172900014], [-73.79303800099989, 40.71071107500008], [-73.79302654199988, 40.71198136400007], [-73.79360704399981, 40.7135084700001], [-73.79358570299998, 40.71412867800007], [-73.79240413399991, 40.71619304100011], [-73.79201376599997, 40.71796768700015], [-73.79073248899982, 40.719208757000075], [-73.79030267399999, 40.72089146500009], [-73.79045149300003, 40.723554532000044], [-73.79174472699992, 40.72578885000015], [-73.77757506899987, 40.73019327300007], [-73.7752338719998, 40.72523753300007], [-73.77700327899989, 40.72372000900012], [-73.7780376599998, 40.72328426900005], [-73.77732562899998, 40.722392701000125]]]}}, {"type": "Feature", "properties": {"LocationID": 132}, "geometry": {"type": "MultiPolygon", "coordinates": [[[[-73.82789758799997, 40.66390630700011], [-73.82306169099988, 40.66353701600016], [-73.81496922499986, 40.662472668000085], [-73.81176694899993, 40.6629345350001], [-73.8084501609999, 40.66446130100016], [-73.8043205059999, 40.66512073300012], [-73.80072889200001, 40.665269377000065], [-73.79582296499997, 40.66495325500008], [-73.78481455499993, 40.663498582000116], [-73.780755286, 40.66240660200011], [-73.77418923599993, 40.65986052400011], [-73.75411086699988, 40.64869766500011], [-73.75522386899995, 40.647444469000085], [-73.75379289369529, 40.646705604183126], [-73.7537377082634, 40.64696042357805], [-73.75340189507165, 40.646807461209484], [-73.75376146361373, 40.646686322658205], [-73.7490763129122, 40.64363287005182], [-73.74742462056209, 40.6413764680139], [-73.7474471174258, 40.63970981284847], [-73.748124885848, 40.63687273164495], [-73.74839815536177, 40.636653637320116], [-73.74849297657126, 40.635671728442034], [-73.74884578400584, 40.635259956903255], [-73.75073275582511, 40.63467439740094], [-73.75245502470679, 40.633704510035], [-73.75349765803799, 40.633530535060274], [-73.75479180499259, 40.63288465136826], [-73.75738780818773, 40.63210791698901], [-73.76053091824247, 40.63066388118437], [-73.76219292080067, 40.630260496048855], [-73.76308661984865, 40.62966037481923], [-73.76452857462218, 40.62922289612662], [-73.7650077554797, 40.62941398784982], [-73.76474154826336, 40.629169790935514], [-73.76639800533182, 40.628351215868136], [-73.7669995971799, 40.62752836441588], [-73.76878236316831, 40.62432279608796], [-73.76855308910385, 40.623187208883316], [-73.7686944291862, 40.62266565889788], [-73.76952135011707, 40.62211848823], [-73.76980405604107, 40.6215814028985], [-73.76975585615149, 40.62110662019652], [-73.77077016777163, 40.62003118215518], [-73.77160377191542, 40.620343247900024], [-73.77171699423648, 40.62096167889916], [-73.7709149992296, 40.62240388857793], [-73.77082069703974, 40.62328299797257], [-73.77155510482564, 40.623362218098436], [-73.77519764175813, 40.62683144719523], [-73.77704080084246, 40.62766646976861], [-73.77880666416571, 40.62749492308167], [-73.77999420781757, 40.62668929803553], [-73.78419483298926, 40.62089266995531], [-73.78949653224412, 40.62274664610811], [-73.78487888720439, 40.626631470854186], [-73.78346558387602, 40.62811814087875], [-73.78264543417806, 40.63024796854458], [-73.78377728687502, 40.63063411582468], [-73.78434764221069, 40.63137332021694], [-73.78570293720223, 40.63209498924054], [-73.78690666692243, 40.632261900864684], [-73.78943616699877, 40.6340492577921], [-73.78948519498256, 40.63428214317598], [-73.78970211314221, 40.63405257510081], [-73.79076956011139, 40.63386374895719], [-73.79067962789144, 40.634196563014726], [-73.7913087779411, 40.63440130082754], [-73.79122898504875, 40.63485706403512], [-73.79222318018806, 40.63589008814019], [-73.79343373004328, 40.6360876591168], [-73.79474296180882, 40.63663275318439], [-73.7972537292323, 40.6380157900093], [-73.7992331459311, 40.63843175211168], [-73.80176556112649, 40.63977673511585], [-73.80465071082949, 40.64092696313208], [-73.80565288923972, 40.641620870776705], [-73.80669543516171, 40.64179249305563], [-73.80864189012154, 40.642825898775705], [-73.81075488263984, 40.64349789690556], [-73.81203306986673, 40.64430548288093], [-73.81350685093165, 40.6446366538271], [-73.81643071612778, 40.645998005645886], [-73.81830607819735, 40.64638698303723], [-73.8218251362488, 40.64989979587509], [-73.82348381110747, 40.65536991271881], [-73.82227996040434, 40.659425007931375], [-73.82169139439411, 40.66003508674328], [-73.8186953155868, 40.66110505105544], [-73.81457011758246, 40.66063459763936], [-73.81262125517684, 40.660157049898594], [-73.81143455044243, 40.660252885947756], [-73.81122870505938, 40.660546397396296], [-73.81143921922407, 40.66074562606815], [-73.81867189288894, 40.66213298725449], [-73.82338324351306, 40.6602057470254], [-73.8240800643652, 40.658488346847236], [-73.82387951519932, 40.658257808339066], [-73.82408625283456, 40.6582893548485], [-73.82426410867653, 40.65777909268669], [-73.82404130456753, 40.65775567066713], [-73.82405929133697, 40.6576959540204], [-73.82426776040361, 40.65774651163862], [-73.82498070378553, 40.655431971183866], [-73.8229071770089, 40.648093446004935], [-73.82319444111556, 40.64801116168047], [-73.82392749939734, 40.649165548465994], [-73.82466363540958, 40.64972487509351], [-73.82499846516194, 40.64937693088307], [-73.82548770814857, 40.649892156941654], [-73.82560089686515, 40.64952848678058], [-73.825859620933, 40.64947560160468], [-73.82614483059669, 40.65008184094272], [-73.82630014811815, 40.650022985779955], [-73.8261720453419, 40.64952693570511], [-73.82643931961192, 40.649238243906474], [-73.8263924282224, 40.648324348808], [-73.82859942399985, 40.657196973000076], [-73.832705339, 40.66540577300005], [-73.82789758799997, 40.66390630700011]]], [[[-73.74664302817305, 40.638662249807275], [-73.7465397979704, 40.63871136266985], [-73.74654132522075, 40.63869678799185], [-73.74664302817305, 40.638662249807275]]], [[[-73.74704316342152, 40.63756642645942], [-73.74694320619099, 40.637529202088686], [-73.74704913170524, 40.63754513439972], [-73.74704316342152, 40.63756642645942]]], [[[-73.74715781614569, 40.637060524028556], [-73.74706485671244, 40.637160999268566], [-73.74699391228548, 40.63715064484312], [-73.74715781614569, 40.637060524028556]]]]}}, {"type": "Feature", "properties": {"LocationID": 133}, "geometry": {"type": "Polygon", "coordinates": [[[-73.97819074399992, 40.64752599200011], [-73.97777380600002, 40.64534187700016], [-73.97482741800002, 40.64566342100012], [-73.974642245, 40.6448132190001], [-73.97084113799984, 40.64637857100009], [-73.96803868499985, 40.63665098500013], [-73.97029036199991, 40.6364063410001], [-73.96986869299991, 40.63419467500011], [-73.97604935699994, 40.63127590600006], [-73.9768886119999, 40.635674862000094], [-73.97911188699993, 40.6354403860001], [-73.98042057899988, 40.6423852270001], [-73.98299419199992, 40.64132499700007], [-73.98834986699991, 40.64456224400012], [-73.98180533899996, 40.64712779900007], [-73.97819074399992, 40.64752599200011]]]}}, {"type": "Feature", "properties": {"LocationID": 134}, "geometry": {"type": "Polygon", "coordinates": [[[-73.82385072099994, 40.712933206000145], [-73.82023145099988, 40.70945750300012], [-73.81809905199992, 40.705973715000084], [-73.81637824499992, 40.70245196400007], [-73.82245890399994, 40.70365553100008], [-73.83152109599999, 40.70138962900015], [-73.83213204199994, 40.70279408100009], [-73.83391709699988, 40.70234736700013], [-73.83460244999996, 40.70392746700007], [-73.83661882199989, 40.70342001800008], [-73.83809584699989, 40.706164581000124], [-73.83798763399989, 40.70674305400012], [-73.83714702999997, 40.70795704600008], [-73.8386827869999, 40.70849328500005], [-73.84314625299982, 40.709223456000124], [-73.83600510799987, 40.71172967100008], [-73.83129817899982, 40.71426413300005], [-73.82715524199998, 40.71538800400005], [-73.82591945199992, 40.71598987600012], [-73.82471749499993, 40.71450685000013], [-73.82385072099994, 40.712933206000145]]]}}, {"type": "Feature", "properties": {"LocationID": 135}, "geometry": {"type": "Polygon", "coordinates": [[[-73.83113122799989, 40.74233800000014], [-73.83143025500004, 40.73913573300014], [-73.83053551299994, 40.73752019500009], [-73.8294675199999, 40.73702448300009], [-73.82809152599998, 40.73708317500015], [-73.8279436029999, 40.73848998200006], [-73.82686746499992, 40.738628912000046], [-73.82559030399982, 40.73944759200007], [-73.8249744, 40.73944042700009], [-73.8243501109999, 40.739753606000114], [-73.81693283800001, 40.738389510000125], [-73.81633109399993, 40.73844640100009], [-73.8160767679998, 40.738857934000144], [-73.81497208299996, 40.73856071600007], [-73.8146916309999, 40.735949993000105], [-73.81510024099985, 40.728543423000104], [-73.81074426599986, 40.72626511300011], [-73.81070500999995, 40.72677128900005], [-73.81111797299988, 40.72781641600014], [-73.80717042299993, 40.72826913300007], [-73.80652142399995, 40.7248730640001], [-73.80487958299982, 40.72504959300008], [-73.80452680199981, 40.72146254600008], [-73.80904032699983, 40.71991160500008], [-73.80780927699995, 40.71585389600012], [-73.81720417899986, 40.715840728000124], [-73.81828452799981, 40.716003714000145], [-73.82018883899984, 40.71673522400005], [-73.81732944799997, 40.71766045700012], [-73.8191283259999, 40.71734991900014], [-73.82332432099994, 40.71745251000008], [-73.82531644999993, 40.71727570000013], [-73.82556765699991, 40.71972101500012], [-73.8273090039999, 40.724646077000095], [-73.82805145299996, 40.72532485000011], [-73.82979910999985, 40.725897254000145], [-73.83073214599987, 40.72654932800011], [-73.83307087999992, 40.72991903100016], [-73.83386267199987, 40.73055318900007], [-73.83400368799985, 40.7315677100001], [-73.83489939499987, 40.732967642000105], [-73.83600708999997, 40.73397874200009], [-73.83635625099998, 40.73500859200007], [-73.83563372699986, 40.73711163000011], [-73.83564585599999, 40.73849101100008], [-73.83627527100005, 40.73956837600011], [-73.83662419799994, 40.73936506000011], [-73.83669458799986, 40.73954125400015], [-73.83710720699999, 40.741396229000046], [-73.83699037399995, 40.74209330100012], [-73.8360998919999, 40.742429069000096], [-73.83586131899989, 40.74322798500012], [-73.83113122799989, 40.74233800000014]]]}}, {"type": "Feature", "properties": {"LocationID": 136}, "geometry": {"type": "Polygon", "coordinates": [[[-73.90235804799984, 40.868696121000085], [-73.89942436199988, 40.86788083800012], [-73.89960300399986, 40.86872820800011], [-73.89891854299988, 40.86965857400011], [-73.89656060599998, 40.86856520000013], [-73.90162785099997, 40.86205443400016], [-73.90254479399998, 40.86057825500007], [-73.90351390500003, 40.86091751000005], [-73.90486847199993, 40.85869322500009], [-73.90777320599983, 40.85960753800002], [-73.90976165899988, 40.85718261200009], [-73.90980269899988, 40.85760754900011], [-73.91056799299989, 40.85862059300014], [-73.91328437100006, 40.85961860100011], [-73.91050960899994, 40.860891270000074], [-73.90908822499988, 40.86239969600009], [-73.9090395089999, 40.8626788640001], [-73.91075595799987, 40.86165148400008], [-73.91278962899986, 40.861872471000076], [-73.91422823999919, 40.862490790359814], [-73.91341462193644, 40.8633674937009], [-73.91276271995461, 40.86302917415777], [-73.91227278976973, 40.8636321489969], [-73.91279762128934, 40.86389887543302], [-73.9125260451679, 40.86379522383795], [-73.9126763402038, 40.864021111602646], [-73.91044282747865, 40.86652786855203], [-73.90864943177567, 40.87138578380356], [-73.90893235220783, 40.872157347985436], [-73.90846367899988, 40.872620792000134], [-73.9077427079998, 40.87284595200007], [-73.90746489699994, 40.87354735400004], [-73.905714254, 40.87313832200005], [-73.90452070499992, 40.87249521100008], [-73.90442003099997, 40.87036127600006], [-73.90318667499999, 40.86914899100006], [-73.90235804799984, 40.868696121000085]]]}}, {"type": "Feature", "properties": {"LocationID": 137}, "geometry": {"type": "Polygon", "coordinates": [[[-73.97219641647804, 40.74040257875042], [-73.97265743803044, 40.73922275427715], [-73.97248994174741, 40.735803280107795], [-73.97446647047282, 40.736278456830085], [-73.97450376013232, 40.736064588444194], [-73.97414062018366, 40.735955657167544], [-73.97450488285963, 40.73604228053689], [-73.97450793938151, 40.73579694577256], [-73.97448737985142, 40.73587698753331], [-73.97424533118316, 40.73578115493286], [-73.97446461207309, 40.73566817266475], [-73.97305698712053, 40.73517745341572], [-73.9729303192644, 40.7356076143969], [-73.97276308380349, 40.73550508747375], [-73.97294520758678, 40.735065170071316], [-73.97329895046123, 40.73524235507728], [-73.9735447289197, 40.73494432655092], [-73.97522275599997, 40.73539790800006], [-73.97849845599995, 40.736790957000075], [-73.97805226499996, 40.7375539540001], [-73.98266497499989, 40.73949733300006], [-73.97812378199983, 40.74572717300007], [-73.97167921200406, 40.74305446403008], [-73.97228992099222, 40.74072103903195], [-73.97219641647804, 40.74040257875042]]]}}, {"type": "Feature", "properties": {"LocationID": 138}, "geometry": {"type": "MultiPolygon", "coordinates": [[[[-73.8712485624251, 40.78603815125519], [-73.86978081192638, 40.78533793332602], [-73.86918113468879, 40.78594348978511], [-73.86987007434347, 40.78508590706832], [-73.86943751657091, 40.78363839981391], [-73.8686071602691, 40.78380014125429], [-73.86847981674143, 40.783690829195564], [-73.86942344795426, 40.783591314917885], [-73.87048029898958, 40.782306112315425], [-73.87146292358177, 40.78212640074101], [-73.87255732673727, 40.78082112154276], [-73.86471066497087, 40.776733186253765], [-73.85505106271819, 40.77219538998928], [-73.85508635910341, 40.77183138827761], [-73.85645807349368, 40.770320861199025], [-73.85738091328331, 40.770570807156645], [-73.8582051105021, 40.77032345647736], [-73.85621267610162, 40.769195797758016], [-73.85624565746173, 40.768885714199136], [-73.85704790262234, 40.769139555949046], [-73.8576780026624, 40.768276265391734], [-73.85937510429778, 40.76707532894287], [-73.8608553594459, 40.76693211808941], [-73.8611027715228, 40.767271942529995], [-73.86131386166113, 40.7669406317439], [-73.8626886417663, 40.76687591050505], [-73.86043337809801, 40.763868882437954], [-73.8610972439999, 40.76366447700011], [-73.86340214900001, 40.766455512000086], [-73.86728193799998, 40.76965000300009], [-73.86962970499988, 40.771006366000115], [-73.87223577699984, 40.77169565900012], [-73.87475943399997, 40.771719987000125], [-73.87743339799992, 40.77120025500012], [-73.8835659359999, 40.768180445000084], [-73.88770661799985, 40.766838598000135], [-73.88822109399986, 40.768592290000115], [-73.8887255129998, 40.768916239000134], [-73.88945486901865, 40.77353295106376], [-73.88580762286652, 40.77402222447558], [-73.88583361561382, 40.77410924044009], [-73.88566947657924, 40.77412605608401], [-73.88567007665036, 40.77443307121701], [-73.8856323103537, 40.77409707478877], [-73.88578473697669, 40.77402471216473], [-73.88391627963797, 40.774132606591735], [-73.88455150532151, 40.77436062233233], [-73.88483742391051, 40.77495298074588], [-73.8847736190733, 40.77533228058673], [-73.88428737712128, 40.77547205616614], [-73.88525026986592, 40.778612901742584], [-73.88505291740942, 40.77877543567228], [-73.88493466381183, 40.7799369128071], [-73.88385203219555, 40.780264319754686], [-73.87973466843, 40.78065481805004], [-73.87960692432854, 40.78085031306545], [-73.87870562518874, 40.78058590995021], [-73.87905115692989, 40.78173053336354], [-73.87930868295156, 40.78185365833254], [-73.878858374856, 40.782398178681376], [-73.87974777853563, 40.782836564207194], [-73.8797016367226, 40.78288281807255], [-73.87883146781734, 40.78243071449463], [-73.87833923298054, 40.78302592074961], [-73.8751575489337, 40.78150944965348], [-73.8712485624251, 40.78603815125519]]], [[[-73.87280920016116, 40.785903109100175], [-73.87282839783694, 40.785954461738534], [-73.8727740594054, 40.785941921459], [-73.87280920016116, 40.785903109100175]]], [[[-73.88947151143196, 40.775738056523586], [-73.89034195999996, 40.77323760500016], [-73.89183244902246, 40.7748801999445], [-73.89112044339463, 40.77712469973628], [-73.89017369508576, 40.77785081277804], [-73.88947151143196, 40.775738056523586]]]]}}, {"type": "Feature", "properties": {"LocationID": 139}, "geometry": {"type": "Polygon", "coordinates": [[[-73.74755175399999, 40.68934733700013], [-73.7375999409999, 40.686362012000096], [-73.73744163699995, 40.686700767000076], [-73.72718272499995, 40.68359733000008], [-73.7285165689999, 40.68121047300011], [-73.72950555799994, 40.680055726000084], [-73.73047301299988, 40.67934793700009], [-73.73106142499994, 40.67830662100012], [-73.7330322339999, 40.67649502600009], [-73.73597469399992, 40.672567421000146], [-73.736249418, 40.672630602000105], [-73.73593438599974, 40.67243297100008], [-73.73775794399985, 40.67005754700012], [-73.74117817299991, 40.66640295400008], [-73.75763129599991, 40.66645115700012], [-73.75643734399979, 40.6696663790001], [-73.75636239300002, 40.67242923700019], [-73.75857198899986, 40.672637331000054], [-73.76031463999993, 40.67510997100005], [-73.756918817, 40.67652887100012], [-73.75648885799987, 40.67602276200009], [-73.75576169199995, 40.675885909000066], [-73.75484909699989, 40.67792883800014], [-73.75225828699998, 40.68149141100009], [-73.75008991099996, 40.68592344600014], [-73.74755175399999, 40.68934733700013]]]}}, {"type": "Feature", "properties": {"LocationID": 140}, "geometry": {"type": "Polygon", "coordinates": [[[-73.954418260786, 40.76218410495129], [-73.95877790811335, 40.758270920924545], [-73.96196573699997, 40.759619461000064], [-73.95268514999994, 40.772339405000125], [-73.9474897547817, 40.77011515400973], [-73.954418260786, 40.76218410495129]]]}}, {"type": "Feature", "properties": {"LocationID": 141}, "geometry": {"type": "Polygon", "coordinates": [[[-73.95268514999994, 40.772339405000125], [-73.96196573699996, 40.75961946000014], [-73.9665833839999, 40.761550935000066], [-73.95729409999986, 40.774283555000096], [-73.95268514999994, 40.772339405000125]]]}}, {"type": "Feature", "properties": {"LocationID": 142}, "geometry": {"type": "Polygon", "coordinates": [[[-73.98147898799989, 40.767725059000114], [-73.98215157199994, 40.76768179800009], [-73.98236545099999, 40.76739215300011], [-73.98806289599996, 40.76979080000011], [-73.980673654, 40.77992518200011], [-73.97499744000005, 40.77753254600008], [-73.98164804599995, 40.768436322000134], [-73.98129467599998, 40.76811880200009], [-73.98147898799989, 40.767725059000114]]]}}, {"type": "Feature", "properties": {"LocationID": 143}, "geometry": {"type": "Polygon", "coordinates": [[[-73.98507184299989, 40.781779681000124], [-73.980673654, 40.77992518200011], [-73.98806289599996, 40.76979080000011], [-73.99387445099994, 40.77223816800013], [-73.9935026219999, 40.77275163300009], [-73.99624065194922, 40.77378979119906], [-73.99609524511304, 40.774086186218994], [-73.99393587681126, 40.77317951258629], [-73.99262266386546, 40.7749740560371], [-73.99226708903534, 40.775116033858694], [-73.99205908493721, 40.7754975981924], [-73.99238604296023, 40.77555718042486], [-73.99092717414973, 40.77756687876315], [-73.99039616003645, 40.777585065679276], [-73.98886861739992, 40.7796929229116], [-73.99155105922739, 40.77957482143758], [-73.99141982585954, 40.779755280287276], [-73.98888614411702, 40.77987889853295], [-73.98891926146848, 40.780226094343845], [-73.9881274618433, 40.78140179672381], [-73.98567936099997, 40.78031263300016], [-73.98507184299989, 40.781779681000124]]]}}, {"type": "Feature", "properties": {"LocationID": 144}, "geometry": {"type": "Polygon", "coordinates": [[[-73.99480778999998, 40.71845742600007], [-73.99605872699998, 40.71623164000009], [-73.99858925599978, 40.7170995120001], [-74.00188406299992, 40.719397571000094], [-73.9967717579999, 40.7254319440001], [-73.99260322299988, 40.724136450000124], [-73.99480778999998, 40.71845742600007]]]}}, {"type": "Feature", "properties": {"LocationID": 145}, "geometry": {"type": "Polygon", "coordinates": [[[-73.95080763809156, 40.75526368005726], [-73.9381182169999, 40.74979264500011], [-73.93663681899982, 40.74820409400008], [-73.94032696100007, 40.74541314300014], [-73.94342742899987, 40.74423117200012], [-73.94401030399996, 40.743639454000096], [-73.94419561599983, 40.7428821460001], [-73.94031559800003, 40.7444044980001], [-73.9376968159998, 40.745238574000055], [-73.93726110699993, 40.745176491000095], [-73.93869664499978, 40.738140817000065], [-73.93982348499995, 40.73844550400006], [-73.93993706299993, 40.738688178000096], [-73.94140886345744, 40.73929957085337], [-73.94050888805725, 40.74011394175329], [-73.94036159285052, 40.740335345658345], [-73.9405614496907, 40.740418322934374], [-73.93910874138116, 40.74261703517694], [-73.93866991753185, 40.74253408202505], [-73.93858786976764, 40.74293088268766], [-73.9400192297566, 40.74320827221093], [-73.9401485852122, 40.742832441460166], [-73.93965301521378, 40.74273108709586], [-73.94159470030033, 40.73986412616916], [-73.94259666844879, 40.73939514780303], [-73.94290141828863, 40.73900380150453], [-73.94548236590111, 40.7382070312939], [-73.94715087181176, 40.73790012334493], [-73.95138071451841, 40.73933647729531], [-73.95380883920839, 40.739820292978045], [-73.95741470766005, 40.739556582011815], [-73.96072580373679, 40.73808017017934], [-73.96216502515645, 40.73827250641891], [-73.96256114655104, 40.738689957353486], [-73.96220916495864, 40.74000617524922], [-73.96159204782984, 40.7400039682318], [-73.96145013844338, 40.74033783468054], [-73.96162982563845, 40.7404589294577], [-73.96129339923257, 40.74043279936812], [-73.9619093021767, 40.74086783324414], [-73.96111929178639, 40.7413476806159], [-73.96111505608512, 40.74179780414915], [-73.96136519326672, 40.74182328939694], [-73.96110814501404, 40.74182802590812], [-73.96155253168952, 40.741993261407444], [-73.96119029789011, 40.742644855259904], [-73.9605195141806, 40.74349577832771], [-73.95978468552276, 40.7434977165841], [-73.95975123850988, 40.743902276657984], [-73.96064863700711, 40.744130317614264], [-73.95963225023952, 40.74393463191435], [-73.9593910660955, 40.74428332474407], [-73.95972855228639, 40.74427211561956], [-73.96015525517686, 40.74436878260575], [-73.96012600962386, 40.74444393699165], [-73.95923368945668, 40.74431004302671], [-73.9587753700448, 40.744555599863595], [-73.95946329058697, 40.744654877347294], [-73.95876372515237, 40.74459261916409], [-73.95864096676264, 40.74494831495517], [-73.95965229755977, 40.745216588173626], [-73.95849389303115, 40.74498786491643], [-73.95927397022142, 40.74532895496068], [-73.95932420250084, 40.74554332269685], [-73.95905935607935, 40.745753368346506], [-73.95839861481154, 40.74571941944558], [-73.95837927151231, 40.74595309009349], [-73.95899427160536, 40.74606464643534], [-73.9567945329049, 40.74883951695578], [-73.95485394268042, 40.748040794641234], [-73.95465178220594, 40.74823264409569], [-73.95432006769612, 40.748103917082084], [-73.95470561241689, 40.74801362045261], [-73.95318382492853, 40.747734811961166], [-73.95305375571401, 40.74808748722947], [-73.95478387869785, 40.74842768777343], [-73.9564856879466, 40.749111690156], [-73.95576039140944, 40.74959665953039], [-73.95611932084378, 40.74975783785634], [-73.95546436936412, 40.749674213082784], [-73.95534928514437, 40.75001385690421], [-73.95506652560155, 40.749632730375545], [-73.95451584573382, 40.75058669897692], [-73.95465000413118, 40.75083104095965], [-73.95399353526572, 40.751786195519244], [-73.95080763809156, 40.75526368005726]]]}}, {"type": "Feature", "properties": {"LocationID": 146}, "geometry": {"type": "Polygon", "coordinates": [[[-73.93675697199996, 40.74914697200012], [-73.93739653799992, 40.74891644000009], [-73.9381182169999, 40.74979264500011], [-73.944052652, 40.752313260000115], [-73.93679091699993, 40.7598828810001], [-73.92415699999985, 40.75396114200003], [-73.92562743799989, 40.752137244000096], [-73.932276233, 40.75195388600016], [-73.93383269399993, 40.7516047020001], [-73.93675697199996, 40.74914697200012]]]}}, {"type": "Feature", "properties": {"LocationID": 147}, "geometry": {"type": "Polygon", "coordinates": [[[-73.8951102089999, 40.82803689900007], [-73.89483522899992, 40.826246841000135], [-73.89487088500002, 40.82393727200011], [-73.89320004999996, 40.82400818300013], [-73.89586019599982, 40.822631046000055], [-73.8958813589999, 40.82099257500007], [-73.89283653100001, 40.82097405500015], [-73.89290156199988, 40.82081122300009], [-73.8970446669999, 40.81680186000009], [-73.89542858799986, 40.81584467200009], [-73.89759123799989, 40.813776873000116], [-73.90307457199998, 40.809880612000065], [-73.90341720399988, 40.8115068830001], [-73.9044655149999, 40.81228196000014], [-73.90061141099989, 40.822108808000074], [-73.90198758599993, 40.822440423000096], [-73.90050540499992, 40.82600762200013], [-73.90164895599993, 40.82625697800011], [-73.90093510699997, 40.827928102000115], [-73.89979756799993, 40.827684354000105], [-73.89548522799996, 40.82824854100013], [-73.8951102089999, 40.82803689900007]]]}}, {"type": "Feature", "properties": {"LocationID": 148}, "geometry": {"type": "Polygon", "coordinates": [[[-73.9838238729998, 40.72147287200007], [-73.985073423, 40.719083294000086], [-73.98675136699994, 40.71959284600017], [-73.98836626299988, 40.7164457020001], [-73.98915463799979, 40.716708647000075], [-73.99022012699989, 40.71440494000008], [-73.99075515399984, 40.714554073000045], [-73.99750445299988, 40.71406913200014], [-73.99480778999998, 40.71845742600007], [-73.99260322199994, 40.724136450000074], [-73.9838238729998, 40.72147287200007]]]}}, {"type": "Feature", "properties": {"LocationID": 149}, "geometry": {"type": "Polygon", "coordinates": [[[-73.9448277099998, 40.61604620900007], [-73.94354698, 40.60934655500011], [-73.94231175899985, 40.608268197000065], [-73.93934703399997, 40.61018714100008], [-73.93753749399987, 40.608557390000044], [-73.93972613899992, 40.60713291500014], [-73.93426266699994, 40.60223071100008], [-73.93503274599996, 40.60173379000005], [-73.93447158899997, 40.6012315120001], [-73.94288954099984, 40.60031865000013], [-73.94248473299992, 40.59820036500005], [-73.956927197, 40.59661207600006], [-73.95775745999987, 40.60098588900015], [-73.95683001699993, 40.60108734900016], [-73.95859278499987, 40.610403031000075], [-73.94978380499995, 40.61137175000008], [-73.95026514899993, 40.61392435200002], [-73.94742608799993, 40.614224601000096], [-73.9448277099998, 40.61604620900007]]]}}, {"type": "Feature", "properties": {"LocationID": 150}, "geometry": {"type": "Polygon", "coordinates": [[[-73.9301907789999, 40.585085593000066], [-73.9300961629999, 40.58450207600008], [-73.9320424499999, 40.5842339600001], [-73.9319281118675, 40.58286976893539], [-73.9323769574282, 40.58291850997829], [-73.93201379961046, 40.5829259827503], [-73.9320183941152, 40.58311112461876], [-73.93275209395242, 40.58287986868598], [-73.93569071639773, 40.58327509318932], [-73.93582439275755, 40.58302111555224], [-73.93576657211078, 40.58327750984987], [-73.93612717900335, 40.58331433315868], [-73.93628723189404, 40.583000903558464], [-73.93609668691353, 40.58294874583305], [-73.93656607029142, 40.58295764878659], [-73.9363003120676, 40.5830029556757], [-73.93657592440762, 40.58324050559011], [-73.93697427463773, 40.58323032641149], [-73.93698767830983, 40.58301627317667], [-73.93663307422491, 40.58297221190427], [-73.93705921677467, 40.58297798232036], [-73.93705290451025, 40.58308469947832], [-73.9376326974329, 40.58309626828423], [-73.93702675588713, 40.58312587259948], [-73.93700558408256, 40.5830160194716], [-73.93701481021185, 40.58323327236416], [-73.93712459798441, 40.58334673016436], [-73.93811917695099, 40.583340478995325], [-73.9380942062777, 40.58311681071715], [-73.93855276236503, 40.583337984991495], [-73.93862755765123, 40.5830670217977], [-73.93929640384748, 40.583167268735146], [-73.93930153084881, 40.58333321505466], [-73.93982538850575, 40.583331446250725], [-73.93982883984603, 40.58317053569241], [-73.9398585157681, 40.58333133409561], [-73.94057745828908, 40.58332822557374], [-73.9405660894776, 40.58308736830827], [-73.94010903682874, 40.58307506968704], [-73.94067657802263, 40.58306580556753], [-73.94058872809934, 40.58320694745663], [-73.9407001951476, 40.58332762473231], [-73.94091645490734, 40.5833024065315], [-73.94073840604624, 40.58307561281769], [-73.94102517918674, 40.58307036190633], [-73.94093422085362, 40.58330230643689], [-73.94115699675478, 40.58329922746822], [-73.94109844565489, 40.58309477670001], [-73.94120155728876, 40.58309046520514], [-73.9415740808356, 40.583607555939516], [-73.94255133565284, 40.583514476171025], [-73.94202033352745, 40.583110423782685], [-73.94270167762977, 40.58350879761425], [-73.94304709645994, 40.58349212946444], [-73.94256316190977, 40.58312734751663], [-73.9431950615802, 40.583489662633426], [-73.94354467530928, 40.58347101436128], [-73.94309334781462, 40.58313454521459], [-73.94369153004567, 40.58346775426616], [-73.9440676416711, 40.583472009110515], [-73.94363589795726, 40.583145573909725], [-73.9446182866623, 40.583496626087914], [-73.94432059818067, 40.58315942487783], [-73.94517477781615, 40.58352137824436], [-73.94484512940836, 40.58316423534632], [-73.94573014930472, 40.58354487455897], [-73.94537605237885, 40.583181931650685], [-73.94628634691863, 40.583568685708144], [-73.9457994125887, 40.58319464023041], [-73.94643429059336, 40.58356315259266], [-73.94678945068769, 40.58355046761433], [-73.94631603648743, 40.58320694021087], [-73.946917962761, 40.58354603324993], [-73.94726832705227, 40.5835331825747], [-73.9468220294719, 40.58319119187133], [-73.94746867861319, 40.5835281953626], [-73.95349322048675, 40.58298819826117], [-73.95330135995673, 40.582002749633624], [-73.9496967249941, 40.58231940106685], [-73.94274062592493, 40.58099558955944], [-73.9325800656803, 40.58126474120362], [-73.93106028107997, 40.57626592009708], [-73.93150256744042, 40.57566050512694], [-73.93488263802315, 40.57557812179117], [-73.93493617952893, 40.5752689790869], [-73.93504799627776, 40.575554349306216], [-73.93623167905102, 40.575850406100024], [-73.93656163438752, 40.575819201443466], [-73.93670752538155, 40.57541842729215], [-73.94250907828433, 40.575373554532014], [-73.94255712264767, 40.57556433085406], [-73.94427911427726, 40.57580051170025], [-73.94463319129585, 40.575691196747314], [-73.94460730835148, 40.57523383460942], [-73.94486926137374, 40.5755736624808], [-73.94572352013991, 40.57555943976513], [-73.94618237597034, 40.57529883620706], [-73.94592390235844, 40.57511543230959], [-73.9523584672133, 40.5742746858454], [-73.95414287899986, 40.58310614000011], [-73.95645729099982, 40.58265885100011], [-73.9571329139998, 40.58304572600015], [-73.95900739999992, 40.58283812800011], [-73.96004798699995, 40.58326987200016], [-73.96025825899996, 40.58502930800013], [-73.95387860700004, 40.58572124600012], [-73.95357366099992, 40.58530918700009], [-73.95123865700003, 40.58492463300011], [-73.94866230599997, 40.58489385600012], [-73.94191610399989, 40.58552017300011], [-73.9344471859999, 40.586652075000124], [-73.93145727300002, 40.586101272000164], [-73.93126944999997, 40.585436393000116], [-73.9301907789999, 40.585085593000066]]]}}, {"type": "Feature", "properties": {"LocationID": 151}, "geometry": {"type": "Polygon", "coordinates": [[[-73.96004456499999, 40.7980412350001], [-73.96417598599989, 40.792362045000075], [-73.96525997299999, 40.792801371000074], [-73.96987063299996, 40.79473520500008], [-73.96941543899999, 40.79536077900015], [-73.97639951915279, 40.798273210346444], [-73.97287179090726, 40.803356187574096], [-73.96004456499999, 40.7980412350001]]]}}, {"type": "Feature", "properties": {"LocationID": 152}, "geometry": {"type": "Polygon", "coordinates": [[[-73.95634010399982, 40.82309232800008], [-73.95082880000002, 40.82082793700006], [-73.94992194399984, 40.82207231400009], [-73.94854029799983, 40.8214876230001], [-73.94808289799983, 40.82210802200013], [-73.94607828700005, 40.82126321600009], [-73.94919960099985, 40.81472085400006], [-73.95035019299995, 40.8131593890001], [-73.9521012519999, 40.811442854000134], [-73.95408058399987, 40.812280113000085], [-73.95570690100003, 40.81414396000015], [-73.95626957999987, 40.81337502300006], [-73.95949328899988, 40.81700747400009], [-73.96203105797969, 40.81808633074105], [-73.95999892229341, 40.820382944802574], [-73.95981462674504, 40.820297875204105], [-73.95913061580634, 40.82116895377493], [-73.95942624349648, 40.82125238173822], [-73.95914685715196, 40.82157132855119], [-73.9590896024009, 40.82120624705611], [-73.95881892233997, 40.8215185248469], [-73.95900018289882, 40.82240972837454], [-73.95922976213465, 40.82228691013245], [-73.95990999444398, 40.82257111982218], [-73.9596033246027, 40.822994686783545], [-73.95892614718308, 40.82271175544157], [-73.95904953331714, 40.82254133536842], [-73.95852731524242, 40.82184375665236], [-73.95793904909117, 40.8227743535475], [-73.9595089796959, 40.82359578895161], [-73.95634010399982, 40.82309232800008]]]}}, {"type": "Feature", "properties": {"LocationID": 153}, "geometry": {"type": "Polygon", "coordinates": [[[-73.90666530999995, 40.87571560900009], [-73.9077427079998, 40.87284595200007], [-73.90846367899988, 40.872620792000134], [-73.90893235220783, 40.872157347985436], [-73.90971690053208, 40.87320461120874], [-73.91092118004799, 40.87414639602017], [-73.91578609320084, 40.87571718248052], [-73.91487449199987, 40.87664214600011], [-73.91205829999997, 40.878119320000096], [-73.91148913199984, 40.8790188590001], [-73.91033193599998, 40.87903804700007], [-73.90949832099987, 40.878776732000084], [-73.90703748899998, 40.87689516100013], [-73.90666530999995, 40.87571560900009]]]}}, {"type": "Feature", "properties": {"LocationID": 154}, "geometry": {"type": "MultiPolygon", "coordinates": [[[[-73.936046277, 40.60951486900015], [-73.93423157599979, 40.6078977150001], [-73.93351310700004, 40.6083434560001], [-73.92986880199989, 40.60507134100015], [-73.92624885099994, 40.6074135220001], [-73.92444144399987, 40.605793569000134], [-73.92158429099997, 40.607639085000066], [-73.92065861699989, 40.606754543000164], [-73.91970928699986, 40.60730216300009], [-73.9185276079998, 40.606113367000084], [-73.91794980550603, 40.60620925217122], [-73.91442813462284, 40.60286391956344], [-73.91389434799432, 40.60270357776886], [-73.91382020162834, 40.60288818005028], [-73.91368718510047, 40.602850421012846], [-73.91385524392098, 40.60269025150694], [-73.91364075667397, 40.60252418170452], [-73.91332700399015, 40.60276377777005], [-73.91347072649002, 40.60291169069015], [-73.91329651030489, 40.60276561467808], [-73.91366089338922, 40.60246891002765], [-73.91349826413605, 40.60236697606797], [-73.91301723241872, 40.60275424871779], [-73.91347511544238, 40.602349295873616], [-73.91331444593793, 40.60225844819851], [-73.9131165873372, 40.602220255929], [-73.91273866862338, 40.60270867701666], [-73.91272398622357, 40.6024532629463], [-73.91309691306819, 40.602214453925754], [-73.91158427689317, 40.602135488403604], [-73.91157836556718, 40.60221787119137], [-73.91230939977284, 40.6022750844781], [-73.91254170182432, 40.60236443995557], [-73.91165189230664, 40.60227825784443], [-73.91154411182994, 40.6024393231041], [-73.91261098676527, 40.602532006594004], [-73.91257290407538, 40.602683300034855], [-73.91086536585769, 40.602490483288626], [-73.91151957194396, 40.60239686856949], [-73.91154234369162, 40.60222454078586], [-73.91091626763057, 40.60220676550808], [-73.91093999639928, 40.60212847422269], [-73.911555291408, 40.602155464729954], [-73.91075830846516, 40.60202750098362], [-73.91075123972264, 40.60243729986272], [-73.90903689530526, 40.60267734322038], [-73.90901848567071, 40.60252482766935], [-73.91071154457025, 40.602419493178495], [-73.91070633053948, 40.60214451526551], [-73.90940934304653, 40.602190765755516], [-73.91073123013267, 40.60202137602779], [-73.9097964992642, 40.602043013003694], [-73.90894225138031, 40.601607040698894], [-73.90767859330253, 40.60229166672019], [-73.9039344950867, 40.60272510278662], [-73.90332866108642, 40.60245630398578], [-73.90143013761237, 40.60327267745618], [-73.8998349343069, 40.603339791385665], [-73.89880755323303, 40.603657090412646], [-73.89793178098228, 40.60332534051512], [-73.89530920285445, 40.60312108015561], [-73.89467867139669, 40.60331787759116], [-73.8937973886478, 40.60318929291615], [-73.8932644737467, 40.60347798898258], [-73.8921960955575, 40.60338848361717], [-73.89117096536285, 40.60359615399255], [-73.8908017889319, 40.60398091442624], [-73.88897627762157, 40.6045481331633], [-73.88764437104099, 40.60527704731376], [-73.88477539810481, 40.605144844134394], [-73.8839804295303, 40.60556651972092], [-73.88269358924951, 40.60422497014939], [-73.88329452020042, 40.60291610455596], [-73.8816278073381, 40.59944648269121], [-73.88147208280688, 40.597872095419426], [-73.88071445697005, 40.59639309732012], [-73.88071906028287, 40.594826329733756], [-73.87990713258998, 40.592047994322606], [-73.8794080701356, 40.592103406892484], [-73.8798990285191, 40.59202063885223], [-73.87971492228009, 40.59139889182923], [-73.87935729205896, 40.59084373529768], [-73.8789689043874, 40.59089677311774], [-73.87892411931159, 40.59071278028172], [-73.87929326377282, 40.590661431870856], [-73.87896831259086, 40.589900935048526], [-73.87913901161362, 40.58937320023144], [-73.8787876035763, 40.588030461058594], [-73.87820200233887, 40.58686794328799], [-73.87671672482064, 40.584914430201074], [-73.87970231664, 40.58013510069835], [-73.881742900221, 40.579591700764844], [-73.88174676983894, 40.57915880721259], [-73.88287342943622, 40.579128240680845], [-73.88434661049752, 40.57859797577056], [-73.88734824650477, 40.5780752246273], [-73.88871425158845, 40.57813591486534], [-73.88975533585844, 40.577788416492766], [-73.89118413759032, 40.57787211230103], [-73.89454772077411, 40.576839509707845], [-73.89552381007165, 40.57676981843653], [-73.89604942697282, 40.57822136792902], [-73.89708755890891, 40.57988695930414], [-73.89703676930591, 40.580703700793066], [-73.89648974288556, 40.582016519249926], [-73.89655591241934, 40.58300501897486], [-73.89703138264092, 40.583987579866196], [-73.89813542477575, 40.58518565506001], [-73.89789705159707, 40.58582125572868], [-73.89830506227048, 40.5868411850036], [-73.89891599908806, 40.58753743606123], [-73.89973341305188, 40.58716521211009], [-73.89903425420563, 40.587676171746], [-73.89981060525021, 40.58801445705578], [-73.89990604460492, 40.58779408924838], [-73.89994345059304, 40.58798341652585], [-73.90000932514889, 40.58781834931462], [-73.90121791883185, 40.58738334002331], [-73.8999523407064, 40.58804159869709], [-73.90071546045651, 40.58808399538854], [-73.90209953736353, 40.58735654117661], [-73.90285597557542, 40.587366270666955], [-73.90426874447125, 40.58691226298876], [-73.90587919858659, 40.587497875950994], [-73.90588718425934, 40.58787737291454], [-73.90651874663754, 40.58802547389275], [-73.90712502406382, 40.58752970296252], [-73.90649351286079, 40.58734467487595], [-73.90643924223771, 40.58703385637489], [-73.90810885035972, 40.586796505301734], [-73.91088554171192, 40.58594764500461], [-73.9114817199007, 40.586078718712514], [-73.91197278431736, 40.586697357471515], [-73.9115767744986, 40.58726262488558], [-73.91191080135235, 40.58846743387388], [-73.91148579005616, 40.5911087530187], [-73.91202436365306, 40.5930962339066], [-73.91204234015626, 40.594506954289045], [-73.91364562396872, 40.597099977182516], [-73.91418739482286, 40.597357026283944], [-73.91513297459494, 40.598781115930485], [-73.91756644521524, 40.60001654795282], [-73.91859190395141, 40.60079639057217], [-73.92016573798129, 40.60108783880502], [-73.92018070185937, 40.60128267508859], [-73.92151689981944, 40.60192365414129], [-73.92267444374241, 40.601592236485224], [-73.92324120433761, 40.60107939346028], [-73.92400307854606, 40.59973014522818], [-73.92457042932716, 40.59972360273258], [-73.92628023072332, 40.60062151410216], [-73.92832255237369, 40.602218382314696], [-73.92878651195417, 40.60221183839708], [-73.92894868747497, 40.602512604013484], [-73.92950671202776, 40.602709233504505], [-73.92961589749179, 40.60318963997965], [-73.9290116971971, 40.60368541846899], [-73.92927458471804, 40.603993574805045], [-73.92987492996903, 40.603742325988954], [-73.9301425251583, 40.60402959534153], [-73.93048920100134, 40.60373586462912], [-73.93117476161733, 40.60385040643491], [-73.93212319646145, 40.60270973924894], [-73.93176200342052, 40.602596384218], [-73.93108919528449, 40.6017222582643], [-73.930306809869, 40.60117167464109], [-73.92964936173404, 40.60120445757898], [-73.92922698259743, 40.60048810851626], [-73.92865250413834, 40.60038559182889], [-73.9285923060007, 40.60061161597647], [-73.9272024040044, 40.59991008043439], [-73.92290185533977, 40.59644756381653], [-73.92177536324344, 40.59503092620135], [-73.92032141052387, 40.59471884699328], [-73.91795667035201, 40.59291046550981], [-73.91655940040121, 40.5910925874378], [-73.91454059121104, 40.58994422917563], [-73.91461921395867, 40.58932715577985], [-73.91420586362732, 40.5892243877571], [-73.91434427671781, 40.588886889305236], [-73.9172548455425, 40.58747791255747], [-73.91819087799986, 40.58660685500016], [-73.92956858299992, 40.59682026500012], [-73.92813139699999, 40.59777792800006], [-73.9335511719998, 40.602687281000094], [-73.93426266699994, 40.60223071100008], [-73.93972613899992, 40.60713291500014], [-73.936046277, 40.60951486900015]]], [[[-73.92084893682663, 40.59954139732863], [-73.91865887598058, 40.59947242837087], [-73.9184354828304, 40.5991663908319], [-73.91626393108346, 40.598161137312935], [-73.9160164174995, 40.597508438313675], [-73.91441508107104, 40.596045016532614], [-73.91338305751242, 40.59472155277831], [-73.9130634000125, 40.59407211068722], [-73.91326180340411, 40.59222877624624], [-73.91295122631982, 40.59205432996982], [-73.91439422677782, 40.591511657998346], [-73.91524478304683, 40.591587508178684], [-73.91604992895557, 40.59220259752897], [-73.91644112902213, 40.593126809440676], [-73.91787543558024, 40.59472218152513], [-73.920199545372, 40.59618334528075], [-73.9208294770879, 40.59633469068307], [-73.92182277731894, 40.597332932872725], [-73.92227201543713, 40.598376818436314], [-73.92213049353393, 40.5986625961775], [-73.92084893682663, 40.59954139732863]]], [[[-73.91513331918173, 40.58626938540092], [-73.913376322177, 40.58614306155454], [-73.91282142952436, 40.58589683033726], [-73.91256608953849, 40.585609285583466], [-73.91236790288794, 40.58452617424738], [-73.91271079739748, 40.58369994166944], [-73.91242103069457, 40.58339278402747], [-73.91304660950463, 40.58300754849581], [-73.91305439371871, 40.58318671645352], [-73.91463166275301, 40.58275763490558], [-73.91498685680594, 40.583152840328694], [-73.91614199473273, 40.58285743763408], [-73.91656345737127, 40.583152013699895], [-73.91729861410717, 40.5831908017497], [-73.91681104385314, 40.5827620485573], [-73.916326405681, 40.58281886992317], [-73.91596151080888, 40.58243575834036], [-73.91541290900807, 40.58236407379895], [-73.91438667636007, 40.58238315804961], [-73.91446429302799, 40.58260927781623], [-73.91417322815995, 40.58280136166265], [-73.91372600624901, 40.58272889387444], [-73.91335911446285, 40.58295402101446], [-73.91296905167876, 40.582972802624205], [-73.91299384246965, 40.58270674016949], [-73.91285379588716, 40.58301226729899], [-73.91191058860355, 40.58296337725281], [-73.91128635983831, 40.58231358629259], [-73.91149960130659, 40.58181878146484], [-73.91505520170745, 40.58154360772273], [-73.92221271877774, 40.583251332916646], [-73.92443604094976, 40.58355820344445], [-73.92963248074891, 40.58339880862573], [-73.93067191898056, 40.58315981187014], [-73.93088649890265, 40.58292841324035], [-73.93074445590659, 40.58275391486472], [-73.93094864986666, 40.58272735668971], [-73.93184655018902, 40.58294105529754], [-73.9320424499999, 40.5842339600001], [-73.9300961629999, 40.58450207600008], [-73.9301907789999, 40.585085593000066], [-73.93126944999997, 40.585436393000116], [-73.93139947599984, 40.58607989500008], [-73.92712081899994, 40.58487935700009], [-73.92101255523748, 40.58457501880633], [-73.92000618720687, 40.58466465286842], [-73.91697482395934, 40.58588830416058], [-73.91513331918173, 40.58626938540092]]]]}}, {"type": "Feature", "properties": {"LocationID": 155}, "geometry": {"type": "Polygon", "coordinates": [[[-73.91535460301414, 40.62999169507088], [-73.90385540661482, 40.62494019869987], [-73.90546206137252, 40.62577481968364], [-73.90254656112614, 40.62444423916975], [-73.9032704594402, 40.62448418394121], [-73.90269333271974, 40.62421333487348], [-73.9028326222324, 40.62405099444965], [-73.90241543050294, 40.62446290725023], [-73.9022870793228, 40.62440985393041], [-73.90264355554693, 40.623924689307415], [-73.90291619574111, 40.62395453125663], [-73.90284160059183, 40.62345273729998], [-73.90236135937828, 40.623469218516234], [-73.9020901880153, 40.622987121990356], [-73.90094131085958, 40.62252791487662], [-73.90071952540437, 40.62163492049875], [-73.89811767568024, 40.621851562126615], [-73.89644123346895, 40.62139475619034], [-73.89628847802915, 40.62073649997481], [-73.89572932995614, 40.6202409152583], [-73.89561388501926, 40.619801287150786], [-73.89561044677644, 40.61935053338456], [-73.89645347974444, 40.61807557101061], [-73.89664335225238, 40.617347713147645], [-73.89646002707948, 40.61612987389067], [-73.89617052459134, 40.61600118370389], [-73.8957344515297, 40.614887747120314], [-73.89602881667831, 40.614804600052196], [-73.89586112894176, 40.61451813749497], [-73.89427581408144, 40.61388264324832], [-73.89249926249595, 40.61379231218393], [-73.89134028451792, 40.61325620740338], [-73.89095414564672, 40.612834047317236], [-73.8914143047419, 40.61212544769969], [-73.893932400722, 40.611536596724385], [-73.89394013317667, 40.61118142665145], [-73.89354938853043, 40.61100089763667], [-73.89189389086438, 40.61153467125007], [-73.89099709323197, 40.61205245241647], [-73.89107794632615, 40.61227686186871], [-73.88971513183803, 40.61159899690429], [-73.88976640213248, 40.61099845717906], [-73.8902171644626, 40.61039725778845], [-73.89194461446813, 40.60910225214857], [-73.89176940682302, 40.609519268959446], [-73.89226735458966, 40.609165273146814], [-73.89222320409746, 40.60862708685772], [-73.89242327207693, 40.6085582427389], [-73.89217035937482, 40.608544721357454], [-73.89272944999256, 40.60722719231666], [-73.89334621420008, 40.60674344623484], [-73.89486168368406, 40.60640476320603], [-73.89591344424802, 40.60584471127658], [-73.8983387811778, 40.60530365978819], [-73.89986880363854, 40.6055246405442], [-73.9008767251003, 40.60698012134745], [-73.90056595304027, 40.607474509790215], [-73.90047685714813, 40.60921746982712], [-73.90015619936528, 40.61007643818712], [-73.90134997400646, 40.61108861510216], [-73.90133303458649, 40.61171788290619], [-73.90228989425326, 40.61196157467701], [-73.90249392985292, 40.61181499903247], [-73.90119253465454, 40.61056381754681], [-73.90132962659395, 40.61048104310346], [-73.90265077946786, 40.61178062116435], [-73.90236032096202, 40.61198041218281], [-73.90271854260655, 40.61182602529612], [-73.90304392812484, 40.61209521498738], [-73.90242274717579, 40.61203356000501], [-73.90587105277362, 40.61506331397742], [-73.90573455901249, 40.61488297394392], [-73.90603328924851, 40.61495338921966], [-73.90587937620926, 40.615077461411595], [-73.90696283645082, 40.61611401757904], [-73.90717291149826, 40.61600987533867], [-73.90673848666401, 40.61629591999031], [-73.90725685565036, 40.61608758137703], [-73.90708346968198, 40.61622136802865], [-73.90744255412062, 40.6162585357008], [-73.9071059539902, 40.61660986021441], [-73.90752735132158, 40.61634443254905], [-73.90724169382693, 40.61655150188772], [-73.9079680653862, 40.61704658677713], [-73.90781388603338, 40.617374067586034], [-73.90815289956946, 40.61716189299612], [-73.90879088017641, 40.61743639672162], [-73.90863333912958, 40.617167854909574], [-73.90907145153933, 40.61716043833198], [-73.90835403214685, 40.616530998961714], [-73.9087942081916, 40.61687295732488], [-73.90913853186629, 40.61653162172924], [-73.90797306390525, 40.615736844061374], [-73.90815663851605, 40.6156011240517], [-73.90917675105386, 40.616521946980356], [-73.908814562086, 40.61689044188259], [-73.90895706128724, 40.61699148481951], [-73.90964406040352, 40.61657537149971], [-73.90959740910328, 40.616392669799524], [-73.90865024676272, 40.61548455568743], [-73.90730153384293, 40.61480891300786], [-73.90544378702945, 40.613014509008195], [-73.90424103859327, 40.61236227321894], [-73.9042910372516, 40.612014856129065], [-73.90350980782237, 40.61140649037273], [-73.90331047012505, 40.61154716386385], [-73.90349407447779, 40.611389008742904], [-73.90313578707003, 40.6109675381573], [-73.90274504537491, 40.61093146873161], [-73.90225859966276, 40.610422772600124], [-73.90177669809985, 40.60567468655602], [-73.90524300992108, 40.60491009032462], [-73.90597461177855, 40.60638402870451], [-73.90811001167562, 40.606273265343205], [-73.90863959535422, 40.606658722048046], [-73.90882919865997, 40.606564966000654], [-73.9084923668496, 40.60577213812835], [-73.908241104175, 40.60532277861846], [-73.90803306097814, 40.60535860211743], [-73.90840361574526, 40.60524329706006], [-73.90888574422165, 40.606536518828555], [-73.90933804983145, 40.606477603024864], [-73.9098515484547, 40.605999722177884], [-73.90885691315668, 40.60506007379733], [-73.9083253683517, 40.6040733739188], [-73.91092270021187, 40.60350547610084], [-73.91365119759595, 40.60398251383715], [-73.91673556486195, 40.606814561550344], [-73.91672115759047, 40.60762484678032], [-73.91632230017511, 40.608675662669185], [-73.9167839443274, 40.608773884392406], [-73.91657073983414, 40.609423539546114], [-73.91683981118769, 40.60876001472071], [-73.91650924535926, 40.6086297540902], [-73.91688964587311, 40.608710013687094], [-73.91682803243748, 40.60890605736691], [-73.91708838503304, 40.60882085489872], [-73.91681964529575, 40.60893138688535], [-73.91679953090683, 40.60949419223121], [-73.91656604065834, 40.60943782267799], [-73.9161647503772, 40.6105155750763], [-73.91449542205973, 40.61165322366509], [-73.91493418790425, 40.6139581550551], [-73.91386053060673, 40.614642269071076], [-73.91428072663338, 40.61493881616316], [-73.91642099003494, 40.613569354692906], [-73.9159145211068, 40.61384537631246], [-73.91572538303375, 40.61361803080382], [-73.91576807356562, 40.61354033333599], [-73.91597173175394, 40.613807835366885], [-73.91624768959588, 40.61362610079138], [-73.91574585230263, 40.61338486070322], [-73.91596572500258, 40.61323639646906], [-73.91626452766656, 40.6136056127043], [-73.91639586745879, 40.61344683403491], [-73.91587086536354, 40.612910037390755], [-73.91662804371141, 40.61344358926559], [-73.91573181927129, 40.61183084451401], [-73.916746523893, 40.61117845546829], [-73.9166731127402, 40.61100582325074], [-73.9168292081243, 40.611118077723134], [-73.91811036679019, 40.6102083940583], [-73.91773185485035, 40.609782538200015], [-73.9178663862696, 40.60932723380104], [-73.91767870757266, 40.60966286494909], [-73.91796270083073, 40.608785937120516], [-73.9178197277143, 40.60930430006609], [-73.91802964454176, 40.60884669674367], [-73.9185566612059, 40.60849830904363], [-73.91800500501185, 40.608149778514814], [-73.91818728590098, 40.608024580910886], [-73.91857357570947, 40.60848794628752], [-73.91900737147333, 40.608267254971345], [-73.9181381488997, 40.607645386907926], [-73.91836246737634, 40.60750136941886], [-73.91902310765325, 40.608256868199625], [-73.91935398484114, 40.60804292228785], [-73.91825269092949, 40.607229350640715], [-73.918503004139, 40.607071236027195], [-73.91950358918922, 40.60797490397541], [-73.91924135011546, 40.60738541386082], [-73.91794980550603, 40.60620925217122], [-73.91852760899995, 40.60611336700004], [-73.91970928699986, 40.60730216300009], [-73.92065861699989, 40.606754543000164], [-73.92158429099997, 40.607639085000066], [-73.92444144399987, 40.605793569000134], [-73.92624885099994, 40.6074135220001], [-73.92986880199989, 40.60507134100015], [-73.93351310700004, 40.6083434560001], [-73.93423157599979, 40.6078977150001], [-73.936046277, 40.60951486900015], [-73.93753749399987, 40.608557390000044], [-73.93934703399997, 40.61018714100008], [-73.94231175899985, 40.608268197000065], [-73.94354698, 40.60934655500011], [-73.9448277099998, 40.61604620900007], [-73.943469619, 40.617385001000116], [-73.94078914099985, 40.61769679000005], [-73.93686699599992, 40.62025328100011], [-73.93320457599995, 40.61697044200009], [-73.93173179199982, 40.61792692100008], [-73.92629604599998, 40.61311679900012], [-73.92640044599995, 40.61447853500008], [-73.92062400299996, 40.6148386820001], [-73.9205269409999, 40.61394269500006], [-73.91690302699992, 40.61627422900014], [-73.91860649599991, 40.63209041500008], [-73.91716071492723, 40.63173012599863], [-73.9175065733389, 40.63144181608006], [-73.91731998946489, 40.63100715271824], [-73.91535460301414, 40.62999169507088]]]}}, {"type": "Feature", "properties": {"LocationID": 156}, "geometry": {"type": "MultiPolygon", "coordinates": [[[[-74.17989568340026, 40.64526879647821], [-74.17972987752029, 40.644380702112045], [-74.17933117249432, 40.644400511772744], [-74.17920271291945, 40.64504692785559], [-74.17907466583888, 40.64464650705671], [-74.17903555928557, 40.64339478702088], [-74.17940482802032, 40.64312896647654], [-74.1795871372141, 40.641917683464236], [-74.17918728067563, 40.64298753999667], [-74.17825662146018, 40.64212922786841], [-74.17834127011962, 40.642589475996], [-74.17781237608769, 40.642599844142275], [-74.17768636299832, 40.64294859651973], [-74.1772111857094, 40.643122778603264], [-74.17682386895896, 40.642859145983515], [-74.1767048915117, 40.64241691128414], [-74.1763578661754, 40.64232722056309], [-74.17668723791225, 40.64255213862142], [-74.17666795538246, 40.643386844771804], [-74.17560250954419, 40.643311298672636], [-74.17547166255278, 40.64412310546135], [-74.17568470742572, 40.644710284895254], [-74.17546691157192, 40.64464652110248], [-74.17529691545047, 40.64507507681906], [-74.17436572943608, 40.64513625864562], [-74.1729412389165, 40.64420452285607], [-74.17300154585647, 40.64358540507979], [-74.17236165386568, 40.64325626755203], [-74.17272145305189, 40.64294849899678], [-74.17196330565986, 40.64285813269346], [-74.17150811099722, 40.64313444209101], [-74.17133587281808, 40.6428557650522], [-74.17186042582567, 40.64252292851905], [-74.17147878989451, 40.64170250999374], [-74.1715872192374, 40.64102959339468], [-74.1720231585248, 40.640989215663076], [-74.17293896175397, 40.64057955269759], [-74.17298798800311, 40.64048910506645], [-74.17156994685418, 40.641011532092946], [-74.17137382350516, 40.64208501526828], [-74.17105017239898, 40.64259381913011], [-74.17119260951202, 40.641739626514145], [-74.17028635441103, 40.641775308256065], [-74.17007878651035, 40.64208616057573], [-74.16915295569137, 40.64187285987452], [-74.16906431628871, 40.642130016798795], [-74.16653375792842, 40.641422637883906], [-74.1660998989604, 40.64240658700136], [-74.16631887292456, 40.64143667500508], [-74.1658011075589, 40.64122451144963], [-74.16563409763798, 40.64121437137586], [-74.16544310082392, 40.64228054670877], [-74.16494139041178, 40.64220899988952], [-74.16519041758224, 40.640642305779565], [-74.16473426536795, 40.64039146702508], [-74.16457132366716, 40.64141866159608], [-74.16441459649108, 40.641396784726204], [-74.16459656597705, 40.640315746047705], [-74.16416886813627, 40.63999411023051], [-74.16386249420347, 40.64105279734393], [-74.16394491366823, 40.639914606821364], [-74.16345445681993, 40.63985656039842], [-74.16322855844136, 40.64094851033015], [-74.1627935602801, 40.641029624006855], [-74.16167534694229, 40.64061078476697], [-74.1622846525209, 40.638765652772534], [-74.16181856612248, 40.638646278777806], [-74.16144917826759, 40.639428336668544], [-74.16130221801548, 40.639393734457244], [-74.16166010706984, 40.638664993313476], [-74.161240158151, 40.63859501161641], [-74.16090490770398, 40.639386140816256], [-74.16073654872477, 40.63935101447559], [-74.1610816175891, 40.63856776831271], [-74.16034819993155, 40.63844372645366], [-74.15986410465037, 40.63992782369291], [-74.1602347053031, 40.63841031692509], [-74.15985697767896, 40.63872920221962], [-74.15957712397919, 40.637992583212046], [-74.1592271162294, 40.63779611975718], [-74.15900957887435, 40.63882257790995], [-74.15893299160653, 40.63826401781921], [-74.15789262953875, 40.63796505123133], [-74.15773352572349, 40.638879035165566], [-74.15777365937033, 40.63795716024883], [-74.15718782782525, 40.63795080522914], [-74.15710126690709, 40.63927771860038], [-74.15707077305574, 40.637947135641106], [-74.15610276490888, 40.63793959088631], [-74.15611488264744, 40.637530747164575], [-74.15569862053141, 40.63751793890429], [-74.15549268934303, 40.638466779526624], [-74.15558643758918, 40.63773077586555], [-74.15482932461856, 40.63772385541897], [-74.15469263864514, 40.63919396811443], [-74.15477829011976, 40.637721545551095], [-74.15459670163321, 40.63734334406918], [-74.15279703511403, 40.63713275485273], [-74.15269700449673, 40.63764184172483], [-74.15221806884477, 40.63769258171705], [-74.15229786175496, 40.63827428826376], [-74.15213675899915, 40.6382907479558], [-74.15204639233272, 40.637667215315666], [-74.15119545007182, 40.63773078853634], [-74.15124827966567, 40.639409342886104], [-74.15112965090489, 40.638500680074145], [-74.1505563884209, 40.63855933066748], [-74.14945818220086, 40.63741032084726], [-74.1494188170834, 40.63829164054723], [-74.14919418155682, 40.63866833137211], [-74.1488817554376, 40.63870520797345], [-74.14855815092194, 40.63743783752742], [-74.14877792005885, 40.63887625112791], [-74.14602173101719, 40.63909454970091], [-74.1451927948153, 40.63937849765488], [-74.14386163595883, 40.63888796251703], [-74.14336103010835, 40.63970984518137], [-74.14312802471521, 40.639680373063996], [-74.14359998299996, 40.63851412600011], [-74.14478228999994, 40.63795378000012], [-74.14752618999992, 40.62938928800008], [-74.14622202799995, 40.62910695700011], [-74.14593544599994, 40.62782411500016], [-74.14554071999993, 40.627832522000155], [-74.14563382799992, 40.62672515000009], [-74.14650354399993, 40.62420010100009], [-74.14772830399991, 40.622136619000145], [-74.15231170399994, 40.61716275600007], [-74.15379116699992, 40.6122556120001], [-74.15792673899992, 40.6154574250001], [-74.1623545779999, 40.61833563800017], [-74.16808086299993, 40.6209362560001], [-74.17236260999994, 40.62163579900008], [-74.17459706299995, 40.62236401100007], [-74.17993706099998, 40.62660129700009], [-74.1955597527974, 40.635023986316746], [-74.19442256854931, 40.63658210621335], [-74.19454212579782, 40.63707002762805], [-74.19478689682471, 40.637131511664485], [-74.19462310145185, 40.637391183563864], [-74.19358317694844, 40.637469116884894], [-74.19371964621938, 40.6375668142303], [-74.18652496897599, 40.64338866217164], [-74.18623209809668, 40.64318739685547], [-74.18590896667844, 40.64363143950194], [-74.18511431614884, 40.6438062382902], [-74.18524793597288, 40.64394352619356], [-74.18483594580836, 40.64412826633892], [-74.18411319064435, 40.64353008362598], [-74.18437046773803, 40.64309957689013], [-74.18365067064063, 40.64223964105085], [-74.18402611192003, 40.643100408569886], [-74.18384575936905, 40.64326615680756], [-74.18324212279416, 40.64296367810317], [-74.18380044942428, 40.64443190122322], [-74.1836674587201, 40.644610485050265], [-74.18288931621824, 40.644800282946264], [-74.18118434243927, 40.644586159245115], [-74.18087212513211, 40.644851429678496], [-74.18048173953655, 40.64427892477671], [-74.18004077949224, 40.644288140673844], [-74.17989568340026, 40.64526879647821]]], [[[-74.15945602438185, 40.641448333324234], [-74.16111242522162, 40.64183545373749], [-74.16146036002637, 40.64429496988258], [-74.15798759520317, 40.64386178898324], [-74.15743349200979, 40.64330285777918], [-74.15855043770534, 40.64249750130659], [-74.158810937453, 40.64175863474047], [-74.15945602438185, 40.641448333324234]]]]}}, {"type": "Feature", "properties": {"LocationID": 157}, "geometry": {"type": "Polygon", "coordinates": [[[-73.89922944799997, 40.73511159900007], [-73.89492421799993, 40.7350077220001], [-73.89255554699984, 40.734478126000134], [-73.8885228599999, 40.73453116000011], [-73.88805975199999, 40.730087230000095], [-73.8875596219999, 40.730197056000115], [-73.88723573099986, 40.72893296500015], [-73.8870771209998, 40.72463770200012], [-73.89030329399986, 40.72492388700006], [-73.89426494199992, 40.723143189000055], [-73.89569743299992, 40.723412586000144], [-73.8958238069999, 40.723898822000145], [-73.8983528509999, 40.723112290000124], [-73.89903191799989, 40.723856960000056], [-73.90010558699989, 40.723296241000114], [-73.89981610199999, 40.72123690000009], [-73.89739704899986, 40.72155121000009], [-73.89736598399989, 40.720464383000085], [-73.90009286399996, 40.720176853000126], [-73.90062644399997, 40.71976405400009], [-73.90033904299986, 40.71801994800007], [-73.89834760099983, 40.71919767800009], [-73.897267579, 40.71814715700004], [-73.89901821099993, 40.717382127000114], [-73.89750226399987, 40.716383868000115], [-73.90477244599997, 40.71286580000004], [-73.90537582199983, 40.712876581000046], [-73.90639010099999, 40.717363692000085], [-73.90943398699983, 40.71758177300008], [-73.90965980099995, 40.71779315500011], [-73.91283037699982, 40.71536090700014], [-73.91015817899998, 40.713821600000124], [-73.91077807399988, 40.713187600000055], [-73.92404011299993, 40.71400831300011], [-73.92368352152519, 40.71408284140834], [-73.92412241575492, 40.715138048445354], [-73.92352547251075, 40.71561660836804], [-73.92232970167696, 40.7160765451726], [-73.92064258940593, 40.71577319202903], [-73.92057861388705, 40.71602742469088], [-73.9222376112434, 40.71638244049432], [-73.92232773978448, 40.71659264406128], [-73.91132095099978, 40.719624230000136], [-73.91384828299984, 40.722898412000085], [-73.91257187699983, 40.72323963500007], [-73.90518057899999, 40.728956577000154], [-73.90041661699985, 40.734650588000115], [-73.89922944799997, 40.73511159900007]]]}}, {"type": "Feature", "properties": {"LocationID": 158}, "geometry": {"type": "Polygon", "coordinates": [[[-74.00916608258481, 40.74241659123188], [-74.00515808199998, 40.740858081000106], [-74.0070902079999, 40.72877225300013], [-74.01067264999996, 40.729112667000095], [-74.01076791499999, 40.728173958000106], [-74.014390699162, 40.7284630477602], [-74.01408693559922, 40.73066317304049], [-74.01116195696464, 40.73045067634927], [-74.01099350879153, 40.73232041794082], [-74.01094127374121, 40.73302031334146], [-74.01400220214602, 40.73306800179564], [-74.01399957240955, 40.7333322775179], [-74.01090389883275, 40.73329761713979], [-74.01072514326883, 40.7334595235113], [-74.01083284563215, 40.73400709451382], [-74.01201792010478, 40.73406374445651], [-74.01200124222407, 40.73433840166891], [-74.01081359479103, 40.73428344364773], [-74.0104765981442, 40.73806394059523], [-74.01108706635937, 40.73809275008157], [-74.01113915602558, 40.73838986281323], [-74.01045432864609, 40.738364506228336], [-74.0103930313456, 40.7391742960594], [-74.01158045502316, 40.73926453611225], [-74.0115274502041, 40.739873771450114], [-74.01161258017336, 40.73970760054955], [-74.0123691740004, 40.73975164637232], [-74.01231001212764, 40.740194756204204], [-74.01157686924238, 40.74016009950178], [-74.01151491736529, 40.73997286369901], [-74.01146073955334, 40.74058421475269], [-74.01215741913083, 40.74060599813144], [-74.01265928208485, 40.74074763849768], [-74.00949685520365, 40.740727011785616], [-74.00941140266131, 40.741154093313014], [-74.01216232909212, 40.741491889682855], [-74.01211745872139, 40.74175851621177], [-74.00951947145005, 40.74149030219881], [-74.00916608258481, 40.74241659123188]]]}}, {"type": "Feature", "properties": {"LocationID": 159}, "geometry": {"type": "Polygon", "coordinates": [[[-73.91189154999992, 40.822141482000106], [-73.90990894100004, 40.8225511080001], [-73.9012927759998, 40.820475443000085], [-73.9044655149999, 40.81228196000014], [-73.91094778999998, 40.813620921000066], [-73.91768626999985, 40.816081243000085], [-73.92048117399989, 40.814563687000096], [-73.92158392200005, 40.81555063200014], [-73.92124519699988, 40.81621939700013], [-73.92309299899993, 40.81669772800015], [-73.92399951299991, 40.81543891200011], [-73.92662718199988, 40.816118959000114], [-73.92518486499998, 40.81801266900008], [-73.92265261199995, 40.82049431500012], [-73.91677400599986, 40.824387087000055], [-73.91587735799988, 40.82410373200004], [-73.91621588599988, 40.823467930000106], [-73.91189154999992, 40.822141482000106]]]}}, {"type": "Feature", "properties": {"LocationID": 160}, "geometry": {"type": "Polygon", "coordinates": [[[-73.86970765399998, 40.725146434000116], [-73.8687681729999, 40.7238209070001], [-73.86523870699996, 40.71997671000012], [-73.86003789899996, 40.71493223600005], [-73.85962920999985, 40.713975295000125], [-73.85965416799995, 40.71337996100007], [-73.86500981999998, 40.710776909000074], [-73.87016462499984, 40.709207743000064], [-73.86911007199988, 40.70708933700009], [-73.88088332699985, 40.7064539770001], [-73.87761134199985, 40.70716770500013], [-73.87872783199988, 40.710027535000066], [-73.87926181200001, 40.7099053470001], [-73.87943495499985, 40.710284419000075], [-73.87907685299999, 40.71035939000012], [-73.88006267699978, 40.712652574000124], [-73.88507555699985, 40.71216105600011], [-73.90477244599997, 40.71286580000004], [-73.89750226399987, 40.716383868000115], [-73.89901821099993, 40.717382127000114], [-73.897267579, 40.71814715700004], [-73.89834760099983, 40.71919767800009], [-73.90033904299986, 40.71801994800007], [-73.90062644399997, 40.71976405400009], [-73.90009286399996, 40.720176853000126], [-73.89736598399989, 40.720464383000085], [-73.89739704899986, 40.72155121000009], [-73.89981610199999, 40.72123690000009], [-73.90010558699989, 40.723296241000114], [-73.89903191799989, 40.723856960000056], [-73.8983528509999, 40.723112290000124], [-73.8958238069999, 40.723898822000145], [-73.89569743299992, 40.723412586000144], [-73.89426494199992, 40.723143189000055], [-73.89030329399986, 40.72492388700006], [-73.8870771209998, 40.72463770200012], [-73.88720524999994, 40.727792997000066], [-73.88500729499985, 40.7283718950001], [-73.88008877499988, 40.728906275000135], [-73.87509154199992, 40.73067136300012], [-73.87146074199987, 40.72932637400005], [-73.86970765399998, 40.725146434000116]]]}}, {"type": "Feature", "properties": {"LocationID": 161}, "geometry": {"type": "Polygon", "coordinates": [[[-73.97124277300003, 40.76093641800003], [-73.97580739399986, 40.75467727500013], [-73.9765156939999, 40.75497426300013], [-73.9783696929999, 40.75241622700011], [-73.98411754799999, 40.75484205300013], [-73.977686006, 40.763644403000136], [-73.97124277300003, 40.76093641800003]]]}}, {"type": "Feature", "properties": {"LocationID": 162}, "geometry": {"type": "Polygon", "coordinates": [[[-73.9665833839999, 40.761550935000066], [-73.9744494109998, 40.75076644500011], [-73.9783696929999, 40.75241622700011], [-73.9765156939999, 40.75497426300013], [-73.97580739399984, 40.75467727400016], [-73.96980028899992, 40.76291351200014], [-73.9665833839999, 40.761550935000066]]]}}, {"type": "Feature", "properties": {"LocationID": 163}, "geometry": {"type": "Polygon", "coordinates": [[[-73.98136213699995, 40.76783673900009], [-73.9736358469999, 40.7645699130001], [-73.96980028899992, 40.76291351200014], [-73.97124277300003, 40.76093641800003], [-73.977686006, 40.763644403000136], [-73.97860169399989, 40.76239607200014], [-73.98428230099987, 40.764791815000144], [-73.98215157200003, 40.76768179700013], [-73.98136213699995, 40.76783673900009]]]}}, {"type": "Feature", "properties": {"LocationID": 164}, "geometry": {"type": "Polygon", "coordinates": [[[-73.98085054499998, 40.74775037000015], [-73.98407485299994, 40.74332471800008], [-73.99051761299985, 40.746038638000115], [-73.98411754799999, 40.75484205300013], [-73.98088709899987, 40.753480989000074], [-73.98407636100002, 40.74910212500013], [-73.98085054499998, 40.74775037000015]]]}}, {"type": "Feature", "properties": {"LocationID": 165}, "geometry": {"type": "Polygon", "coordinates": [[[-73.96040734299989, 40.63016253100009], [-73.95995565099992, 40.62777867200009], [-73.94732672199994, 40.62916656700002], [-73.946422661, 40.624385567000104], [-73.94542442899984, 40.62449561000012], [-73.94451833400001, 40.6197136470001], [-73.94651373199997, 40.61949401900015], [-73.94573691999982, 40.61536340700008], [-73.94742608799993, 40.614224601000096], [-73.95026514899993, 40.61392435200002], [-73.94978380499995, 40.61137175000008], [-73.96237947799978, 40.60998637400017], [-73.96471983399981, 40.62237296100013], [-73.96864510599995, 40.62194169500009], [-73.96909724499984, 40.624332825000145], [-73.97047171899992, 40.62417003000015], [-73.97136622199992, 40.62892916200016], [-73.96040734299989, 40.63016253100009]]]}}, {"type": "Feature", "properties": {"LocationID": 166}, "geometry": {"type": "Polygon", "coordinates": [[[-73.95949328899988, 40.81700747400009], [-73.95626957999987, 40.81337502300006], [-73.95570690100003, 40.81414396000015], [-73.95408058399987, 40.812280113000085], [-73.9521012519999, 40.811442854000134], [-73.9535757779999, 40.80947669800009], [-73.95496657099991, 40.81006455500013], [-73.95818167299996, 40.8055967910001], [-73.95824878299987, 40.803106486000075], [-73.95964685399987, 40.80115642300013], [-73.97110765876137, 40.80579013958983], [-73.96855747771205, 40.80907289432377], [-73.96414082888293, 40.81577165745409], [-73.96203105797969, 40.81808633074105], [-73.95949328899988, 40.81700747400009]]]}}, {"type": "Feature", "properties": {"LocationID": 167}, "geometry": {"type": "Polygon", "coordinates": [[[-73.8963019999999, 40.83354321800009], [-73.89717220999982, 40.830368833000165], [-73.894692052, 40.83061909400007], [-73.893360418, 40.83015253100015], [-73.8899110649999, 40.830124192000056], [-73.88761307899999, 40.82933742000012], [-73.88601262699991, 40.828238531000125], [-73.88609624199987, 40.82765577700009], [-73.88789510999992, 40.82674318500007], [-73.89293226099981, 40.826787037000116], [-73.89483522899992, 40.826246841000135], [-73.8951102089999, 40.82803689900007], [-73.89548522799996, 40.82824854100013], [-73.89979756799993, 40.827684354000105], [-73.90093510699997, 40.827928102000115], [-73.90164895599993, 40.82625697800011], [-73.90050540499992, 40.82600762200013], [-73.90198758599993, 40.822440423000096], [-73.90061141099989, 40.822108808000074], [-73.9012927759998, 40.820475443000085], [-73.90990894100004, 40.8225511080001], [-73.91181615799985, 40.8220350220001], [-73.91621588599988, 40.823467930000106], [-73.91587735799988, 40.82410373200004], [-73.91677400599986, 40.824387087000055], [-73.91608782899984, 40.82483785200007], [-73.91661368499985, 40.824992308000105], [-73.91541108199998, 40.82577390900011], [-73.91475121099991, 40.825200473000116], [-73.91351191699981, 40.824804944000114], [-73.91316674499997, 40.82545645500008], [-73.91130974499993, 40.824848558000085], [-73.91179361999995, 40.82642815600009], [-73.91169430299983, 40.82775871600012], [-73.91030770399989, 40.828772485000094], [-73.908959903, 40.83022623300009], [-73.90553116799988, 40.82910413300009], [-73.90122534999992, 40.83549991100012], [-73.89697220299995, 40.834345254000084], [-73.8963019999999, 40.83354321800009]]]}}, {"type": "Feature", "properties": {"LocationID": 168}, "geometry": {"type": "MultiPolygon", "coordinates": [[[[-73.92662718199988, 40.816118959000114], [-73.92399951299991, 40.81543891200011], [-73.92309299899993, 40.81669772800015], [-73.92124519699988, 40.81621939700013], [-73.92158392200005, 40.81555063200014], [-73.92048117399989, 40.814563687000096], [-73.91768626999985, 40.816081243000085], [-73.91094778999998, 40.813620921000066], [-73.9044655149999, 40.81228196000014], [-73.90341720399988, 40.8115068830001], [-73.90229231992772, 40.804564776141866], [-73.90292770331085, 40.80419729170925], [-73.9027097310254, 40.804163663467385], [-73.90300283171007, 40.803917353272865], [-73.90373284581685, 40.80377329611796], [-73.9045295409574, 40.80317023565201], [-73.90807397255666, 40.79957281916741], [-73.90779307559532, 40.79949348953811], [-73.9076822280089, 40.79938831392547], [-73.90810210034232, 40.799539646863025], [-73.90802633276698, 40.79923787216233], [-73.90842190768012, 40.799442092445155], [-73.90855026742408, 40.79930742538978], [-73.90830303542083, 40.798959135920256], [-73.91168831241184, 40.79662376988892], [-73.91372255986785, 40.79678943887948], [-73.91904978748826, 40.79899393584344], [-73.92024068146364, 40.799613687935064], [-73.92132730789253, 40.801284591815836], [-73.9229271008289, 40.80237329482159], [-73.92422706820558, 40.80254501117918], [-73.92665794788495, 40.80240980391487], [-73.92762788658843, 40.80269566548169], [-73.92728271943585, 40.80350826441723], [-73.92764500352583, 40.80398863284626], [-73.92872607489814, 40.8041036252275], [-73.93051758839161, 40.80659056356694], [-73.93252708785967, 40.80882328177553], [-73.93259434400991, 40.810053158827], [-73.93286397083267, 40.810124437388716], [-73.93287412001943, 40.81041404342919], [-73.93256503302071, 40.81088597518992], [-73.93242632000944, 40.8141175189798], [-73.93027812699984, 40.81324802500016], [-73.92885642099992, 40.814879866000105], [-73.92731653099999, 40.818559634000096], [-73.92518486499998, 40.81801266900008], [-73.92662718199988, 40.816118959000114]]], [[[-73.89833036270552, 40.80241282094015], [-73.89646668834577, 40.80079047089154], [-73.89864038714974, 40.79910116462153], [-73.90021004993142, 40.799264155896196], [-73.89978738800835, 40.79950955437472], [-73.89971563817438, 40.800798808503], [-73.90003735815736, 40.80090874205042], [-73.89948919423654, 40.800901115929754], [-73.89938748571029, 40.80193566507051], [-73.89833036270552, 40.80241282094015]]], [[[-73.89678526341211, 40.7963291664873], [-73.89693872998787, 40.79563587285373], [-73.89796839783742, 40.79564483916218], [-73.89919434249981, 40.796502456018366], [-73.8978825324018, 40.79711653214723], [-73.89713149795635, 40.79679807772849], [-73.89678526341211, 40.7963291664873]]]]}}, {"type": "Feature", "properties": {"LocationID": 169}, "geometry": {"type": "Polygon", "coordinates": [[[-73.89816577499982, 40.85514637600007], [-73.89863543699985, 40.85390697500013], [-73.89709926799996, 40.85517229100007], [-73.8956088329998, 40.85457037000006], [-73.901344046, 40.84442875100013], [-73.90483121999989, 40.84480034200007], [-73.9050151499998, 40.84240469800005], [-73.90596061799985, 40.84262870400012], [-73.91046008499987, 40.84279164300006], [-73.91043026399994, 40.843107730000085], [-73.91193751499992, 40.84320238800011], [-73.91689747599987, 40.84511773400011], [-73.91416184199993, 40.84517918800012], [-73.910581699, 40.850181595000095], [-73.90557007299988, 40.855787322000076], [-73.90395154299999, 40.85497392300011], [-73.90185996099993, 40.854586149000134], [-73.90077922699986, 40.85604711000011], [-73.89816577499982, 40.85514637600007]]]}}, {"type": "Feature", "properties": {"LocationID": 170}, "geometry": {"type": "Polygon", "coordinates": [[[-73.97121971999988, 40.74692154100014], [-73.97350835000003, 40.743782034000084], [-73.97812378199983, 40.74572717300007], [-73.98085965399993, 40.7419697680001], [-73.98407485299994, 40.74332471800008], [-73.98085054399985, 40.747750370000105], [-73.98407636100002, 40.74910212500013], [-73.98088709899987, 40.753480989000074], [-73.9744494109998, 40.75076644500011], [-73.9758346669999, 40.74886314600016], [-73.97121971999988, 40.74692154100014]]]}}, {"type": "Feature", "properties": {"LocationID": 171}, "geometry": {"type": "Polygon", "coordinates": [[[-73.79317944599987, 40.770403177000084], [-73.7939591469999, 40.764695320000094], [-73.79302551399985, 40.76462119200008], [-73.79343991199988, 40.760764128000126], [-73.79076004599987, 40.76098576900011], [-73.79031517, 40.75782345100007], [-73.79493246199993, 40.75779803000013], [-73.80030038999979, 40.75970229900012], [-73.81104963199984, 40.761417021000156], [-73.82063593299985, 40.758872268000076], [-73.82348245199985, 40.76465179200012], [-73.82466908999987, 40.77040760800004], [-73.82655841999986, 40.7701370840001], [-73.82657481899986, 40.77234539800008], [-73.82583089999997, 40.775915271000066], [-73.82433101899987, 40.77674307000011], [-73.82331286899986, 40.77957866000008], [-73.81452997799975, 40.77888817500012], [-73.81485850699984, 40.77648592300007], [-73.79853009399987, 40.775190729000116], [-73.79741522800005, 40.77401031900007], [-73.79521550699988, 40.772674907000074], [-73.79317944599987, 40.770403177000084]]]}}, {"type": "Feature", "properties": {"LocationID": 172}, "geometry": {"type": "Polygon", "coordinates": [[[-74.08495715819193, 40.57125984002128], [-74.08691263653212, 40.56898584268384], [-74.08621632224266, 40.56853269814733], [-74.08725078316105, 40.5690816781931], [-74.08835699781724, 40.56826670759162], [-74.08924906075131, 40.56701557053492], [-74.08998259932834, 40.5673800115333], [-74.09054960106333, 40.56708359721149], [-74.09123807762191, 40.56650661322833], [-74.09407071109435, 40.56273161946141], [-74.09542371796327, 40.5631546355688], [-74.09661362272206, 40.56208714553752], [-74.09819767261925, 40.55983647680485], [-74.09829030823695, 40.55933261415702], [-74.09782127023999, 40.5590534662179], [-74.09876415480899, 40.55942355165108], [-74.09938031432728, 40.55896419336142], [-74.10299799599996, 40.56046955800016], [-74.11376161199998, 40.56649718900013], [-74.11636336399992, 40.563915638000054], [-74.12489904399992, 40.56894914200012], [-74.1227896719999, 40.57042984500006], [-74.12150213699994, 40.571721559000096], [-74.12136044699997, 40.57282674400011], [-74.12185333599992, 40.57465318100007], [-74.1215372899999, 40.57515325300006], [-74.11910954899994, 40.57615725200009], [-74.11702078599996, 40.57819692600011], [-74.11562578199988, 40.57847975300014], [-74.11306954499995, 40.58076852200008], [-74.10924835499999, 40.58267841300011], [-74.10525775499997, 40.585921436000056], [-74.09844000899997, 40.58124170600011], [-74.10039083499996, 40.57968866600013], [-74.08597647499992, 40.57223697100007], [-74.08495715819193, 40.57125984002128]]]}}, {"type": "Feature", "properties": {"LocationID": 173}, "geometry": {"type": "Polygon", "coordinates": [[[-73.85540366099997, 40.75834030900009], [-73.85436796999998, 40.758119083000054], [-73.85354137499989, 40.756563033000155], [-73.85312635499994, 40.75510934300007], [-73.85579909099987, 40.75440952800014], [-73.85455552299993, 40.75196191900011], [-73.855834956, 40.7515772720001], [-73.85442575299999, 40.748851726000076], [-73.86790963899986, 40.744933716000084], [-73.86852925199995, 40.747588302000146], [-73.87365721799983, 40.75680348600013], [-73.86567436999994, 40.757629583000075], [-73.85856138999993, 40.75791243700011], [-73.85540366099997, 40.75834030900009]]]}}, {"type": "Feature", "properties": {"LocationID": 174}, "geometry": {"type": "Polygon", "coordinates": [[[-73.87760676600001, 40.88452304400012], [-73.87812594399992, 40.88215382600009], [-73.87467601499999, 40.88156285200012], [-73.87494589799991, 40.879947669000074], [-73.87084077099992, 40.88043889400016], [-73.87024100099985, 40.88022935300013], [-73.87255250899982, 40.875175183000096], [-73.87619224999979, 40.87047671100005], [-73.8830900319999, 40.86659150900013], [-73.88362518100003, 40.8672575880001], [-73.88146889699983, 40.86857364600012], [-73.88255391499996, 40.872457288000106], [-73.883400353, 40.87394662600015], [-73.88345579299984, 40.87605609500012], [-73.88527683199987, 40.8792176690001], [-73.88567517999986, 40.878872511000054], [-73.88595071699983, 40.88050741200013], [-73.88716505299983, 40.88257651100009], [-73.88694246899995, 40.882682767000134], [-73.8872319409999, 40.88305497800009], [-73.88705142599984, 40.88434957600011], [-73.88421696399995, 40.88319772800009], [-73.88274833399998, 40.88339738700014], [-73.88124422499992, 40.882709633000104], [-73.87803562399996, 40.88711832200008], [-73.87760676600001, 40.88452304400012]]]}}, {"type": "Feature", "properties": {"LocationID": 175}, "geometry": {"type": "Polygon", "coordinates": [[[-73.75682062199996, 40.75973480600003], [-73.75583713299987, 40.75774206200013], [-73.7555734369999, 40.75828095200008], [-73.75511648399994, 40.758479498000106], [-73.75404744899984, 40.758512386000135], [-73.75320997199995, 40.7582448730001], [-73.75230259399993, 40.75945519900012], [-73.75115582999986, 40.75906976800013], [-73.75057710699984, 40.7580148950001], [-73.75004764499985, 40.75840465800016], [-73.74809587899985, 40.755899550000066], [-73.74711113899991, 40.75417328600011], [-73.74774116499992, 40.75384994400008], [-73.7470988539999, 40.75234682900009], [-73.74577948799998, 40.75156080500012], [-73.74384322099985, 40.74769009600007], [-73.74625984399985, 40.746711475000126], [-73.74477587099986, 40.74328109700013], [-73.74567621100002, 40.7430272990001], [-73.74887697299984, 40.7432883740001], [-73.75347299999997, 40.742404844000134], [-73.75138967499991, 40.74019416000007], [-73.75098230099987, 40.74002146200016], [-73.74996804299997, 40.739745752000076], [-73.74396193599989, 40.74078912700004], [-73.74360280299992, 40.73901260900012], [-73.74306820799991, 40.73844081800008], [-73.74128113899988, 40.73878869200015], [-73.74016951799993, 40.738481898000074], [-73.742947859, 40.735456552000116], [-73.75048295699995, 40.729221294000155], [-73.75297028799989, 40.72770562000006], [-73.75669771299987, 40.7262287110001], [-73.75787141499994, 40.72710685100011], [-73.76234209799992, 40.729538291000054], [-73.76435071499999, 40.731151192000084], [-73.76564374500005, 40.73253312700016], [-73.76369979199988, 40.73286411700012], [-73.76510920699994, 40.73455658500012], [-73.76273303499985, 40.73526216300016], [-73.76248609299982, 40.73673098200008], [-73.76556849799985, 40.743258155000056], [-73.76687853599992, 40.74409357900007], [-73.76772991399994, 40.74577622600012], [-73.76073612099987, 40.74773738500012], [-73.75684127399992, 40.74932207800013], [-73.75910049199996, 40.75225382100015], [-73.75996192099981, 40.75277744700006], [-73.76080194199993, 40.75454773000016], [-73.76184343999986, 40.75553726900008], [-73.76176692899985, 40.757278802000044], [-73.76239510599996, 40.75949699800005], [-73.75800131799996, 40.760379867000076], [-73.75682062199996, 40.75973480600003]]]}}, {"type": "Feature", "properties": {"LocationID": 176}, "geometry": {"type": "Polygon", "coordinates": [[[-74.12187198599999, 40.575107575000075], [-74.1215372899999, 40.57515325300006], [-74.12185333599992, 40.57465318100007], [-74.12136044699997, 40.57282674400011], [-74.12150213699994, 40.571721559000096], [-74.12278967299989, 40.57042984500011], [-74.12489904399992, 40.56894914200012], [-74.11636336299996, 40.563915638000054], [-74.11376161199998, 40.56649718900013], [-74.10299799599996, 40.56046955800016], [-74.0999291420065, 40.55907068582636], [-74.10079963928099, 40.558321821116074], [-74.10160202986725, 40.55680345871962], [-74.10184032964895, 40.55594463924147], [-74.10140516910823, 40.555538526164604], [-74.10265076360245, 40.556134404785396], [-74.10309839111532, 40.55590464145133], [-74.10465943491393, 40.554120467311364], [-74.10508907947455, 40.553235468010854], [-74.10484447636338, 40.55302581455644], [-74.10642822065164, 40.553853373621386], [-74.10654741892462, 40.554166999074184], [-74.10768623464052, 40.55397667147772], [-74.11028457387536, 40.55149635741772], [-74.11301046102231, 40.5477800652152], [-74.11495831999993, 40.54958143900009], [-74.11656290099995, 40.54912774200008], [-74.11876291999992, 40.551216114000084], [-74.11852157499992, 40.55143427700012], [-74.1194585929999, 40.552221906000106], [-74.12730057799996, 40.557295172000124], [-74.13042459599988, 40.55443704200011], [-74.13321002499998, 40.55238387600013], [-74.13885092699991, 40.556951179000094], [-74.13818000999993, 40.55759386600009], [-74.13561300299993, 40.558980027000146], [-74.13480973399993, 40.56082861900006], [-74.13340740099986, 40.5621298060001], [-74.1331097929999, 40.56286769100013], [-74.13170009, 40.56453574900012], [-74.13527417299991, 40.56551776100007], [-74.14438744999988, 40.569706100000104], [-74.14387453599991, 40.5706065940001], [-74.14418588199999, 40.57203741000008], [-74.13261022999991, 40.5735301630001], [-74.12765358299998, 40.57523494300008], [-74.12708814799998, 40.57636910600015], [-74.12513333899997, 40.57587998800011], [-74.1231838069999, 40.5757518520001], [-74.12187198599999, 40.575107575000075]]]}}, {"type": "Feature", "properties": {"LocationID": 177}, "geometry": {"type": "Polygon", "coordinates": [[[-73.91804607, 40.687213248000084], [-73.90004626199993, 40.67689309000016], [-73.90438792800002, 40.67520674700014], [-73.92275257199998, 40.66709733300008], [-73.92164666399992, 40.67886992300013], [-73.9163011989999, 40.67857711200011], [-73.91804607, 40.687213248000084]]]}}, {"type": "Feature", "properties": {"LocationID": 178}, "geometry": {"type": "Polygon", "coordinates": [[[-73.97092126300004, 40.626569985000124], [-73.97047171899992, 40.62417003000015], [-73.96909724499984, 40.624332825000145], [-73.96864510599995, 40.62194169500009], [-73.96471983399981, 40.62237296100013], [-73.96285973999984, 40.612549486000084], [-73.96478112799986, 40.61233092200009], [-73.96429649899991, 40.60977642600013], [-73.97403097799986, 40.60870231000011], [-73.97517176999992, 40.6147241860001], [-73.97399319500002, 40.61402989400011], [-73.97290326899996, 40.614152968000056], [-73.97335879399992, 40.61654171500008], [-73.97548096999985, 40.61631192500009], [-73.97537335500002, 40.615754722000084], [-73.97785009299986, 40.617287606000104], [-73.97539380499998, 40.62076998700017], [-73.97705352899999, 40.621532522000074], [-73.97656583899989, 40.6219949030001], [-73.9772614999999, 40.625852773000105], [-73.97092126300004, 40.626569985000124]]]}}, {"type": "Feature", "properties": {"LocationID": 179}, "geometry": {"type": "Polygon", "coordinates": [[[-73.93390840247848, 40.77811712981862], [-73.93178834305208, 40.777870606602505], [-73.9310496429894, 40.77744189731217], [-73.9306285655417, 40.77659090274979], [-73.92988058500097, 40.77622163190206], [-73.92860515023345, 40.77659267510116], [-73.92827730816353, 40.77689897516236], [-73.92782147400004, 40.77669752700013], [-73.92279264499986, 40.7739622950001], [-73.91770217299991, 40.77039311200009], [-73.91995596899991, 40.76844006500007], [-73.91849336999996, 40.76773465700014], [-73.91977764799998, 40.76615218400009], [-73.92218946199995, 40.76726735700009], [-73.92425288799978, 40.76472456400014], [-73.93344468499993, 40.76881779000011], [-73.93493511099992, 40.76701302400008], [-73.93618379699991, 40.767691801000126], [-73.93593177099983, 40.76778370300009], [-73.93577134099989, 40.76905001000005], [-73.93471718499994, 40.770029858000065], [-73.93424609600005, 40.771029276000085], [-73.93495398714983, 40.77137294301704], [-73.93448015089042, 40.77132306820047], [-73.93480681344163, 40.77173413889008], [-73.93746638537067, 40.77253149512537], [-73.93785811822775, 40.774087568973265], [-73.93765483090819, 40.7750856853838], [-73.9363802281754, 40.7769214565629], [-73.93508232492144, 40.77794423372795], [-73.93390840247848, 40.77811712981862]]]}}, {"type": "Feature", "properties": {"LocationID": 180}, "geometry": {"type": "Polygon", "coordinates": [[[-73.8411960569998, 40.68335136600009], [-73.83334819299995, 40.666773187000146], [-73.84008991099994, 40.668436556000124], [-73.84013623800001, 40.6682680250001], [-73.84215802199992, 40.66870144800007], [-73.84243585399989, 40.669288557000115], [-73.84322150199992, 40.66934041100012], [-73.84847765299996, 40.67091673900009], [-73.86131863599985, 40.67502126900009], [-73.86234580499983, 40.67916478600013], [-73.86328640800004, 40.67907719700004], [-73.86334943599995, 40.67935164000008], [-73.85878576899987, 40.680630463000085], [-73.85819836099995, 40.67943084900006], [-73.85392389199987, 40.679686156000066], [-73.85099089299987, 40.68056836700006], [-73.85197864599989, 40.68256421100007], [-73.84786817599985, 40.681486832000104], [-73.8411960569998, 40.68335136600009]]]}}, {"type": "Feature", "properties": {"LocationID": 181}, "geometry": {"type": "Polygon", "coordinates": [[[-73.9704128949999, 40.67259372300009], [-73.97965353499985, 40.661243233000114], [-73.98017161099993, 40.661154658000115], [-73.98223034199995, 40.66214149300012], [-73.98508679399998, 40.659013288000075], [-73.98688464499989, 40.660366389000096], [-73.98725068999991, 40.660378956000045], [-73.988716511, 40.66240493800015], [-73.9906354539999, 40.660579088000176], [-73.99692689899985, 40.66437491500012], [-73.99490350199991, 40.66678543500008], [-73.99277080699981, 40.665507281000075], [-73.98390048699991, 40.6761486530001], [-73.97804289599988, 40.684856615000065], [-73.97709796699996, 40.683869780000094], [-73.9737559849999, 40.68303402000009], [-73.97469118399995, 40.68026661600011], [-73.97618051399984, 40.67806432100015], [-73.97188596799982, 40.676394653000116], [-73.9694973889999, 40.675906380000185], [-73.96969317499985, 40.6753608540001], [-73.9690773179999, 40.67483967100013], [-73.96871822199984, 40.67392423400007], [-73.96892332199981, 40.67293755300009], [-73.9704128949999, 40.67259372300009]]]}}, {"type": "Feature", "properties": {"LocationID": 182}, "geometry": {"type": "Polygon", "coordinates": [[[-73.85168459699997, 40.83420105200007], [-73.86033845899995, 40.83325316600014], [-73.86085019699982, 40.83361353800008], [-73.86271114399993, 40.832991509000145], [-73.8639374809998, 40.84004456600014], [-73.86448011799995, 40.841087797000135], [-73.85333524999986, 40.84247015500007], [-73.85168459699997, 40.83420105200007]]]}}, {"type": "Feature", "properties": {"LocationID": 183}, "geometry": {"type": "Polygon", "coordinates": [[[-73.83676643699985, 40.84338597000014], [-73.83615362999997, 40.8461311760001], [-73.83555900199993, 40.851964013000135], [-73.83463970299987, 40.85381799400009], [-73.83390574099988, 40.85446778000011], [-73.83228148899984, 40.85517745000014], [-73.82860197199996, 40.855717848000076], [-73.82721751200002, 40.85325051300014], [-73.82737835799986, 40.852817959000085], [-73.82713133299993, 40.85187108100013], [-73.82799676999998, 40.84862431400009], [-73.82645014900007, 40.84626339600012], [-73.82611300699996, 40.845338694000105], [-73.83043186399985, 40.843857984000145], [-73.83294076399983, 40.84351916000012], [-73.83676643699985, 40.84338597000014]]]}}, {"type": "Feature", "properties": {"LocationID": 184}, "geometry": {"type": "MultiPolygon", "coordinates": [[[[-73.80728647099995, 40.88593181400007], [-73.80550576700001, 40.88609294900007], [-73.79322870891143, 40.88282259495241], [-73.7949170558667, 40.88054379098506], [-73.79554579908852, 40.88069101537517], [-73.79502596232832, 40.87974779721189], [-73.7962509753578, 40.877011999778674], [-73.79712701174677, 40.876190400904136], [-73.79743815457286, 40.875135332953334], [-73.7985533078771, 40.87440142827468], [-73.79891245463618, 40.87464589314311], [-73.79981389580328, 40.87415984971641], [-73.79987713793562, 40.873484667292836], [-73.80087270458245, 40.871590119894144], [-73.8013723540985, 40.871461043107736], [-73.80252284756597, 40.87050664469698], [-73.80317726501715, 40.8716831550708], [-73.80269939786251, 40.87221469129444], [-73.8033911752309, 40.872505037631264], [-73.80431849468226, 40.871159741068176], [-73.80373339399281, 40.870962602823965], [-73.80358314939251, 40.86994806102878], [-73.8028295989319, 40.8700762940306], [-73.80302203685277, 40.869155119796666], [-73.80422027051749, 40.86900214816832], [-73.80483122145964, 40.86931318178617], [-73.80554495995769, 40.86895600501233], [-73.80588410012888, 40.8690685021851], [-73.8057448608033, 40.86969257655298], [-73.80841596818787, 40.87118969336771], [-73.80838731046325, 40.87057162161191], [-73.80754063636171, 40.87037755217359], [-73.80780673194735, 40.869787520428645], [-73.80695275224407, 40.86965794817614], [-73.80673074905101, 40.86877001307854], [-73.80593179559793, 40.86837193206805], [-73.80487266169933, 40.86823330283245], [-73.80464604502912, 40.86664711643704], [-73.80385280781442, 40.86716648480022], [-73.80300388108948, 40.86704183656908], [-73.80306041484539, 40.86581513370695], [-73.80225816157765, 40.86560820641108], [-73.79780377219292, 40.872256132274146], [-73.79479044681598, 40.873200484034165], [-73.79397363837722, 40.874566594568584], [-73.79359605330511, 40.87672073272609], [-73.79316703778704, 40.87705563906666], [-73.79422169990922, 40.87738237046653], [-73.79440294586227, 40.87764184299921], [-73.7938470278817, 40.87859445979105], [-73.79174583941239, 40.8798900716526], [-73.79068927478805, 40.880158864278414], [-73.79043046503072, 40.8807972580294], [-73.7895587294431, 40.88126128491562], [-73.78926161019805, 40.8812054146238], [-73.78912020636906, 40.88008021099363], [-73.79006332860774, 40.879594661515036], [-73.789523093688, 40.87899812706067], [-73.78588496976647, 40.87906723175283], [-73.7843816810755, 40.8784205316707], [-73.7841773836883, 40.877721353928685], [-73.78470964026441, 40.87635799484788], [-73.78668493218761, 40.87429347554272], [-73.78719087560506, 40.872730553729326], [-73.78624874452605, 40.87238284677233], [-73.78508139658601, 40.87358996322588], [-73.78568099853844, 40.87238726505729], [-73.78526152075709, 40.87174532233256], [-73.78439311743477, 40.87278409492894], [-73.78402157839528, 40.87369242209945], [-73.78358738486025, 40.873780954680484], [-73.78333967922703, 40.87351262137875], [-73.78343142541377, 40.87317870194901], [-73.78403716971833, 40.87282660126378], [-73.78306853426027, 40.87215357592288], [-73.78320175426292, 40.87067036085394], [-73.78490216077769, 40.86976397324084], [-73.78560245305442, 40.86834165222387], [-73.78551744254952, 40.86916956571932], [-73.78598679893318, 40.86959273828655], [-73.78795446145405, 40.86984541906378], [-73.78968197448623, 40.86936131077282], [-73.79139032586131, 40.86814130746633], [-73.79228914014455, 40.86581437721963], [-73.79265095767063, 40.86413665318497], [-73.79147317119875, 40.8622071062492], [-73.791904549275, 40.86082956271226], [-73.79351029757724, 40.86055168129103], [-73.79363962082937, 40.86024127816994], [-73.79339985516695, 40.85994848620112], [-73.79386568469461, 40.85977877482936], [-73.79454562318031, 40.8588882591614], [-73.794869838669, 40.858075551258224], [-73.79426848548164, 40.85680070960713], [-73.79435005934272, 40.85652702380411], [-73.79685461759917, 40.85626435821359], [-73.79798533480839, 40.85484893259589], [-73.7987225560008, 40.85491440117279], [-73.7990241939332, 40.853957267650316], [-73.79864274330347, 40.85335745992225], [-73.79795583310242, 40.85298833071641], [-73.79780522990592, 40.85194959859733], [-73.7981936599684, 40.85059256140686], [-73.79948681481507, 40.84974844806486], [-73.80009912704746, 40.84829841440273], [-73.80040387554423, 40.84810822100161], [-73.80146735269052, 40.84877021370588], [-73.80183056444126, 40.85013065705863], [-73.80417557932397, 40.85334012018926], [-73.8045252673004, 40.854851864466475], [-73.8035235980902, 40.855556694889735], [-73.80413784756402, 40.857841760375834], [-73.80420585726513, 40.85895904893271], [-73.80464293882284, 40.85996820157254], [-73.80478410547944, 40.861546330534814], [-73.80592716427573, 40.86194119699049], [-73.80624571930763, 40.8614274844426], [-73.80582041215638, 40.860034612469626], [-73.80612390783546, 40.85981220661921], [-73.8065822930691, 40.859672232384106], [-73.80709632600464, 40.860295897112515], [-73.80783343870087, 40.86031813330557], [-73.80812573026353, 40.859748039903366], [-73.80751534772594, 40.85858417837505], [-73.80768048107562, 40.858538063289714], [-73.80851624551879, 40.85995638438512], [-73.80951163278827, 40.86070338650896], [-73.81088792104822, 40.86234892171829], [-73.81329794398005, 40.86322312991164], [-73.81384566155016, 40.86390175802983], [-73.81411414337536, 40.86373145821184], [-73.81468686995449, 40.86306856019141], [-73.81458906516404, 40.86272643663124], [-73.81515628564216, 40.86230674492971], [-73.81482452410822, 40.862940772179705], [-73.81510315384149, 40.86305746536797], [-73.81641392102722, 40.86118062770412], [-73.81549293707927, 40.860955286737386], [-73.81479629757334, 40.86112895674695], [-73.81485206024097, 40.860900990310014], [-73.8138180258687, 40.86054827867092], [-73.81273146495035, 40.858877541947905], [-73.81230602708416, 40.85416202647337], [-73.81640870908014, 40.8540822551149], [-73.81684183599074, 40.85362521315747], [-73.81720828353117, 40.85182816577751], [-73.81691542317321, 40.851673525567364], [-73.81712409042197, 40.85126957344502], [-73.81685873870755, 40.85095737599889], [-73.81571882498523, 40.85082099034491], [-73.8162499670897, 40.8501944753672], [-73.81558644724866, 40.84938332849503], [-73.81507165904237, 40.84913361979469], [-73.81630119199998, 40.84857217200012], [-73.82014043700003, 40.84802059900009], [-73.82048405599983, 40.84850102600014], [-73.82495697699986, 40.846105445000056], [-73.82517998999998, 40.84270005900007], [-73.82624132899997, 40.842993594000156], [-73.8261701409999, 40.84557398800013], [-73.82799676999987, 40.84862431300009], [-73.82713133299993, 40.85187108100013], [-73.82737835799986, 40.852817959000085], [-73.82723026100001, 40.85335075700008], [-73.82860197199996, 40.855717848000076], [-73.83129157799985, 40.85543410500009], [-73.83283502299986, 40.85603584500009], [-73.83111449199998, 40.8575243300001], [-73.82834347399992, 40.860892026000094], [-73.82787032399982, 40.86067821300009], [-73.82699653199998, 40.859087786000046], [-73.82444012099991, 40.859501384000076], [-73.82450575099989, 40.85976402100012], [-73.82037552999996, 40.86103300500012], [-73.8168449589999, 40.864306793000125], [-73.81699760299986, 40.86445903100014], [-73.81578764099999, 40.86575806100009], [-73.821266938, 40.86907160600009], [-73.82329599399986, 40.87309741800008], [-73.81992586499995, 40.88211933300007], [-73.82027432999985, 40.88555070000011], [-73.81670778700003, 40.886480951000166], [-73.81442762200005, 40.88677196500008], [-73.811980437, 40.88670433900015], [-73.80728647099995, 40.88593181400007]]], [[[-73.787127834652, 40.880923463171456], [-73.78582190502614, 40.88075509610031], [-73.78578002611279, 40.88036396266153], [-73.78684884910366, 40.88044811129214], [-73.78679741033042, 40.87994707381425], [-73.78742039384403, 40.87977089029018], [-73.78742531437602, 40.8804473739658], [-73.787127834652, 40.880923463171456]]], [[[-73.78112767478156, 40.87665268050827], [-73.78120649649391, 40.87628502546031], [-73.78132704118002, 40.876361326546544], [-73.78112767478156, 40.87665268050827]]], [[[-73.78241811865315, 40.87492327042197], [-73.78265785360905, 40.87479265669417], [-73.78280207510406, 40.87494886620559], [-73.78247604125525, 40.87516813337905], [-73.78241811865315, 40.87492327042197]]], [[[-73.7740318153443, 40.87439477495641], [-73.77458142278213, 40.87410913390818], [-73.77453640510954, 40.87471001543852], [-73.77409538292126, 40.87489618448032], [-73.7740318153443, 40.87439477495641]]], [[[-73.7861946371647, 40.87388531941486], [-73.78618924358646, 40.87359972769994], [-73.78633325996694, 40.87367772488764], [-73.7861946371647, 40.87388531941486]]], [[[-73.78626202153426, 40.87339368663413], [-73.78672689095349, 40.87307453926587], [-73.78665449887535, 40.873393637761154], [-73.78626202153426, 40.87339368663413]]], [[[-73.77080975398194, 40.87154994684818], [-73.76990710668542, 40.87047694447047], [-73.77288042665229, 40.87124526343044], [-73.77217786492288, 40.87198111068957], [-73.77080975398194, 40.87154994684818]]], [[[-73.76668965841924, 40.867097781624686], [-73.76709907439783, 40.866704572748404], [-73.76779449382023, 40.86678117376566], [-73.76760072096499, 40.867496386541625], [-73.76668965841924, 40.867097781624686]]], [[[-73.76964988627088, 40.86548557242462], [-73.76979148260493, 40.86512823356464], [-73.77022931630273, 40.865138939396196], [-73.770068972998, 40.86552587618361], [-73.76964988627088, 40.86548557242462]]], [[[-73.7842865050008, 40.86320508878067], [-73.7835410529967, 40.86309550632502], [-73.78380117343677, 40.86296657452461], [-73.78376770348979, 40.862610608464536], [-73.78469165850701, 40.8625427899084], [-73.78451638211648, 40.862955779211894], [-73.78416702363967, 40.86308757924567], [-73.7842865050008, 40.86320508878067]]], [[[-73.78312589594455, 40.862856167300876], [-73.7828819783119, 40.862406433091465], [-73.7831450428813, 40.862068678905736], [-73.78328053505923, 40.862780706712776], [-73.78312589594455, 40.862856167300876]]], [[[-73.77460156350928, 40.862069047459904], [-73.7749432115575, 40.8613914998897], [-73.77529297955125, 40.86123200821607], [-73.77485681624742, 40.86198363433446], [-73.77460156350928, 40.862069047459904]]], [[[-73.77290231992438, 40.861208583278724], [-73.77323150244695, 40.86074716979358], [-73.77351264165688, 40.861241184087284], [-73.77310632921936, 40.861614575032974], [-73.77290231992438, 40.861208583278724]]], [[[-73.8022229535527, 40.84163481314428], [-73.80263811156135, 40.841081153267275], [-73.80529495910672, 40.841134924850394], [-73.80694608641589, 40.84146244718658], [-73.80680801372397, 40.84248913998772], [-73.80393073307404, 40.84259407255017], [-73.80367560026521, 40.84225849291617], [-73.8022229535527, 40.84163481314428]]]]}}, {"type": "Feature", "properties": {"LocationID": 185}, "geometry": {"type": "Polygon", "coordinates": [[[-73.84645854099996, 40.858636374000106], [-73.83681918499988, 40.85727680900008], [-73.83691212799982, 40.85700810700016], [-73.83667557299988, 40.85665266300009], [-73.83499552599993, 40.85657120100008], [-73.83818561199983, 40.855564010000094], [-73.8404976739999, 40.85418410500011], [-73.84149163399988, 40.85319428600008], [-73.84494053799982, 40.84821822100011], [-73.8449695409999, 40.85009703100011], [-73.8443084699999, 40.851190464000084], [-73.84968869799998, 40.851058907000066], [-73.85304526899994, 40.849547332000064], [-73.85457388299992, 40.85150834600013], [-73.86069456699983, 40.84875339400005], [-73.86250923799993, 40.84836228100007], [-73.86303938099996, 40.85061130700013], [-73.86518787199995, 40.85016438600011], [-73.86860515599989, 40.85206864600009], [-73.86990421600002, 40.85577329300008], [-73.8681883059999, 40.858063834000156], [-73.86807772399996, 40.85784684200012], [-73.86758752499986, 40.85783009000007], [-73.85663774599989, 40.858119172000116], [-73.8493089339999, 40.85871750300006], [-73.84645854099996, 40.858636374000106]]]}}, {"type": "Feature", "properties": {"LocationID": 186}, "geometry": {"type": "Polygon", "coordinates": [[[-73.98776905899994, 40.74978702900011], [-73.99141858599994, 40.74480268200007], [-73.99709902899994, 40.74720510200011], [-73.99346417699985, 40.75219005500007], [-73.98776905899994, 40.74978702900011]]]}}, {"type": "Feature", "properties": {"LocationID": 187}, "geometry": {"type": "MultiPolygon", "coordinates": [[[[-74.13435269573621, 40.641886797405334], [-74.13299172393485, 40.64141693666486], [-74.1324028357712, 40.641704388984785], [-74.13125581180262, 40.641596830763994], [-74.13146199764822, 40.64131010407527], [-74.13018370013205, 40.64072382608324], [-74.12949057637357, 40.641354835196104], [-74.1299774026272, 40.640729872855786], [-74.1293071318684, 40.640337411211156], [-74.12893301209895, 40.64041392948798], [-74.12890729033458, 40.64119482758637], [-74.12881201847124, 40.64022697750409], [-74.1275267724088, 40.6401553047167], [-74.12724481838394, 40.63976689085713], [-74.12699049099994, 40.639108164000106], [-74.1268887269999, 40.637210088000124], [-74.12867047299994, 40.63734826500013], [-74.12893129399997, 40.63457748700007], [-74.13046976799993, 40.6316763210001], [-74.13047428999985, 40.630885509000095], [-74.13107460299986, 40.63114773000009], [-74.13343731199994, 40.62907434600007], [-74.13408698299992, 40.62954168100006], [-74.13586108399996, 40.62806152800011], [-74.13674237799992, 40.62866253700007], [-74.13806393799992, 40.627568471000096], [-74.13789126699994, 40.62745288000018], [-74.13805849499992, 40.62706851800006], [-74.13581008299997, 40.6250643400001], [-74.137227136, 40.62429519700005], [-74.13826358199992, 40.62424377000014], [-74.13861274099999, 40.62177287700013], [-74.13836666899986, 40.6217371170001], [-74.13982184799993, 40.61629982500006], [-74.14603562099998, 40.617012777000156], [-74.14696864199988, 40.6101513560001], [-74.15018666499996, 40.60949781100011], [-74.15379116699992, 40.6122556120001], [-74.15231170399994, 40.61716275600007], [-74.14772830399991, 40.622136619000145], [-74.14622812499992, 40.62492536200009], [-74.14563382799992, 40.62672515000009], [-74.14554071999993, 40.627832522000155], [-74.14593544599994, 40.62782411500016], [-74.14622202799995, 40.62910695700011], [-74.14752618999992, 40.62938928800008], [-74.14478228999994, 40.63795378000012], [-74.14359998299996, 40.63851412600011], [-74.14312802471521, 40.639680373063996], [-74.1423879514932, 40.63964121083009], [-74.14229766980965, 40.640305807093796], [-74.14155622972346, 40.64036676881717], [-74.1414804740345, 40.64009219429571], [-74.14076253645274, 40.64058939691143], [-74.13757574838482, 40.64100115237136], [-74.13737001749985, 40.64129546348914], [-74.13435269573621, 40.641886797405334]]], [[[-74.12117246275159, 40.64166914557268], [-74.12128074797168, 40.64143249599374], [-74.12131194814832, 40.64145253116267], [-74.12117246275159, 40.64166914557268]]], [[[-74.1215534360538, 40.641611628324945], [-74.12176052602824, 40.641574315062606], [-74.12175764698422, 40.64142342422737], [-74.12177911197513, 40.64159254711723], [-74.1215534360538, 40.641611628324945]]], [[[-74.12110124737936, 40.64161328229921], [-74.12118039503834, 40.6413834451899], [-74.12121470277087, 40.64139683999388], [-74.12110124737936, 40.64161328229921]]], [[[-74.12130529083001, 40.64160070313023], [-74.12137332919552, 40.64147647512184], [-74.12132617111645, 40.64160656922905], [-74.12130529083001, 40.64160070313023]]], [[[-74.12199083807539, 40.64155463949963], [-74.12180661091023, 40.64141215903789], [-74.1218414704778, 40.64140589438723], [-74.12199083807539, 40.64155463949963]]], [[[-74.12271103075855, 40.6414337552529], [-74.12272114424832, 40.64134762377326], [-74.12276203509289, 40.641426635297336], [-74.12271103075855, 40.6414337552529]]], [[[-74.12613276551227, 40.641264388028404], [-74.1259954246122, 40.64023124281459], [-74.12636808688976, 40.64133238048716], [-74.12564026870596, 40.64141849208246], [-74.12613276551227, 40.641264388028404]]]]}}, {"type": "Feature", "properties": {"LocationID": 188}, "geometry": {"type": "Polygon", "coordinates": [[[-73.95729172699996, 40.66430263200009], [-73.95720935499996, 40.66351739700011], [-73.94546293699983, 40.66422610400007], [-73.94269628999989, 40.66405512900015], [-73.94282892199992, 40.662847486000096], [-73.93068465499985, 40.66362047700013], [-73.92646424299983, 40.65981436200015], [-73.92725505399994, 40.65933756400007], [-73.92819257899993, 40.660177174000104], [-73.92834017599986, 40.660060036000075], [-73.92799465199988, 40.656802101000075], [-73.95006664899988, 40.65542299700009], [-73.94957113100006, 40.650807900000125], [-73.9587078989999, 40.6503872730001], [-73.95986103199981, 40.65563478900009], [-73.96190028499997, 40.65487096200012], [-73.96307724199983, 40.66213019500007], [-73.96242894199995, 40.663125208000075], [-73.96061544799986, 40.66330275000012], [-73.96033682899981, 40.66410869800015], [-73.95729172699996, 40.66430263200009]]]}}, {"type": "Feature", "properties": {"LocationID": 189}, "geometry": {"type": "Polygon", "coordinates": [[[-73.96007428300001, 40.67487807100015], [-73.96131877999991, 40.67140667600008], [-73.96746491799992, 40.67292729800007], [-73.96892332199981, 40.67293755300009], [-73.96874205, 40.6740871220001], [-73.9690773179999, 40.67483967100013], [-73.96969317499985, 40.6753608540001], [-73.9694973889999, 40.675906380000185], [-73.97188596799982, 40.676394653000116], [-73.97618051399984, 40.67806432100015], [-73.97469118399995, 40.68026661600011], [-73.9737559849999, 40.68303402000009], [-73.96134655899994, 40.68046352400009], [-73.96318238899983, 40.675529504000075], [-73.96007428300001, 40.67487807100015]]]}}, {"type": "Feature", "properties": {"LocationID": 190}, "geometry": {"type": "Polygon", "coordinates": [[[-73.96307724199983, 40.66213019500007], [-73.96190028499997, 40.65487096200012], [-73.96621321999996, 40.65318940500009], [-73.96465438699984, 40.65088772800012], [-73.97139631700004, 40.648257786000066], [-73.97210978599996, 40.650664144000096], [-73.97265769799989, 40.65091204000008], [-73.97232846299997, 40.651397929000076], [-73.97436701299992, 40.658187904000116], [-73.97957870099991, 40.66085324200009], [-73.9799267049999, 40.66073469700013], [-73.98022902599985, 40.66098532600009], [-73.97935059899989, 40.661594821000094], [-73.97041289500005, 40.672593724000095], [-73.96865541400003, 40.67302383900012], [-73.96746491799992, 40.67292729800007], [-73.96258784899996, 40.67171159700008], [-73.96095595499996, 40.66328505500011], [-73.96242894199995, 40.663125208000075], [-73.96307724199983, 40.66213019500007]]]}}, {"type": "Feature", "properties": {"LocationID": 191}, "geometry": {"type": "Polygon", "coordinates": [[[-73.7314721509999, 40.727411795000116], [-73.72990512499977, 40.723272495000145], [-73.72836415399992, 40.72361435200005], [-73.72816233910696, 40.72308413989149], [-73.73032628984046, 40.722157296892526], [-73.72917629507717, 40.71916721478107], [-73.7269714679152, 40.710714504016934], [-73.72677759516957, 40.7030592911996], [-73.73426455299999, 40.703219542000134], [-73.73430403699984, 40.70247813100012], [-73.74077675799997, 40.70267983700013], [-73.74050336499982, 40.703433556000114], [-73.74109293999989, 40.7034810630001], [-73.74590871000004, 40.70228727400009], [-73.74500119100004, 40.70026221300009], [-73.74773012199991, 40.69955313700011], [-73.74618157999997, 40.6961219260001], [-73.74863325999986, 40.6954447610001], [-73.7501929579999, 40.69891208200007], [-73.7493054709999, 40.69914231300011], [-73.75205066499984, 40.705228028000136], [-73.75047058199985, 40.70563993100013], [-73.75370834599995, 40.71332463600014], [-73.75725671499985, 40.71813860200011], [-73.7523343839998, 40.720262461000125], [-73.75577120999998, 40.723640216000106], [-73.75496919499986, 40.72415964700012], [-73.75508625099991, 40.72449006000004], [-73.75669771299987, 40.7262287110001], [-73.75442222499994, 40.72704214800012], [-73.75184238299993, 40.72832650200011], [-73.74980987499995, 40.729746750000075], [-73.74672140400004, 40.73247715100009], [-73.74649162199995, 40.73141458900011], [-73.74555667199989, 40.730636898000135], [-73.7314721509999, 40.727411795000116]]]}}, {"type": "Feature", "properties": {"LocationID": 192}, "geometry": {"type": "Polygon", "coordinates": [[[-73.82426493799993, 40.751832888000116], [-73.82108427599998, 40.74855844600014], [-73.81782025899999, 40.747385416000085], [-73.81575069499983, 40.74697948000011], [-73.8153731739999, 40.74721833800014], [-73.81416171999987, 40.74613858000012], [-73.80750599299991, 40.750136587000135], [-73.80287666499983, 40.749765150000094], [-73.80276629299996, 40.748122145000075], [-73.8033521419999, 40.74643196500006], [-73.7946756879998, 40.74721192800015], [-73.79453507400001, 40.74450763800008], [-73.79543059299992, 40.74326429000012], [-73.79723084999992, 40.74169550700011], [-73.79725670899992, 40.740213043000104], [-73.79629297299984, 40.73855230600012], [-73.79672497900003, 40.73841664300008], [-73.79640218700004, 40.73828235800007], [-73.8065788389999, 40.738447211000135], [-73.81504998799993, 40.7389431330001], [-73.81497208299996, 40.73856071600007], [-73.8160767679998, 40.738857934000144], [-73.81633109399993, 40.73844640100009], [-73.81677959599985, 40.738379794000046], [-73.8243501109999, 40.739753606000114], [-73.82497439999995, 40.739440426000094], [-73.82559030299986, 40.7394475920001], [-73.82686746499992, 40.738628912000046], [-73.8279436029999, 40.73848998200006], [-73.82809152599998, 40.73708317500015], [-73.82946751999992, 40.737024482000095], [-73.83053551299994, 40.73752019500009], [-73.83143025500004, 40.73913573300014], [-73.83113122799989, 40.74233800000014], [-73.83586131899989, 40.74322798500012], [-73.83595071499995, 40.74373056900012], [-73.83543777199996, 40.7455239740001], [-73.834603649, 40.74702107200007], [-73.83392218299996, 40.74753207500008], [-73.83125479799999, 40.74810635900012], [-73.83121778599984, 40.748690122000106], [-73.83091972499989, 40.74896171100007], [-73.82922511999989, 40.74925608100009], [-73.82765641899984, 40.749860831000085], [-73.82584440999999, 40.74934839100012], [-73.82576557199985, 40.750969024000064], [-73.82426493799993, 40.751832888000116]]]}}, {"type": "Feature", "properties": {"LocationID": 193}, "geometry": {"type": "Polygon", "coordinates": [[[-73.93458521599987, 40.77021742100007], [-73.93577134099989, 40.76905001000005], [-73.93593177099983, 40.7677837020001], [-73.93858976899998, 40.766817359000115], [-73.93600532399995, 40.76588489500007], [-73.93700478599986, 40.76423995400017], [-73.93398092199995, 40.76282598200005], [-73.944052652, 40.752313260000115], [-73.95080763809156, 40.75526368005726], [-73.94350282032728, 40.76449904074404], [-73.9413117494144, 40.766918004769806], [-73.93983559283014, 40.76798800593914], [-73.93936587223878, 40.76815970137719], [-73.93895502453339, 40.7679581862172], [-73.9382038348605, 40.76872757186422], [-73.93681460654729, 40.768903947478584], [-73.93640381736212, 40.7694748840145], [-73.93574021432624, 40.769367229866724], [-73.93469499066988, 40.7704253385253], [-73.93514715402594, 40.77054195605863], [-73.9350081388611, 40.771162394433475], [-73.93424609599985, 40.771029275000124], [-73.93458521599987, 40.77021742100007]]]}}, {"type": "Feature", "properties": {"LocationID": 194}, "geometry": {"type": "Polygon", "coordinates": [[[-73.91639852914044, 40.79768484203915], [-73.91545470966419, 40.79706346603111], [-73.91443827233297, 40.79566551786403], [-73.91380428276793, 40.79451184645617], [-73.91378385370594, 40.79383628548226], [-73.91514134426104, 40.792012482995055], [-73.916305770761, 40.79111736995281], [-73.91616965652562, 40.79101537285428], [-73.9168544196006, 40.79035844788486], [-73.91710622312881, 40.79046861723958], [-73.9185629977498, 40.78969533382608], [-73.91850876959093, 40.78942508976958], [-73.92218831157653, 40.78550927813945], [-73.92285203280137, 40.7835556934179], [-73.92412113996787, 40.782523074010996], [-73.92467329671872, 40.78224486000121], [-73.92571808678538, 40.782176557944766], [-73.92732422574852, 40.78109062932445], [-73.92810118993663, 40.780920320021245], [-73.93105352803921, 40.782396593783425], [-73.93502345117236, 40.78300638201453], [-73.93598226003293, 40.78394236805339], [-73.93605332720759, 40.78451236807695], [-73.93571265998845, 40.78568048924644], [-73.93240673563922, 40.789718503046686], [-73.93084178719639, 40.79099143000097], [-73.92972400790947, 40.79136617817172], [-73.92807273587826, 40.79082339114173], [-73.9261041024332, 40.79073160731015], [-73.92616023377902, 40.79171607351107], [-73.9265688801793, 40.791858736818796], [-73.92560814781015, 40.791896958281654], [-73.92673913886138, 40.79192875185249], [-73.92633080392882, 40.7915038731144], [-73.92656584807987, 40.79097950185677], [-73.9278688922052, 40.79095483831741], [-73.92713563764022, 40.791929306801684], [-73.92780141486193, 40.79199747913137], [-73.92826720298079, 40.79232852397422], [-73.9283194359912, 40.793091266082925], [-73.92735224578799, 40.794460846782755], [-73.9269361484504, 40.79549716094069], [-73.92695192377981, 40.79670843214237], [-73.92743922192645, 40.79771053810817], [-73.92726293295631, 40.798918645061235], [-73.9265025028775, 40.80037491715357], [-73.9266778180094, 40.800449689468905], [-73.92549293546509, 40.80195616882548], [-73.92263378594882, 40.80186873814131], [-73.92191092229565, 40.801502666253675], [-73.9203146552122, 40.79937545929022], [-73.91639852914044, 40.79768484203915]]]}}, {"type": "Feature", "properties": {"LocationID": 195}, "geometry": {"type": "Polygon", "coordinates": [[[-74.0071710969999, 40.68635701000011], [-74.00485241599992, 40.685668131000085], [-74.00596041099988, 40.68336287100013], [-74.00447389899988, 40.680993012000044], [-74.00153194399996, 40.67727039700007], [-74.0006740919999, 40.67555578900008], [-74.00112481699996, 40.6756975540001], [-74.00105973699986, 40.67555567800016], [-73.9986188799999, 40.671830172000085], [-74.00030337854434, 40.66871689224865], [-74.0010566411318, 40.668945681717474], [-74.00141527103162, 40.66835941434715], [-74.00221506816538, 40.66857863744136], [-74.00289483876944, 40.66734846594953], [-74.0058636618068, 40.66799376258587], [-74.00683236078251, 40.66604964552697], [-74.00696707834247, 40.66605218235686], [-74.00475388692331, 40.67072135894521], [-74.00543926529352, 40.670921468238575], [-74.00754821618384, 40.66705174573377], [-74.00779653349619, 40.667159770777445], [-74.00708724221813, 40.66859135853597], [-74.00985411855632, 40.668523628335535], [-74.01154017543327, 40.665085919756805], [-74.01574872882654, 40.664568336291815], [-74.01690267361069, 40.664846602339075], [-74.01788719149395, 40.665850466285555], [-74.01857605010865, 40.67039241387015], [-74.01876336878675, 40.67107587449458], [-74.01933946871777, 40.67162494842282], [-74.01751037086694, 40.67103453098435], [-74.01648665554487, 40.66493050895401], [-74.01602551776006, 40.66486304878825], [-74.0159369853455, 40.66547079172161], [-74.01227967872792, 40.66573241415901], [-74.01087664028981, 40.66860161576372], [-74.0103568366731, 40.6686428353887], [-74.01033845947926, 40.66907819544821], [-74.01091024340404, 40.66919049236968], [-74.01087343978188, 40.669710115558615], [-74.01154288031563, 40.669784342750454], [-74.01162527521356, 40.67058102827607], [-74.01424926931875, 40.66972860473728], [-74.01175350509699, 40.67065775757852], [-74.0120783175301, 40.67093361541336], [-74.01261963416778, 40.6708419089407], [-74.01427407257738, 40.67137929918208], [-74.0151998057007, 40.67075402766459], [-74.01387273763235, 40.67188076176063], [-74.01423289452782, 40.67213000051316], [-74.01568625497515, 40.671038834929035], [-74.01297587792189, 40.67332791872113], [-74.01336378218133, 40.6735915369346], [-74.01511918663962, 40.67215699596927], [-74.01632099922307, 40.6729082695639], [-74.01457946720949, 40.67441401707179], [-74.01496392184575, 40.67467763029444], [-74.01816839280792, 40.67193924060128], [-74.0188009477692, 40.672250764848904], [-74.01727138470127, 40.67360864580566], [-74.01775247096357, 40.67404772289271], [-74.01801077320536, 40.673913181052555], [-74.01780187203198, 40.67409544141263], [-74.01817618274653, 40.67446417703691], [-74.01783447572687, 40.675258223014545], [-74.01829802655324, 40.67545917918161], [-74.01818210632884, 40.67529143140775], [-74.0183929089602, 40.67510772414804], [-74.01851887130543, 40.675273889640316], [-74.0188577695892, 40.67510229240908], [-74.0184086952087, 40.67552402107162], [-74.0185033263665, 40.675841558692156], [-74.01797535616167, 40.6759530148029], [-74.01791198226178, 40.67651046280213], [-74.01976925613225, 40.67661322491741], [-74.01995197864672, 40.67710301045013], [-74.01908257386326, 40.67713956404773], [-74.01917743946889, 40.6778269490072], [-74.01843040661609, 40.67790832186506], [-74.01841103183156, 40.67840712127861], [-74.01966312651498, 40.67838820127078], [-74.01825267004557, 40.67855288672605], [-74.01857882788774, 40.67898307947252], [-74.01954011569893, 40.678968206238046], [-74.01928128101007, 40.679648140297836], [-74.01520082289557, 40.68197941921417], [-74.01532059799361, 40.68211072889046], [-74.01282000316418, 40.683622416248866], [-74.01213481688791, 40.68290592802527], [-74.01410549647974, 40.681712519375615], [-74.01360863270277, 40.68122194672836], [-74.01387398777976, 40.68100981281652], [-74.013018354221, 40.68041237401446], [-74.00967108558879, 40.683268727715216], [-74.01077312339376, 40.68435861554104], [-74.01178272201199, 40.68375999549946], [-74.01193259955522, 40.683887749077726], [-74.00798157801087, 40.68627511006124], [-74.00753083199993, 40.686074487000106], [-74.0071710969999, 40.68635701000011]]]}}, {"type": "Feature", "properties": {"LocationID": 196}, "geometry": {"type": "Polygon", "coordinates": [[[-73.85851097899999, 40.73028680200011], [-73.85741240699991, 40.72832248000006], [-73.8580876569999, 40.72856872200007], [-73.8594198799999, 40.726464838000105], [-73.857271081, 40.72568129800007], [-73.85805416899993, 40.72444540600007], [-73.86203833799982, 40.72595678500014], [-73.85990796499992, 40.72434623400005], [-73.8586809759999, 40.722612440000084], [-73.85729287299985, 40.71146767700007], [-73.85975932900001, 40.71184505900005], [-73.85962920999985, 40.713975295000125], [-73.86003789899996, 40.71493223600005], [-73.86523870699996, 40.71997671000012], [-73.86929270499994, 40.724435929000116], [-73.87084539399993, 40.72748459300011], [-73.87146074199987, 40.72932637400005], [-73.87509154199992, 40.73067136300012], [-73.86447086199989, 40.73400727400017], [-73.86462193199988, 40.73428275700014], [-73.85886555799988, 40.73593913900007], [-73.85625665099991, 40.73095912300011], [-73.85851097899999, 40.73028680200011]]]}}, {"type": "Feature", "properties": {"LocationID": 197}, "geometry": {"type": "Polygon", "coordinates": [[[-73.83696237799982, 40.70421245200014], [-73.83661882199989, 40.70342001800008], [-73.83460244999996, 40.70392746700007], [-73.83391709699988, 40.70234736700013], [-73.83213204199994, 40.70279408100009], [-73.83152109599999, 40.70138962900015], [-73.82245890399994, 40.70365553100008], [-73.81637824499992, 40.70245196400007], [-73.8149234329999, 40.69942244000004], [-73.81063298299996, 40.691947383000084], [-73.82501128899997, 40.68795231800011], [-73.82599347399987, 40.68995366200009], [-73.82851136799992, 40.68923905600013], [-73.82753021399995, 40.6872394830001], [-73.83807769099997, 40.684238910000076], [-73.83697486299991, 40.6819880180001], [-73.84012856099982, 40.681146651000084], [-73.84419150899994, 40.689474408000116], [-73.84500533199989, 40.68924391100009], [-73.84894128999987, 40.697556848000104], [-73.84947763499991, 40.698195807000076], [-73.84502472899999, 40.6993593770001], [-73.84156378099983, 40.701100598000046], [-73.83696237799982, 40.70421245200014]]]}}, {"type": "Feature", "properties": {"LocationID": 198}, "geometry": {"type": "Polygon", "coordinates": [[[-73.90943398699983, 40.71758177300008], [-73.90639010099999, 40.717363692000085], [-73.90537582199983, 40.712876581000046], [-73.88507555699987, 40.7121610550001], [-73.88006267699978, 40.712652574000124], [-73.87907685299999, 40.71035939000012], [-73.87943495499985, 40.710284419000075], [-73.87926181200001, 40.7099053470001], [-73.87872783199988, 40.710027535000066], [-73.87761134199985, 40.70716770500013], [-73.88088332699985, 40.7064539770001], [-73.88377296899992, 40.70629420200007], [-73.88553214199999, 40.70644568300005], [-73.88554946899997, 40.70615461900013], [-73.88652826799989, 40.70622520600007], [-73.88911917799989, 40.70559887700011], [-73.89500322699999, 40.69971237700005], [-73.89484994999988, 40.69858962300008], [-73.89578005099996, 40.698510962000086], [-73.89558457599986, 40.697127642000076], [-73.89838185199996, 40.696135998000116], [-73.90038667799995, 40.69313996000007], [-73.90123290699994, 40.691442279000164], [-73.90579597099993, 40.69412715500007], [-73.9042601839999, 40.695700371000086], [-73.91180820099987, 40.69993800300005], [-73.91067882699998, 40.70104596900011], [-73.91290404099983, 40.702361892000084], [-73.91180710099992, 40.70343495300007], [-73.92189184699987, 40.709396096000035], [-73.92074519699985, 40.71052968600009], [-73.92154601699998, 40.71104328400004], [-73.92168663599989, 40.711894317000066], [-73.92223294699991, 40.712854425000096], [-73.92404011299993, 40.71400831300011], [-73.91077807399988, 40.713187600000055], [-73.91015817899998, 40.713821600000124], [-73.91283037699992, 40.71536090800006], [-73.90965980099995, 40.71779315500011], [-73.90943398699983, 40.71758177300008]]]}}, {"type": "Feature", "properties": {"LocationID": 199}, "geometry": {"type": "Polygon", "coordinates": [[[-73.88885148496313, 40.79870632895894], [-73.88821348851273, 40.7986653046387], [-73.88839250519672, 40.79856629727011], [-73.88823353313644, 40.79824288428611], [-73.88755967580657, 40.798368732437254], [-73.88665108524579, 40.798038196700055], [-73.88375741590156, 40.79570856542002], [-73.88365516756649, 40.795967230065315], [-73.88320394303746, 40.79554499746253], [-73.88209633687474, 40.79515986104329], [-73.87837437812739, 40.79452080676751], [-73.87583075485645, 40.79315011728739], [-73.87449318523954, 40.79205745058939], [-73.87288457445655, 40.79145210820733], [-73.87121154143482, 40.7900361217373], [-73.87080888583708, 40.7878966918417], [-73.8716306538668, 40.786797905421665], [-73.87308761694455, 40.7858549523918], [-73.87653089978205, 40.7858374969156], [-73.8783068007881, 40.78535662075443], [-73.88537442205505, 40.78666912689942], [-73.88770126353202, 40.786872274286445], [-73.88905212421602, 40.78737256012918], [-73.89030135549454, 40.78987672716752], [-73.89079999904915, 40.79020757609939], [-73.89212803173004, 40.79031548212459], [-73.89282283610926, 40.79281708195166], [-73.89179289686568, 40.79677524575884], [-73.89073139028322, 40.79766089980668], [-73.89087421678985, 40.79782974822657], [-73.89062148266537, 40.797748923448744], [-73.89079505126988, 40.79802183785584], [-73.89060785824246, 40.79776750713797], [-73.89016916368543, 40.797964658935385], [-73.88921283898088, 40.79780120410432], [-73.8883524809819, 40.7981393597011], [-73.88850364697176, 40.79858844391556], [-73.88885148496313, 40.79870632895894]]]}}, {"type": "Feature", "properties": {"LocationID": 200}, "geometry": {"type": "Polygon", "coordinates": [[[-73.89663333881637, 40.91141737492324], [-73.89635785999997, 40.903200132000116], [-73.89715717199994, 40.899371827000046], [-73.89643170799985, 40.89365527900008], [-73.89787887499983, 40.89027610100011], [-73.89853911899992, 40.890389074000105], [-73.90090301399997, 40.88891054900009], [-73.90285949099989, 40.88916474400008], [-73.90413642399992, 40.88708070900009], [-73.90738830199982, 40.887819692000065], [-73.9079634, 40.88885975300014], [-73.90900536, 40.88950014100004], [-73.90975930299997, 40.889250028000085], [-73.90981767099994, 40.88899656900008], [-73.91115061799995, 40.88827710600007], [-73.91173089099983, 40.888218713000136], [-73.91281277499982, 40.88639518700007], [-73.9148927699999, 40.8846247710001], [-73.91876151499996, 40.88556968400015], [-73.91869590499994, 40.88688520400008], [-73.92058641888602, 40.88718267831003], [-73.9151845587166, 40.90158428286233], [-73.91543172958416, 40.901812683688526], [-73.91501449586045, 40.9030812991066], [-73.9145903924332, 40.90411900219664], [-73.91418416752522, 40.90413933380111], [-73.91286540202547, 40.907535122203114], [-73.91310863924069, 40.90784448415019], [-73.91264932172878, 40.90807081195555], [-73.91149190703744, 40.91223376931219], [-73.91165472402199, 40.91341785189688], [-73.9103325682445, 40.915532777002774], [-73.90245663952454, 40.91295893321315], [-73.89663333881637, 40.91141737492324]]]}}, {"type": "Feature", "properties": {"LocationID": 201}, "geometry": {"type": "Polygon", "coordinates": [[[-73.81849901800001, 40.58736235300009], [-73.81788322299984, 40.587448469000115], [-73.81544517899997, 40.58337349200012], [-73.81751059199993, 40.58278527100013], [-73.81730795916116, 40.58233475897019], [-73.82222751243998, 40.58111503216215], [-73.82717378884985, 40.579444512955426], [-73.83386923172188, 40.577649897609106], [-73.8377849130498, 40.57592368347561], [-73.85713422195636, 40.56912687559025], [-73.86255286029154, 40.56681001230102], [-73.86286892288632, 40.566830571773316], [-73.86410310099986, 40.56935460900011], [-73.86454176099993, 40.569242922000136], [-73.86662812000002, 40.57305764900011], [-73.86361132999987, 40.57382305800015], [-73.86340629400003, 40.57411433100005], [-73.86396642099993, 40.57502678700006], [-73.8627506159999, 40.57585798500007], [-73.86288301945423, 40.57605976162752], [-73.85305549585115, 40.5812552678552], [-73.8504438514919, 40.58213024358158], [-73.84861053538168, 40.58218814264641], [-73.84521016865186, 40.58157982626388], [-73.83929597982015, 40.58186354547839], [-73.83855306451112, 40.582791714299454], [-73.83584132334414, 40.58287524942936], [-73.82852471261212, 40.58485422038266], [-73.82803692404548, 40.58605253836652], [-73.82480116623435, 40.58715461537013], [-73.82293688631506, 40.587491649727674], [-73.82145971991768, 40.586769924921434], [-73.81912916381579, 40.58803889297278], [-73.81897507799992, 40.58764405900009], [-73.81849901800001, 40.58736235300009]]]}}, {"type": "Feature", "properties": {"LocationID": 202}, "geometry": {"type": "Polygon", "coordinates": [[[-73.9411177871802, 40.769414408574825], [-73.94285528620689, 40.768303494409494], [-73.94943175497114, 40.760548617361366], [-73.95177822026001, 40.75840254987716], [-73.95254079336881, 40.75709531453745], [-73.95791452493181, 40.75210985452549], [-73.96117372960865, 40.74949844307406], [-73.96158304969282, 40.74941430105336], [-73.96111060170932, 40.750600469450575], [-73.96001132397946, 40.75183151716772], [-73.95901616663733, 40.75359505947885], [-73.95845836852823, 40.753949236752575], [-73.9533914071698, 40.75979676217901], [-73.9520863228326, 40.76086215420258], [-73.95093734914026, 40.76257049511904], [-73.94908628795766, 40.76426402713763], [-73.94570357284314, 40.76832793415587], [-73.94556302024347, 40.76880177601368], [-73.94524510320667, 40.76877326815535], [-73.94472478498723, 40.769786271767536], [-73.94212674623404, 40.772034700754844], [-73.94088707205813, 40.77237251588823], [-73.94007665725826, 40.77292618617914], [-73.94035533477506, 40.770496574371286], [-73.9411177871802, 40.769414408574825]]]}}, {"type": "Feature", "properties": {"LocationID": 203}, "geometry": {"type": "Polygon", "coordinates": [[[-73.72753500301229, 40.67393028414632], [-73.72826385201664, 40.66807287581607], [-73.7282727227748, 40.666429592041965], [-73.72781392396702, 40.66322396923917], [-73.72833071887973, 40.663043943865674], [-73.7279312440573, 40.66174883505256], [-73.72644438687217, 40.65916161496076], [-73.72592687720594, 40.65773131917657], [-73.72555284202292, 40.65503995829824], [-73.72505569109768, 40.65350789382108], [-73.72522608103496, 40.65200100007393], [-73.73051457300515, 40.65031031200339], [-73.73513501486147, 40.64973204023353], [-73.7390448211571, 40.64820118017237], [-73.74143706021165, 40.646889178160905], [-73.74166141308763, 40.642198062091396], [-73.74205084926373, 40.64147420476299], [-73.74142279307473, 40.640503390876866], [-73.74227387212949, 40.64012338122587], [-73.74125900083672, 40.63889749946893], [-73.73947121613399, 40.635706431914876], [-73.7399595753528, 40.6351438091868], [-73.7400137673264, 40.63534558672509], [-73.74170882729821, 40.634926322435014], [-73.74246642615259, 40.63511922825231], [-73.74243638020491, 40.63571275510765], [-73.74096487686366, 40.63730477503026], [-73.74130372491103, 40.637898812918664], [-73.74189040305612, 40.638122213540456], [-73.7427296630336, 40.638270155981836], [-73.74397128496219, 40.63788001261503], [-73.74352226238186, 40.63888948637493], [-73.7437342150463, 40.6390221176641], [-73.7447955814851, 40.63707502907628], [-73.74471275511705, 40.6373070468944], [-73.7462638571202, 40.63644221911174], [-73.7464954765674, 40.63651030383542], [-73.74679702246733, 40.63680176417478], [-73.74658986937197, 40.63711326392344], [-73.74516219973704, 40.63811218797324], [-73.74532770333599, 40.63837221196995], [-73.74567316004243, 40.638124657428136], [-73.74551058251747, 40.63794388103365], [-73.74704226024103, 40.6369323652403], [-73.74632293238811, 40.63933464548263], [-73.74616200777528, 40.64041774225696], [-73.74631467883957, 40.641394313090984], [-73.7472915388935, 40.64318668671133], [-73.74875121280796, 40.644471103175306], [-73.7487767478731, 40.64511819098268], [-73.74944886976486, 40.64493350023777], [-73.75171156796117, 40.64650160985919], [-73.75327090546294, 40.64733376275977], [-73.75340365378038, 40.64716237480385], [-73.75323328284715, 40.64705211484322], [-73.7535419181792, 40.64719631215981], [-73.7532921068744, 40.64734340286112], [-73.75428169216147, 40.647885346006376], [-73.75487502521172, 40.64768093284739], [-73.75460006764922, 40.647200773031514], [-73.75522386899995, 40.647444469000085], [-73.75411086699988, 40.64869766500011], [-73.76406290099993, 40.65435626600007], [-73.76319000499986, 40.65589805400006], [-73.76184429799997, 40.656536950000124], [-73.76165732899996, 40.65823808600005], [-73.75922652199985, 40.65790223600008], [-73.75680959499985, 40.65709328400011], [-73.75606608399983, 40.65648646100007], [-73.75294892899993, 40.654885041000156], [-73.75109427999985, 40.654212441000105], [-73.74867194699979, 40.65267808800011], [-73.74332546799988, 40.65253780400009], [-73.74328714099991, 40.656134732000105], [-73.74487420299994, 40.65614455800015], [-73.74506037799982, 40.65740715000007], [-73.74853177199994, 40.65757569700011], [-73.74733230899986, 40.65912452100013], [-73.74679260099995, 40.65890762200012], [-73.74684750599981, 40.660795541000056], [-73.74450922599979, 40.66382127800006], [-73.74405313899989, 40.66365807100013], [-73.74281884699987, 40.66530554900008], [-73.73954958300003, 40.66525602200009], [-73.73891022900001, 40.66595449200005], [-73.73856469500002, 40.666396898000116], [-73.74117817299991, 40.66640295400008], [-73.73775794399985, 40.67005754700012], [-73.73593438599974, 40.67243297100008], [-73.736249418, 40.672630602000105], [-73.73597469399992, 40.672567421000146], [-73.7330322339999, 40.67649502600009], [-73.73106142499994, 40.67830662100012], [-73.73047301200002, 40.67934793700009], [-73.72950555799994, 40.680055726000084], [-73.72851656799985, 40.68121047300012], [-73.72718272499995, 40.68359733000008], [-73.72586264191175, 40.68324108097409], [-73.72563005109944, 40.679587950890856], [-73.72619806197862, 40.67738088986505], [-73.72753500301229, 40.67393028414632]]]}}, {"type": "Feature", "properties": {"LocationID": 204}, "geometry": {"type": "Polygon", "coordinates": [[[-74.2032648999999, 40.555628477000106], [-74.19985031599995, 40.54813241900009], [-74.19174368799999, 40.531916697000064], [-74.19909783799994, 40.52829964500014], [-74.20071057499999, 40.52722595200006], [-74.20152661599995, 40.52626520600012], [-74.2075530649999, 40.52524734900011], [-74.20919660199999, 40.52537658000007], [-74.21028201899998, 40.52472106700008], [-74.21142518399989, 40.524414102000094], [-74.2156723039999, 40.52395762800011], [-74.21574341099989, 40.52646400600007], [-74.216845171, 40.52864208700005], [-74.21800676499996, 40.53229859000013], [-74.2183151519999, 40.535312079000114], [-74.21770976099997, 40.538311993000114], [-74.21776941599992, 40.54112663000013], [-74.22131562699998, 40.55025307400012], [-74.21911576499998, 40.55223231400007], [-74.21778377699997, 40.553049188000145], [-74.21784397799998, 40.55443271800008], [-74.21509339699995, 40.555498933000166], [-74.21350175499995, 40.55566761800007], [-74.21220033999998, 40.55644343000012], [-74.21050789400002, 40.55706418200013], [-74.20699885299997, 40.557567489000085], [-74.205854485, 40.557502457000105], [-74.20506288299997, 40.55727787600011], [-74.20314825999996, 40.55606178500007], [-74.2032648999999, 40.555628477000106]]]}}, {"type": "Feature", "properties": {"LocationID": 205}, "geometry": {"type": "Polygon", "coordinates": [[[-73.766572825, 40.70275162100015], [-73.76612489399999, 40.70233448600011], [-73.76126359299997, 40.70359894000012], [-73.76095546600004, 40.702909578000146], [-73.75205066499984, 40.705228028000136], [-73.7493054709999, 40.69914231300011], [-73.7501929579999, 40.69891208200007], [-73.74863325999986, 40.6954447610001], [-73.74523747599996, 40.696374659000135], [-73.7435928609999, 40.696215325000054], [-73.74467955599985, 40.69341226300009], [-73.75008991199991, 40.685923446000096], [-73.75225828699998, 40.68149141100009], [-73.75484909699989, 40.67792883800014], [-73.75576169199995, 40.675885909000066], [-73.75648885799987, 40.67602276200009], [-73.756918817, 40.67652887100012], [-73.76248600399997, 40.674194982000074], [-73.76367677599995, 40.67474552500012], [-73.76380484799996, 40.67376993300015], [-73.77469730199986, 40.680486046000105], [-73.77220275299987, 40.68161033900011], [-73.7732870399999, 40.683454732000065], [-73.77418414899984, 40.683237921000114], [-73.77462061100005, 40.683990970000046], [-73.77632402199986, 40.685216556000086], [-73.77699767599997, 40.68628268900011], [-73.77966850599998, 40.685377123000144], [-73.78148675699995, 40.6886971830001], [-73.78234452799995, 40.68840743800013], [-73.78326624999988, 40.68999429300012], [-73.78078155499992, 40.69102994300014], [-73.77977295099997, 40.68928117000011], [-73.77789337399993, 40.689917690000115], [-73.7802372379999, 40.6929723350001], [-73.77944081299977, 40.693645109000094], [-73.77783593399984, 40.69432133500005], [-73.77395659499993, 40.69980578100007], [-73.77230768699997, 40.7005715070001], [-73.77507462299982, 40.70523998400008], [-73.77559218799982, 40.70532930900005], [-73.77549258399985, 40.7062546720001], [-73.7749009329999, 40.707066662000074], [-73.76844546499984, 40.70963702700007], [-73.76734431899995, 40.70663634600012], [-73.766572825, 40.70275162100015]]]}}, {"type": "Feature", "properties": {"LocationID": 206}, "geometry": {"type": "Polygon", "coordinates": [[[-74.08221272914942, 40.64828016229027], [-74.08142228203803, 40.64850472594964], [-74.07899546333263, 40.64814255442261], [-74.07650657152854, 40.64696881818354], [-74.07445282563698, 40.645067488723434], [-74.07395839976465, 40.64519320544572], [-74.07359107919265, 40.644998928043215], [-74.0738565368472, 40.64542481609981], [-74.0733381385699, 40.645783116162505], [-74.07369011806543, 40.64530572506017], [-74.0732385381076, 40.64496386390999], [-74.07302520507207, 40.64513123832031], [-74.07320225954692, 40.64494394124379], [-74.07305559881726, 40.64480791784114], [-74.07342590747642, 40.645000568515485], [-74.07312184183515, 40.64471479946908], [-74.0725877555387, 40.644790863173824], [-74.07269828799015, 40.64444127346751], [-74.07165829759784, 40.64503374643521], [-74.07230919046846, 40.64457775405751], [-74.07201843213228, 40.644411932941026], [-74.07229190281811, 40.64426604782058], [-74.0718608087088, 40.64420176177034], [-74.07175648087771, 40.64401184549883], [-74.0720581750603, 40.64390042769878], [-74.07164969408515, 40.64378688572482], [-74.07159679201153, 40.64346015748881], [-74.07135612176627, 40.64349730455616], [-74.0714820243262, 40.64329262506375], [-74.07093784471476, 40.64334596384082], [-74.07144331706321, 40.643270561330795], [-74.07113105720924, 40.643205263678446], [-74.07150263147396, 40.64312930419311], [-74.07164892198989, 40.64267993167983], [-74.0721843496904, 40.642714093289236], [-74.07210952444638, 40.64246321679297], [-74.07037430990586, 40.642691403053334], [-74.07032923715386, 40.64252612813258], [-74.07323829183592, 40.64218473608259], [-74.07314400586021, 40.64185297448033], [-74.07024658698661, 40.64220697429705], [-74.07019399559213, 40.64200750280549], [-74.07308689819374, 40.64163681496985], [-74.07289005609624, 40.64092267287623], [-74.07001849148746, 40.641278132237666], [-74.06998354653952, 40.641068943116956], [-74.07285041194942, 40.6408036884453], [-74.07277690011115, 40.64052896314753], [-74.07307725837738, 40.64051331179657], [-74.07309035578784, 40.638618999686045], [-74.0723885295029, 40.63824526599691], [-74.07258133886755, 40.637941874296175], [-74.0768399779999, 40.6377502600001], [-74.07865269699992, 40.63830402500007], [-74.08373397299994, 40.63573714400011], [-74.08587882899995, 40.6366915900001], [-74.0869059279999, 40.63585724300009], [-74.08870582299987, 40.63684520600006], [-74.08970378299989, 40.63568250100012], [-74.09027738599993, 40.63549903000014], [-74.09242513499993, 40.6355818130001], [-74.09338942299995, 40.63659955500008], [-74.09409312599998, 40.63926691400017], [-74.09767290799995, 40.63896067900007], [-74.09787969199995, 40.64035805500007], [-74.09990409599992, 40.64016295500012], [-74.10480990899997, 40.638976701000075], [-74.10702926799993, 40.638706788000064], [-74.10974833299994, 40.63786583300013], [-74.11499559699989, 40.63729222600013], [-74.11519147399999, 40.63834768100006], [-74.11765722499996, 40.638062467000104], [-74.11745986599989, 40.63576940500014], [-74.11614321199995, 40.62870226400007], [-74.11326249599989, 40.62305442500015], [-74.11790654899988, 40.62487746100008], [-74.12012887999997, 40.626536153000096], [-74.12125677899994, 40.62782275000009], [-74.12216225499999, 40.627476892000075], [-74.1313098529999, 40.62632834300017], [-74.13014141499997, 40.62996520900011], [-74.13060220399994, 40.63135782700006], [-74.12900054099997, 40.63433359400014], [-74.12867047299994, 40.63734826500013], [-74.1268887269999, 40.637210088000124], [-74.12705362202625, 40.64024173781967], [-74.12415578422493, 40.64013471682023], [-74.12285630577614, 40.64082050817332], [-74.12257280489571, 40.64062234004722], [-74.12290724899286, 40.64101926630873], [-74.12269555893829, 40.64135302683641], [-74.12144702079314, 40.64150237930785], [-74.12071317594332, 40.64104578209563], [-74.11993480088911, 40.641197604384104], [-74.11960716747862, 40.64138030935436], [-74.1199569987576, 40.64220945342925], [-74.1195298610575, 40.641469914322144], [-74.11909720493722, 40.64147346652364], [-74.11940029532461, 40.642379378532944], [-74.11900348200304, 40.64146461451023], [-74.11861635236262, 40.64153036502914], [-74.11883624616948, 40.64254186406058], [-74.11840185083544, 40.641529800543026], [-74.1180076709366, 40.64180549753353], [-74.1180489115635, 40.642157461012076], [-74.11762841614808, 40.641621582901536], [-74.1171709328468, 40.64162427104195], [-74.11750702523283, 40.642420408430304], [-74.11713706403347, 40.64189806463125], [-74.11672187663888, 40.642031756096806], [-74.1172247008255, 40.64302735996279], [-74.11666607646228, 40.64210676633415], [-74.11630000082738, 40.642202665102495], [-74.11667041382688, 40.64318982489302], [-74.11614208635716, 40.642216454150535], [-74.1157191704229, 40.64235181921422], [-74.11622691905411, 40.64330710586223], [-74.11564823433872, 40.64237468333469], [-74.11535082182925, 40.642470540158314], [-74.11379666086005, 40.64360951580808], [-74.11395094068477, 40.644136591675384], [-74.11288806510967, 40.64453244463776], [-74.11389010824342, 40.64398966912692], [-74.11333023192623, 40.643723497586564], [-74.11116129469252, 40.645096423181414], [-74.11176646650023, 40.6447061603452], [-74.1097393256449, 40.645463728185], [-74.1041235630174, 40.64574043220038], [-74.10161828954732, 40.64552653887175], [-74.10010007356692, 40.645059416094824], [-74.09880066885808, 40.64504703431106], [-74.09849981625507, 40.64537036195399], [-74.09604555281575, 40.64537274744287], [-74.09298828187653, 40.64597278075269], [-74.08570754378212, 40.648880553370645], [-74.08484403215712, 40.64889114733959], [-74.08221272914942, 40.64828016229027]]]}}, {"type": "Feature", "properties": {"LocationID": 207}, "geometry": {"type": "Polygon", "coordinates": [[[-73.90137640299986, 40.75964203800008], [-73.90225241299993, 40.76264382600009], [-73.90356915599997, 40.765781789000116], [-73.90217951699996, 40.767315842000166], [-73.89349605899986, 40.765950930000116], [-73.89453879999992, 40.7653572670001], [-73.89506657699998, 40.76433132800007], [-73.89641138399999, 40.76315008300009], [-73.89866137899992, 40.75992101700016], [-73.90137640299986, 40.75964203800008]]]}}, {"type": "Feature", "properties": {"LocationID": 208}, "geometry": {"type": "MultiPolygon", "coordinates": [[[[-73.82624132999996, 40.842993594000106], [-73.8258498599999, 40.837060867000076], [-73.82540482599977, 40.83565927500013], [-73.82560350399983, 40.8350301470001], [-73.82622087800003, 40.83435470800006], [-73.82601252600003, 40.834020778000045], [-73.82515883900005, 40.83461447200014], [-73.82463346500003, 40.833855808000116], [-73.82379383199985, 40.83430014700008], [-73.81606068217324, 40.83603019622862], [-73.81552500922504, 40.835976306926185], [-73.81606339574223, 40.83577292747383], [-73.81600773070701, 40.83551259783884], [-73.81557397060101, 40.835525081831285], [-73.81608188313594, 40.83536118240042], [-73.81608401401107, 40.83459034626542], [-73.81566358139244, 40.834490849307194], [-73.81602829523239, 40.834349781181196], [-73.8160119668146, 40.83398080521098], [-73.8148793738859, 40.8310300864916], [-73.8144703368803, 40.831141458252226], [-73.81484313432419, 40.83098612051377], [-73.81476387691956, 40.83081679999369], [-73.8145200857769, 40.8306228757944], [-73.81391425388867, 40.83092425703565], [-73.81389783360487, 40.83090755415846], [-73.81451016521453, 40.83061404705124], [-73.81430920681511, 40.83035927120766], [-73.81385671977256, 40.830561442922914], [-73.81429959295038, 40.83035010370284], [-73.81366831284711, 40.829891284853964], [-73.81388971246565, 40.82977745220246], [-73.81356669955272, 40.82958954788858], [-73.8136111049418, 40.829376758961324], [-73.81337687307196, 40.829391202710696], [-73.8133876638913, 40.82902309447375], [-73.81290321918615, 40.8289531321687], [-73.81318011408904, 40.82880287122973], [-73.81283902833232, 40.82864666669586], [-73.81275469994516, 40.82824823625153], [-73.80992515914596, 40.8281797119928], [-73.81009578138243, 40.827819493091624], [-73.81105578108608, 40.82798499568362], [-73.81003940033308, 40.82777813878696], [-73.81182240952798, 40.82782550729821], [-73.81106294234102, 40.827843650440016], [-73.81170732705306, 40.828006745094434], [-73.81260338852059, 40.827835076749345], [-73.81265206400504, 40.827558779614904], [-73.81384974851248, 40.82680352875059], [-73.81372207686618, 40.826271592515226], [-73.81291776131222, 40.82635038912084], [-73.81399111582792, 40.82606959843151], [-73.8139505407614, 40.82572915144379], [-73.81342102197195, 40.82592501676848], [-73.8139416195339, 40.82571703172867], [-73.81379523517661, 40.825298086001666], [-73.81333522606086, 40.82517094670775], [-73.81211350556435, 40.825552634659566], [-73.81327735515306, 40.825161321707725], [-73.81314913024612, 40.824871784188524], [-73.81403745843352, 40.82448346949404], [-73.81388934712506, 40.8240873674221], [-73.81327417399014, 40.823966665819746], [-73.81281028704977, 40.824339113692766], [-73.81274834915234, 40.82477718710252], [-73.81232005538445, 40.824411308426455], [-73.81177284871205, 40.824339806172986], [-73.81164355619616, 40.82460166226879], [-73.81103147525586, 40.8247082270422], [-73.81087496294379, 40.82511394844679], [-73.81076192559172, 40.82490157071435], [-73.8096548114174, 40.825275535621806], [-73.80909234633528, 40.82587339816435], [-73.80766604765233, 40.825896992059185], [-73.80697771152201, 40.825388370897585], [-73.80656361554976, 40.82460640543196], [-73.80677866215677, 40.82438253431538], [-73.80651819407517, 40.82419799191285], [-73.80679049436186, 40.8239933616893], [-73.80646480610469, 40.823799267499346], [-73.80669197728993, 40.823679271064364], [-73.80659975771903, 40.82333686868627], [-73.80623630693701, 40.823307934650906], [-73.80644539068587, 40.82299672066025], [-73.80595169124446, 40.822882595349604], [-73.80622264763869, 40.82266354012859], [-73.80582465580834, 40.82176778979322], [-73.80599159848933, 40.82082355849026], [-73.80572802989728, 40.820177338695196], [-73.80451800414906, 40.81892768751875], [-73.8033684017511, 40.818251071676166], [-73.80267407634148, 40.81823857509158], [-73.80252163401762, 40.818525988306014], [-73.802045607213, 40.81854554171566], [-73.80070762635494, 40.81804509879803], [-73.8003233797814, 40.81756283391465], [-73.79759032777322, 40.816507532070254], [-73.79738112573526, 40.815763504895806], [-73.79771465236787, 40.815513292743624], [-73.79811945293483, 40.81569878500337], [-73.79902816314, 40.815541134938854], [-73.8001114686428, 40.8140245255608], [-73.80091593237641, 40.813761402506756], [-73.801458005173, 40.81294094720333], [-73.80174561215799, 40.81286501791845], [-73.80140380968845, 40.81236330865878], [-73.8017593218082, 40.81286139698752], [-73.8027682171769, 40.81246448896175], [-73.80361390158114, 40.81252110662155], [-73.80351997906509, 40.81292187125175], [-73.80377912019877, 40.81280990604324], [-73.80361429261028, 40.81304451492829], [-73.804358103467, 40.8136085386742], [-73.80415365301042, 40.81373067286529], [-73.80351370643069, 40.81293524328957], [-73.8032354331691, 40.81329636637084], [-73.80345177160015, 40.81335213167183], [-73.80322449366612, 40.81335858052141], [-73.8034551929976, 40.813402690990664], [-73.80453081609834, 40.814254619924604], [-73.80322176299285, 40.81337410994242], [-73.80351667337368, 40.81395196364879], [-73.80418033130341, 40.81458996281167], [-73.8043917200654, 40.81453785620189], [-73.80515017994553, 40.81566790594116], [-73.80658358725697, 40.816594588165714], [-73.80611761373622, 40.815952209326255], [-73.8053787878482, 40.81548262028282], [-73.80508103466697, 40.815197964012754], [-73.80455440518865, 40.8146298422373], [-73.80465942815042, 40.81454498912218], [-73.80527878825075, 40.815377264776394], [-73.80610141797764, 40.81591971745659], [-73.80632932566019, 40.8161379593204], [-73.80671967987072, 40.81657517074711], [-73.80660603189658, 40.816664494041305], [-73.80692933177552, 40.816568379076905], [-73.80653572493937, 40.81589198638647], [-73.80704600153508, 40.81653369387543], [-73.80662873422997, 40.815683840710406], [-73.80640177811462, 40.81570203064977], [-73.80659328471772, 40.81561670615492], [-73.80567498487898, 40.815212292188825], [-73.80531902580653, 40.81478131299836], [-73.80505213646254, 40.812894962434314], [-73.80438719791255, 40.81222979321588], [-73.80361382016022, 40.81193828205817], [-73.80224245334347, 40.81019739366052], [-73.80101172909842, 40.81071339964749], [-73.80146670007328, 40.81014171796329], [-73.80010949916637, 40.8097109540785], [-73.7985376596495, 40.809587075529905], [-73.79228907337423, 40.80684900557967], [-73.79140059874486, 40.80699787791326], [-73.79152359065651, 40.80748908790965], [-73.79086475738406, 40.80734114044071], [-73.79073479983785, 40.80658882885676], [-73.79012463294092, 40.805771559885926], [-73.79028410874172, 40.804817103689075], [-73.79103717515576, 40.8042630317022], [-73.79224529219171, 40.80399636431506], [-73.7933898228672, 40.804204330036406], [-73.79577769394001, 40.80616294902937], [-73.79620903473185, 40.80596859046203], [-73.79650268526339, 40.80610443599016], [-73.79636945999776, 40.8062772027668], [-73.79791967769252, 40.80669422755338], [-73.80185524738366, 40.808967826140766], [-73.80295921748117, 40.80907708372969], [-73.80392673417204, 40.8085279708119], [-73.8046780836507, 40.8092257988172], [-73.80713987884187, 40.81066167645394], [-73.80822799216608, 40.811891002197314], [-73.8099202908178, 40.812929152261944], [-73.81050159246415, 40.81296494143407], [-73.81066931287849, 40.8127643665378], [-73.81156607359787, 40.813054001914296], [-73.81185065747438, 40.81293940004039], [-73.81358218143802, 40.81332206814478], [-73.81389275367364, 40.81358719783822], [-73.81443067312435, 40.813518375715844], [-73.81449994116008, 40.81290828760465], [-73.81447727191015, 40.813518541841354], [-73.81566326325769, 40.81351203974365], [-73.81620056896291, 40.813847476479516], [-73.81737201626977, 40.81357434380464], [-73.81735988456492, 40.81337572054005], [-73.81738942091515, 40.81357073625084], [-73.8179208412743, 40.81354468060345], [-73.81793546303673, 40.81329796423303], [-73.81797608887013, 40.81329902414659], [-73.81804229161202, 40.81353296785645], [-73.81981638454968, 40.813179933156086], [-73.82010759340298, 40.81286406966558], [-73.82055521517324, 40.81301765507704], [-73.82024436122036, 40.81243067757416], [-73.8210651207081, 40.81220359246758], [-73.82032355515894, 40.81243965219513], [-73.82042087950583, 40.81263807250542], [-73.82112969804922, 40.812449756866975], [-73.82044179624151, 40.81265757783635], [-73.82058709143999, 40.8130194466083], [-73.82228290825742, 40.81266149978773], [-73.8221714521873, 40.81235400527665], [-73.82230863560132, 40.81265821507883], [-73.82406387432496, 40.81216926152642], [-73.8247105112495, 40.81169935941139], [-73.82505782162761, 40.81182991838948], [-73.82480905359992, 40.811439281600116], [-73.82524350467826, 40.81176134024023], [-73.82487938938073, 40.81127298382839], [-73.82526664318074, 40.81175234789863], [-73.82549075318562, 40.81165933042358], [-73.82523137433175, 40.81120978979912], [-73.82565070298091, 40.8115922909162], [-73.82535766859549, 40.81102764392399], [-73.82567229084775, 40.81158474373054], [-73.82553710461548, 40.81101552428081], [-73.82581255718891, 40.811533704520464], [-73.82579755905094, 40.811205335639926], [-73.82595641099927, 40.81147444843524], [-73.82622408754939, 40.81128177077589], [-73.82821837513981, 40.81142459213605], [-73.83017915330238, 40.81083454948965], [-73.83147437789091, 40.80977514830504], [-73.8321661704888, 40.80850227767032], [-73.83215633723853, 40.80746743086737], [-73.8316206323777, 40.80662812986116], [-73.83205996881212, 40.806357863818135], [-73.831615744777, 40.80493825599677], [-73.83431545195694, 40.80516265692358], [-73.83743612112924, 40.80620264259174], [-73.83806076514087, 40.80703977484687], [-73.8382442091364, 40.80817681009716], [-73.84025952898116, 40.8114430368916], [-73.84043199520461, 40.81254112811866], [-73.84026867690187, 40.813280475011986], [-73.839629016849, 40.81400971777478], [-73.83953766684768, 40.81581918211129], [-73.83974355921865, 40.81640607175156], [-73.83696070299992, 40.816340541000095], [-73.8365014589999, 40.8187106590001], [-73.83614239499985, 40.819198903000064], [-73.83612598999984, 40.82349743200011], [-73.83661819699992, 40.827114149000124], [-73.8370906139999, 40.82896714700014], [-73.84228428387955, 40.82864660499155], [-73.84233077477266, 40.8290739624539], [-73.84188643774428, 40.83071317653461], [-73.83918095199299, 40.83315611875267], [-73.83885232384739, 40.83369066784843], [-73.83923392302755, 40.83674104063184], [-73.83919255217855, 40.83871362802902], [-73.83958953782852, 40.83879848591303], [-73.83972014457761, 40.83956540599324], [-73.83956700299987, 40.84054722800005], [-73.83936452799995, 40.84087706700015], [-73.83771374899992, 40.84040631000007], [-73.83688925199996, 40.84337478800011], [-73.832940765, 40.84351916000009], [-73.83043186399985, 40.843857984000145], [-73.82611300699996, 40.845338694000105], [-73.82624132999996, 40.842993594000106]]], [[[-73.83960850400152, 40.835708050842406], [-73.83961672561374, 40.835667752627515], [-73.83962599488439, 40.835699712184955], [-73.83960850400152, 40.835708050842406]]], [[[-73.83979488581072, 40.83561920724651], [-73.8396148723857, 40.835610568365965], [-73.83948374192396, 40.834574200794556], [-73.83959266810578, 40.83456047582346], [-73.83979488581072, 40.83561920724651]]]]}}, {"type": "Feature", "properties": {"LocationID": 209}, "geometry": {"type": "Polygon", "coordinates": [[[-74.00499805099996, 40.712011897000075], [-74.00366118299998, 40.71148728300013], [-73.99919451154408, 40.70794737617591], [-74.00118685262835, 40.706859825771964], [-74.00098276691728, 40.706416712993075], [-74.00140666691954, 40.70617938802083], [-74.0005829704798, 40.70543393364908], [-74.00143661179398, 40.70487217770543], [-74.002061425319, 40.70541700532048], [-74.00256965079724, 40.70552357976193], [-74.00505672799989, 40.70878876900014], [-74.00906264699988, 40.71088670400012], [-74.00860085399992, 40.711392240000144], [-74.00499805099996, 40.712011897000075]]]}}, {"type": "Feature", "properties": {"LocationID": 210}, "geometry": {"type": "Polygon", "coordinates": [[[-73.92956858299992, 40.59682026500012], [-73.91805571865743, 40.5864368531164], [-73.9191903317235, 40.585962494147886], [-73.91961116419868, 40.5861690799001], [-73.92082156941888, 40.585995774206495], [-73.9206698086596, 40.58577362651987], [-73.92089145806791, 40.58590306230582], [-73.92090603836381, 40.58559058153379], [-73.92101218266103, 40.58575359585844], [-73.92189955122011, 40.5856931756737], [-73.92235337377305, 40.5860239365625], [-73.92404262147038, 40.58589971884759], [-73.9246794528378, 40.58563774645363], [-73.92520361514241, 40.58580627115556], [-73.92720774188899, 40.58772275918688], [-73.92768287747319, 40.58736160013421], [-73.92724750521369, 40.58775327471999], [-73.9273568092889, 40.588022176276354], [-73.92791625741049, 40.58754873639219], [-73.92807906817849, 40.58770246052338], [-73.92736935753528, 40.58804459880317], [-73.92740450151646, 40.58820650449], [-73.9279017574099, 40.587953409280075], [-73.92802185276429, 40.58806875635108], [-73.92745467790976, 40.588299564074234], [-73.92776143639102, 40.588660609759], [-73.9239529485009, 40.5911398505252], [-73.9241996339265, 40.59136428018893], [-73.9246012993856, 40.59119932500337], [-73.92815905123096, 40.588825249590144], [-73.92836271266806, 40.58896901609205], [-73.92841885809028, 40.58893403509829], [-73.92821616994843, 40.58878391290409], [-73.92863061415636, 40.58857263642092], [-73.9287576155367, 40.58867429700595], [-73.92844090493661, 40.589030428142195], [-73.92862026499205, 40.589120436296334], [-73.92888139684439, 40.58885371957557], [-73.92873426467298, 40.58914716516786], [-73.9291344038264, 40.58887924168214], [-73.92875703499415, 40.58915296692519], [-73.92998187866192, 40.589515997878806], [-73.92936128354346, 40.58925066298271], [-73.92976615773311, 40.58929206944786], [-73.93003427450557, 40.589425996500935], [-73.93057705718242, 40.58989064120337], [-73.93010325988745, 40.58960610507162], [-73.93029788091665, 40.590035167630205], [-73.93058940447355, 40.58995259113271], [-73.93067434421376, 40.59059072131579], [-73.93052507228651, 40.590333113429935], [-73.93047135080229, 40.59085960119728], [-73.93062344246573, 40.590918694276425], [-73.93064749948525, 40.59061968417453], [-73.93064106700564, 40.59094456641952], [-73.93046013661869, 40.591001219021095], [-73.93069641658052, 40.59101854140048], [-73.93044960172921, 40.59107969192933], [-73.93072578729826, 40.59108986026531], [-73.93037197719016, 40.591211400876105], [-73.93060444306958, 40.59118617622118], [-73.93040541662201, 40.59173094214311], [-73.93060580656592, 40.591541362508636], [-73.93036443603306, 40.592480093513785], [-73.93036221568056, 40.59231177060923], [-73.93017616634198, 40.5924062209706], [-73.93035364458565, 40.592554950294264], [-73.9301897065827, 40.592454118288984], [-73.9299125015645, 40.592853394873174], [-73.9300989932412, 40.592872440452545], [-73.930052445394, 40.59300024352097], [-73.92989066964346, 40.59287079136826], [-73.92971282036608, 40.59312004824829], [-73.93004238419583, 40.593060879318244], [-73.92995591909562, 40.593308572326805], [-73.92974147322658, 40.593143922445755], [-73.92982317336855, 40.59337269559902], [-73.93003922396665, 40.59334843088396], [-73.92978081742058, 40.593436741471805], [-73.93001650952081, 40.594094536062286], [-73.93021519470311, 40.593972944184756], [-73.93008159453139, 40.59359546287148], [-73.93022756280047, 40.593930620897055], [-73.93052488661866, 40.593880240700955], [-73.93035968941524, 40.59397594132419], [-73.93054679070711, 40.59419930408576], [-73.93029934404385, 40.59393805451041], [-73.93004011947687, 40.59410488733067], [-73.93043246129608, 40.59440267495008], [-73.93076122839551, 40.59438190052094], [-73.9306230568455, 40.59420449766004], [-73.93083446436513, 40.59441357130435], [-73.93066303510112, 40.59446395093296], [-73.93083206587438, 40.59443065566945], [-73.93093516114614, 40.594459949861175], [-73.93122055938903, 40.59418331726299], [-73.9309546342639, 40.59446594520646], [-73.93136684826814, 40.594529172094674], [-73.9317638740002, 40.594284098763026], [-73.93161313737198, 40.59450351841457], [-73.93136806343367, 40.59454645078489], [-73.93084626727261, 40.59445152529739], [-73.93078131379613, 40.594498955277004], [-73.93230826395404, 40.59491634048738], [-73.93256343839313, 40.59476347229722], [-73.93260420556844, 40.59492954452514], [-73.93282654852884, 40.594803744969326], [-73.93267653975757, 40.59423641796779], [-73.9317589074308, 40.59283010489937], [-73.9317109079429, 40.593050300520666], [-73.9314367561379, 40.5921671345183], [-73.93113956057566, 40.59200892874772], [-73.93139997986377, 40.59180489056233], [-73.9310098934316, 40.59193104248119], [-73.93135300954727, 40.59179119396203], [-73.93142565439746, 40.59160418414756], [-73.93104847875684, 40.59172629086622], [-73.9310760222574, 40.59159759276836], [-73.9313054163602, 40.59136035866851], [-73.93124592494814, 40.591636976996], [-73.93142252650097, 40.59158857039067], [-73.93155939441614, 40.59129296407096], [-73.93121294858955, 40.58953130811943], [-73.93068568059813, 40.58882195422703], [-73.93009138279199, 40.588988862379225], [-73.9306502192753, 40.58866986977097], [-73.93039967597488, 40.58846552041555], [-73.92972846380192, 40.58861391582989], [-73.93038545256262, 40.588441616079066], [-73.92972232646723, 40.58756008290403], [-73.93134917824065, 40.587328167229686], [-73.93125191267131, 40.586849825214415], [-73.92857393936457, 40.58706150237157], [-73.92808232971585, 40.58669769393781], [-73.92814969379499, 40.58617810776312], [-73.92791933785853, 40.58613580604631], [-73.92827672497616, 40.58610694357025], [-73.92815700695613, 40.58586452306628], [-73.92736955785888, 40.5860065853166], [-73.92758641829884, 40.58625413533254], [-73.92751621995603, 40.58639826671569], [-73.92730433823876, 40.58586592842006], [-73.92638041881064, 40.585295756348025], [-73.92654820963332, 40.5855753153878], [-73.92552860874584, 40.58497837657288], [-73.92627529542231, 40.58535264744218], [-73.92583335908428, 40.5849530771108], [-73.92712081899994, 40.58487935700009], [-73.93210850499995, 40.58628620300005], [-73.9344471859999, 40.586652075000124], [-73.94191610399989, 40.58552017300011], [-73.94866230599997, 40.58489385600012], [-73.95123865600004, 40.584924633000085], [-73.95357366099982, 40.58530918800009], [-73.95387860700004, 40.58572124600012], [-73.96025825899996, 40.58502930800013], [-73.96034953599988, 40.58730628600012], [-73.95619313699986, 40.587762269000144], [-73.95700330399997, 40.592002256000086], [-73.95607720399984, 40.592101432000135], [-73.956927197, 40.59661207600006], [-73.94248473299992, 40.59820036500005], [-73.94288954099984, 40.60031865000013], [-73.93447158899997, 40.6012315120001], [-73.93503274599996, 40.60173379000005], [-73.9335511719998, 40.602687281000094], [-73.92813139699999, 40.59777792800006], [-73.92956858299992, 40.59682026500012]]]}}, {"type": "Feature", "properties": {"LocationID": 211}, "geometry": {"type": "Polygon", "coordinates": [[[-73.9967717579999, 40.7254319440001], [-74.00188406299992, 40.719397571000094], [-74.00539186699989, 40.7220373660001], [-74.003730175, 40.726250059000165], [-74.00214891499996, 40.7280353670001], [-73.9967717579999, 40.7254319440001]]]}}, {"type": "Feature", "properties": {"LocationID": 212}, "geometry": {"type": "Polygon", "coordinates": [[[-73.85615112900003, 40.82677004600007], [-73.8843985489999, 40.82296557600006], [-73.88465102199984, 40.82382289800012], [-73.88461335999997, 40.825276503000104], [-73.88438705399992, 40.826817284000164], [-73.88378414099992, 40.82827429200013], [-73.87729930499995, 40.82874277400009], [-73.86085019699982, 40.83361353800008], [-73.86032508999983, 40.833198640000035], [-73.85739121299999, 40.83229737200004], [-73.85615112900003, 40.82677004600007]]]}}, {"type": "Feature", "properties": {"LocationID": 213}, "geometry": {"type": "MultiPolygon", "coordinates": [[[[-73.8365014589999, 40.8187106590001], [-73.83696070299992, 40.816340541000095], [-73.83974355921865, 40.81640607175156], [-73.84003308726955, 40.81682214096233], [-73.84019020523155, 40.81718827305652], [-73.84005323723338, 40.81792128811386], [-73.83892733295289, 40.81900121010729], [-73.83868347700722, 40.819591381519565], [-73.83906398923855, 40.819802432341845], [-73.83888231646733, 40.82214048985622], [-73.83904904481194, 40.82268874814597], [-73.83952777714363, 40.82303815864951], [-73.83961186638571, 40.823863426519246], [-73.84013113528368, 40.824317089680214], [-73.84228428387955, 40.82864660449154], [-73.8370906139999, 40.82896714700014], [-73.83612598999984, 40.82349743200011], [-73.83614239499985, 40.819198903000064], [-73.8365014589999, 40.8187106590001]]], [[[-73.84289527503903, 40.82856917606104], [-73.840017529957, 40.822190243125675], [-73.83982926241688, 40.82157150149622], [-73.83999860407422, 40.81993494681326], [-73.8419868483405, 40.81877437390828], [-73.84209366311855, 40.81805954295175], [-73.84374053000356, 40.81532169954226], [-73.84520736885104, 40.81188702200971], [-73.84576561702221, 40.8115822788421], [-73.84617302872043, 40.81067666443059], [-73.8471968450964, 40.81058048761441], [-73.84821486515582, 40.812462909498464], [-73.84938556147972, 40.81323686534527], [-73.85041066820106, 40.813584023888666], [-73.8511447226069, 40.814396548876175], [-73.85246819393365, 40.81427920741938], [-73.85291177501854, 40.814500996711715], [-73.85265013335618, 40.81436314647387], [-73.85261262519265, 40.81396258284037], [-73.85336857868805, 40.81359390313653], [-73.85514695315437, 40.814368994296515], [-73.85538030243693, 40.81428888208297], [-73.85443075596594, 40.81371791906994], [-73.85346774058523, 40.8134777116089], [-73.85255739434923, 40.813735334655405], [-73.85119997725174, 40.81355314437636], [-73.84955032365964, 40.812687328858686], [-73.84903294180673, 40.81211891007871], [-73.84938420255818, 40.81128707476772], [-73.84919469827567, 40.81086063912485], [-73.84979804522004, 40.81003287788525], [-73.84976011634066, 40.80964521322063], [-73.8500171018922, 40.809330656286335], [-73.84984662518073, 40.809252328753146], [-73.85004241612901, 40.80921540848782], [-73.84996732905364, 40.808875512454605], [-73.84972865358634, 40.80887511163909], [-73.84995116937989, 40.80871472017239], [-73.84955076934936, 40.808720867511084], [-73.84996696802818, 40.808578018843775], [-73.8496116642038, 40.80812418505144], [-73.84876007745984, 40.808337457793264], [-73.84952218256736, 40.80805527772039], [-73.8484164096164, 40.80736877579551], [-73.8483795372141, 40.80636018633474], [-73.84753621975607, 40.80592640279531], [-73.847488226419, 40.805448909149376], [-73.8479029865273, 40.80500217939745], [-73.8486478460621, 40.804699371480574], [-73.84933382307932, 40.805051218261944], [-73.84941036337706, 40.80466797627583], [-73.84942852727698, 40.80505982814071], [-73.84997722709161, 40.8050595949821], [-73.85019839036401, 40.80451002497415], [-73.85561003777734, 40.80447059094408], [-73.856614854502, 40.804796923950526], [-73.85762328796818, 40.805369488341896], [-73.85822115694067, 40.80607157611563], [-73.85827985213197, 40.80664037718551], [-73.85866549456955, 40.806833088596264], [-73.85838996228809, 40.80825880914901], [-73.8589514122177, 40.81027141758674], [-73.85907662566406, 40.809975558102366], [-73.8601269523559, 40.80960549989144], [-73.85935625734362, 40.80898803428665], [-73.85938875426787, 40.80816614120726], [-73.85979407932838, 40.80911212206532], [-73.86065222514291, 40.80963668169201], [-73.86765646284456, 40.8105837619373], [-73.87077804885931, 40.81448689548797], [-73.87171606450099, 40.814922335490365], [-73.8765199603362, 40.81613106342434], [-73.87663459981847, 40.81571150804976], [-73.8780628329999, 40.81618263200013], [-73.88244779599998, 40.819268323000124], [-73.8843985489999, 40.82296557600006], [-73.85635677499992, 40.82675208500013], [-73.85619656499995, 40.826040995000035], [-73.855971624, 40.8260638780001], [-73.85513639699997, 40.82243618900005], [-73.84289858800003, 40.824083059000046], [-73.84390624999999, 40.82840782900013], [-73.84289527503903, 40.82856917606104]]]]}}, {"type": "Feature", "properties": {"LocationID": 214}, "geometry": {"type": "Polygon", "coordinates": [[[-74.08587511899997, 40.59589012100006], [-74.08376862299998, 40.59552095700013], [-74.08173342999991, 40.59215628600006], [-74.0784669379999, 40.593300012000086], [-74.07888191699992, 40.59394279200009], [-74.07043976099992, 40.596734747000085], [-74.06728410699992, 40.59098620300007], [-74.06662559499993, 40.59034202000008], [-74.06577682899997, 40.59002139100011], [-74.06580036099992, 40.58974660900007], [-74.06436003721248, 40.588267891174986], [-74.06477833032984, 40.58848831072587], [-74.06722276816986, 40.58673445026286], [-74.07021154289465, 40.58398135771171], [-74.07144837595611, 40.5824340679647], [-74.07149180521219, 40.58216878265274], [-74.07065781537806, 40.58162562503801], [-74.07146670932998, 40.58202724389836], [-74.07177638431192, 40.5818765351642], [-74.07499413073505, 40.57923655741651], [-74.07332032496554, 40.57845733351118], [-74.07336118472098, 40.578275488289336], [-74.07355146657468, 40.57819839300068], [-74.07508288192615, 40.57916015875571], [-74.07579819540712, 40.57830925065082], [-74.07523453617956, 40.57799880325335], [-74.07534622582394, 40.57788796957192], [-74.07601596977891, 40.57824491229039], [-74.07688226472128, 40.57763678991173], [-74.07673747616731, 40.57737250932559], [-74.07693881528753, 40.577534345591566], [-74.0773747252254, 40.57728215940831], [-74.07926321256913, 40.57567129220596], [-74.07867933938911, 40.57508182522361], [-74.07933640538252, 40.57562720401703], [-74.08017867442044, 40.575180418259734], [-74.08495715819193, 40.57125984002128], [-74.08597647499992, 40.57223697100007], [-74.10039083499996, 40.57968866600013], [-74.09844000899997, 40.58124170600011], [-74.10525775499997, 40.585921436000056], [-74.10207990099998, 40.58874175100007], [-74.10088251699995, 40.5901792160001], [-74.10083052299994, 40.59263230600008], [-74.09979588999995, 40.5938713660001], [-74.09722072899997, 40.59536515500006], [-74.09375453799998, 40.59674489000009], [-74.09272305199994, 40.597464264000116], [-74.09178257499993, 40.59871923900007], [-74.09172051499995, 40.59922085700006], [-74.08983655899988, 40.60077409500017], [-74.08647535899998, 40.60126896200013], [-74.08432821299992, 40.60187268300011], [-74.08218729299988, 40.60194100800007], [-74.08125785899989, 40.600678848000044], [-74.08130343799998, 40.59938765600012], [-74.08248303399992, 40.59832980800013], [-74.08469129699996, 40.597507132000125], [-74.08532650099991, 40.59700832200016], [-74.08587511899997, 40.59589012100006]]]}}, {"type": "Feature", "properties": {"LocationID": 215}, "geometry": {"type": "Polygon", "coordinates": [[[-73.78034491200003, 40.70541241700005], [-73.77395659499986, 40.699805782000105], [-73.77783593399984, 40.69432133500005], [-73.77944081299995, 40.693645110000055], [-73.7802372379999, 40.6929723350001], [-73.77789337399993, 40.689917690000115], [-73.77977295099997, 40.68928117000011], [-73.78078155499992, 40.69102994300014], [-73.78580499899992, 40.688996897000074], [-73.79038468299986, 40.68775361400007], [-73.793908417, 40.68630469100005], [-73.79561486799987, 40.68865689100009], [-73.79995042799996, 40.68682771900009], [-73.79898209099994, 40.68485873800008], [-73.80576840199991, 40.68293239100012], [-73.81063298299996, 40.691947383000084], [-73.80890216900004, 40.69256434900013], [-73.80642479399984, 40.6908738580001], [-73.79786193399997, 40.697993404000115], [-73.79357708699986, 40.699756472000075], [-73.79260506799987, 40.70043210000009], [-73.79186916599991, 40.70136613700008], [-73.79239170299988, 40.7021665300001], [-73.79115569699985, 40.70229407600011], [-73.78966391499986, 40.703039489000126], [-73.78256582599995, 40.70542486400008], [-73.78034491200003, 40.70541241700005]]]}}, {"type": "Feature", "properties": {"LocationID": 216}, "geometry": {"type": "Polygon", "coordinates": [[[-73.81063298299996, 40.691947383000084], [-73.80660608799995, 40.68468114600014], [-73.80142836799988, 40.67366683400007], [-73.80117234299993, 40.67220503200007], [-73.80117909099994, 40.66910026500014], [-73.80203207699995, 40.66524802500013], [-73.80614396, 40.664912730000054], [-73.8084501619999, 40.664461301000095], [-73.81176694899986, 40.66293453600015], [-73.81496922499986, 40.662472668000085], [-73.82306169099988, 40.66353701600016], [-73.82687353900002, 40.6637041070001], [-73.832705339, 40.66540577300005], [-73.84012856099982, 40.681146651000084], [-73.83697486299991, 40.6819880180001], [-73.83807769099997, 40.684238910000076], [-73.82753021399995, 40.6872394830001], [-73.82851136799992, 40.68923905600013], [-73.82599347399987, 40.68995366200009], [-73.82501128899997, 40.68795231800011], [-73.81063298299996, 40.691947383000084]]]}}, {"type": "Feature", "properties": {"LocationID": 217}, "geometry": {"type": "Polygon", "coordinates": [[[-73.95790430799988, 40.708427173000125], [-73.95191055699979, 40.70636007900011], [-73.94705205299991, 40.70366394900007], [-73.95128819399989, 40.700922365000075], [-73.95381196900003, 40.703180980000106], [-73.95745736399992, 40.70082260300013], [-73.95701993199991, 40.698973914000135], [-73.96283963699993, 40.69803866800014], [-73.96217978199998, 40.700220710000096], [-73.96720961999985, 40.70425570900012], [-73.96838933699995, 40.70682918700009], [-73.963278738, 40.70772929900014], [-73.958455768, 40.70725184700008], [-73.95790430799988, 40.708427173000125]]]}}, {"type": "Feature", "properties": {"LocationID": 218}, "geometry": {"type": "Polygon", "coordinates": [[[-73.77469730199986, 40.680486046000105], [-73.76380484799996, 40.67376993300015], [-73.76367677599995, 40.67474552500012], [-73.76248600399997, 40.674194982000074], [-73.76031463999993, 40.67510997100005], [-73.75857198899986, 40.672637331000054], [-73.75636239300002, 40.67242923700019], [-73.75643734399979, 40.6696663790001], [-73.75763129599991, 40.66645115700012], [-73.77342462799992, 40.66802761900006], [-73.78940999399987, 40.66684115900015], [-73.78808647399985, 40.673009627000106], [-73.78573730899993, 40.672385035000076], [-73.78376243999988, 40.67531568600009], [-73.77947817299986, 40.678364550000055], [-73.777229236, 40.6796527210001], [-73.77469730199986, 40.680486046000105]]]}}, {"type": "Feature", "properties": {"LocationID": 219}, "geometry": {"type": "Polygon", "coordinates": [[[-73.77342462799992, 40.66802761900006], [-73.75602173399979, 40.66639171600008], [-73.73856469500002, 40.666396898000116], [-73.73954958300003, 40.66525602200009], [-73.74281884600006, 40.665305549000045], [-73.74405313899989, 40.66365807100013], [-73.74450922599979, 40.66382127800006], [-73.74684750499985, 40.660795541000056], [-73.74679260099995, 40.65890762200012], [-73.74733230899986, 40.65912452100013], [-73.74853177199994, 40.65757569700011], [-73.74506037899988, 40.65740715000007], [-73.74487420299994, 40.65614455800015], [-73.74328714099991, 40.656134732000105], [-73.74332546899993, 40.65253780400011], [-73.74867194699979, 40.65267808800011], [-73.75109427999985, 40.654212441000105], [-73.75294892899993, 40.654885040000075], [-73.75606608399983, 40.65648646100007], [-73.75680959499985, 40.65709328400011], [-73.75922652199993, 40.65790223700009], [-73.76165732899996, 40.65823808600005], [-73.76184429799997, 40.656536950000124], [-73.76319000499986, 40.65589805400006], [-73.76406290099993, 40.65435626600007], [-73.77418923599993, 40.65986052400011], [-73.78321833499997, 40.66316628400009], [-73.79582296400001, 40.66495325600011], [-73.80203207699995, 40.66524802500013], [-73.80155565300004, 40.666753364000094], [-73.79919289299993, 40.666518075000084], [-73.79739484699991, 40.666939886000094], [-73.79306694299999, 40.66706729400014], [-73.78940999399991, 40.666841158000125], [-73.77342462799992, 40.66802761900006]]]}}, {"type": "Feature", "properties": {"LocationID": 220}, "geometry": {"type": "Polygon", "coordinates": [[[-73.89787887499983, 40.89027610100011], [-73.89972588599989, 40.886514887000054], [-73.89661546599986, 40.88595525600013], [-73.89855059899999, 40.88437472700016], [-73.90369454799992, 40.878501618000094], [-73.90608130599988, 40.87323962900009], [-73.90746489699994, 40.87354735400004], [-73.90666530999995, 40.87571560900009], [-73.9068187309999, 40.87661958800012], [-73.90906235999998, 40.878486783000085], [-73.91033193599998, 40.87903804700007], [-73.91148913199984, 40.8790188590001], [-73.91205829999997, 40.878119320000096], [-73.91487449199987, 40.87664214600011], [-73.91578609320084, 40.87571718248052], [-73.91775669364831, 40.875663627930294], [-73.91978381266422, 40.8764214360531], [-73.9220672367594, 40.87857241490165], [-73.92273788293744, 40.8789054452141], [-73.92451795875512, 40.87905865928108], [-73.92490327486523, 40.87888836792672], [-73.92380525605498, 40.88032490163632], [-73.92058641888602, 40.88718267831003], [-73.91869590499982, 40.886885203000084], [-73.91876151499994, 40.885569685000085], [-73.9148927699999, 40.8846247710001], [-73.91281277499982, 40.88639518700007], [-73.91173089099983, 40.888218713000136], [-73.91115061799995, 40.88827710600007], [-73.90981767099994, 40.88899656900008], [-73.90975930299997, 40.889250028000085], [-73.90900536, 40.88950014100004], [-73.9079634, 40.88885975300014], [-73.90738830199982, 40.887819692000065], [-73.90413642399992, 40.88708070900009], [-73.90285949099989, 40.88916474400008], [-73.90090301399997, 40.88891054900009], [-73.898348963, 40.890444997000074], [-73.89787887499983, 40.89027610100011]]]}}, {"type": "Feature", "properties": {"LocationID": 221}, "geometry": {"type": "Polygon", "coordinates": [[[-74.0768399779999, 40.6377502600001], [-74.07258133886755, 40.637941874296175], [-74.07348353801716, 40.637787357935885], [-74.07348737303558, 40.6372335292364], [-74.07053959705199, 40.63747140462444], [-74.07052719831867, 40.63713205870584], [-74.07341562632823, 40.63689395096573], [-74.07337342888026, 40.63661072563963], [-74.07209483807503, 40.636647277624824], [-74.07335822045584, 40.636536094165365], [-74.07283184410423, 40.63366603282585], [-74.0733282131641, 40.63205844299053], [-74.0729847461233, 40.63030897898161], [-74.06802173543946, 40.62878758518561], [-74.06813019247986, 40.62853904609169], [-74.07291177936548, 40.62999637940672], [-74.0722922308001, 40.62715170770675], [-74.07278382204916, 40.62704855517896], [-74.07225500955778, 40.624608750194135], [-74.06975543088323, 40.62120813987259], [-74.06649335296378, 40.618897601595364], [-74.06596065271776, 40.619359015593936], [-74.06640988953299, 40.61886446756729], [-74.06619907954864, 40.618722481288955], [-74.06544586069478, 40.61920262828945], [-74.06668207982919, 40.618067495938725], [-74.06641558715182, 40.61787249816575], [-74.06604991535914, 40.618195410352925], [-74.06569864744148, 40.617956415586825], [-74.06546549952745, 40.61810707028097], [-74.0649618928053, 40.617772399570605], [-74.06425721751587, 40.618171687585736], [-74.06509908407213, 40.61751095612564], [-74.06443662005032, 40.617062414602685], [-74.06390892240353, 40.617328825149286], [-74.06432745858045, 40.616988503022306], [-74.0637612998448, 40.61679874999752], [-74.06130709550277, 40.61419225076579], [-74.0603368079201, 40.61190188021989], [-74.05985444328618, 40.61210295860832], [-74.06001625116235, 40.61276368789556], [-74.06019772795607, 40.612786375932146], [-74.05999919711631, 40.612783899618805], [-74.05976930738177, 40.61205664713957], [-74.06027224809941, 40.61181963993937], [-74.05927076216308, 40.61149313253724], [-74.05890133421524, 40.61100228648645], [-74.059085843087, 40.610633677254654], [-74.05716383878973, 40.60874278310388], [-74.05685812390232, 40.60805635777275], [-74.0578901689999, 40.60758075400009], [-74.05778710399987, 40.607449591000105], [-74.0651709129999, 40.60421350800009], [-74.06350565699995, 40.60215005500011], [-74.07399965299999, 40.60572556700007], [-74.07656734699997, 40.60612166400013], [-74.0815547009999, 40.60629029700006], [-74.07939423999989, 40.609084365000086], [-74.075025699, 40.616378740000115], [-74.07418030999995, 40.61730493400014], [-74.072258849, 40.61852327400006], [-74.0714060829999, 40.61943137900013], [-74.07116568799995, 40.6206987860001], [-74.07253551699988, 40.62246402200008], [-74.08000094999994, 40.61855295200014], [-74.08720982799996, 40.61330697300008], [-74.08747218499994, 40.61456080300011], [-74.0878234189999, 40.61508793500008], [-74.08626756599996, 40.617832011000154], [-74.08496211799991, 40.624625233000145], [-74.08415419899998, 40.6262671150001], [-74.08298808899993, 40.62735007300008], [-74.08084371499997, 40.62737949100008], [-74.0805160199999, 40.62809988400006], [-74.07972492199994, 40.62895068800005], [-74.08173135299991, 40.630012226000105], [-74.08140615399998, 40.63030123600013], [-74.08491321699994, 40.63363992400011], [-74.08574928999991, 40.633955557000064], [-74.08443647599991, 40.63540524800009], [-74.07878831099995, 40.63826855900012], [-74.0768399779999, 40.6377502600001]]]}}, {"type": "Feature", "properties": {"LocationID": 222}, "geometry": {"type": "MultiPolygon", "coordinates": [[[[-73.88221364899994, 40.654518638000155], [-73.87610398000004, 40.64621478900011], [-73.8745808109999, 40.645610106000134], [-73.87619932999985, 40.643257173000094], [-73.87841589406925, 40.638912189353505], [-73.87930954528376, 40.64006707427824], [-73.88048386922625, 40.6409780345477], [-73.88073623546329, 40.64156595847595], [-73.88029248068577, 40.64140491573336], [-73.88006714132425, 40.64200344662695], [-73.88139306230616, 40.642347339979324], [-73.88224108165646, 40.643453492409186], [-73.88214832562561, 40.64374372784077], [-73.88341999203011, 40.644523815649634], [-73.8848075041114, 40.64394630368042], [-73.88557762124441, 40.644040950146334], [-73.88743444708422, 40.64593668177397], [-73.8876658922947, 40.64650492455403], [-73.88764072166725, 40.64780239000746], [-73.88863638434091, 40.648024492615846], [-73.89006780073055, 40.649323635640656], [-73.89033529141231, 40.649347769002134], [-73.8901370101698, 40.64917041211664], [-73.8903473469377, 40.64903360577827], [-73.89125147199995, 40.650025597000116], [-73.89000589199988, 40.65114869700013], [-73.88221364899994, 40.654518638000155]]], [[[-73.8882853135604, 40.64672241327627], [-73.88864137620679, 40.64707955315819], [-73.88851637568528, 40.6473606915221], [-73.88820050726648, 40.64714086952924], [-73.8882853135604, 40.64672241327627]]]]}}, {"type": "Feature", "properties": {"LocationID": 223}, "geometry": {"type": "Polygon", "coordinates": [[[-73.90985862925774, 40.790945493782075], [-73.90206327886824, 40.78949440549546], [-73.90032629743816, 40.789007662825895], [-73.8969399356256, 40.78662466896993], [-73.89651204913619, 40.78606865902615], [-73.89635251322325, 40.78617931020346], [-73.89650254833985, 40.78605746784418], [-73.89604376668126, 40.78579998748065], [-73.89624259793256, 40.78574043299213], [-73.89614015089828, 40.78560716728849], [-73.89598001322786, 40.78571167576908], [-73.8959296297551, 40.78564894431396], [-73.89612632632496, 40.78559316931167], [-73.8958291437706, 40.78522152738365], [-73.89874897638398, 40.78278115576623], [-73.90114577552107, 40.78271110609074], [-73.90217815315991, 40.78178056186365], [-73.90267723582103, 40.780594131742525], [-73.90257929672345, 40.78028912083576], [-73.90218303706564, 40.78035936715232], [-73.90203565790105, 40.781203101963065], [-73.9012912761892, 40.781858419270556], [-73.90034960780264, 40.782164410530164], [-73.89865437844033, 40.78199542032093], [-73.89437777934127, 40.784243203484415], [-73.89429482356759, 40.78411756782718], [-73.8960637773842, 40.78315720180541], [-73.89477429053531, 40.782253592494435], [-73.89542197971672, 40.78171777101649], [-73.8953575056752, 40.781657657133564], [-73.89460091774595, 40.782253158981604], [-73.89534850467375, 40.781649265484575], [-73.895284679113, 40.78154124925501], [-73.89416469083802, 40.78247204644155], [-73.89306090692054, 40.781848289707305], [-73.89230750203646, 40.78246604157392], [-73.89274917876408, 40.78296570668501], [-73.89165459123714, 40.78219478153084], [-73.89224191097428, 40.78241079906126], [-73.89300986180193, 40.78179802356234], [-73.89227700450262, 40.78129896855067], [-73.89211148854682, 40.781395179209255], [-73.89224627026225, 40.78125475229809], [-73.8916500522784, 40.780843379675794], [-73.89158706893672, 40.780570766533494], [-73.89253636793505, 40.77955306588083], [-73.89166859702843, 40.77949253941005], [-73.8911958970439, 40.77856328788723], [-73.89251064542336, 40.777392869272916], [-73.89141605901193, 40.77633895611731], [-73.89183244902246, 40.7748801999445], [-73.89034195999996, 40.77323760500016], [-73.88997672719441, 40.77372361007416], [-73.88945486901865, 40.77353295106376], [-73.8887255129998, 40.768916239000134], [-73.88822109399986, 40.768592290000115], [-73.88770661799985, 40.766838598000135], [-73.89089043699997, 40.765858198000124], [-73.89183535799987, 40.76622708000013], [-73.89325108799987, 40.76627144500009], [-73.89349605899986, 40.765950930000116], [-73.90226637199994, 40.76745694400009], [-73.90413637799985, 40.767520318000095], [-73.90577352999988, 40.76802858900008], [-73.91759120499997, 40.76990087100012], [-73.91811686499992, 40.770028486000086], [-73.91770217299991, 40.77039311200009], [-73.92398142900001, 40.774615113000124], [-73.92302571500001, 40.77538431000008], [-73.92375761299998, 40.776547012000094], [-73.91796581399993, 40.78125629200011], [-73.91996458796496, 40.78263506876845], [-73.91818862939184, 40.78393296611385], [-73.91717118646426, 40.784193484371606], [-73.91683277016413, 40.78519139248764], [-73.91575172894541, 40.78610757857829], [-73.91526013936094, 40.7861922166417], [-73.91558710139756, 40.78642963116601], [-73.912599859115, 40.78937632963413], [-73.91222952426433, 40.78917927946381], [-73.91195110905574, 40.78940179722118], [-73.91207975024415, 40.78952181498983], [-73.91124959039128, 40.78974393630283], [-73.91113056873596, 40.790114076095485], [-73.90985862925774, 40.790945493782075]]]}}, {"type": "Feature", "properties": {"LocationID": 224}, "geometry": {"type": "Polygon", "coordinates": [[[-73.97511055399991, 40.735390255000056], [-73.97443700979296, 40.735316356064835], [-73.97395905029705, 40.73342116553868], [-73.97367627576054, 40.733205933888264], [-73.97386810776207, 40.73306568719579], [-73.97341321730852, 40.73128241642884], [-73.97151882628022, 40.729351361740285], [-73.97162697285862, 40.72662845299862], [-73.98255629299985, 40.73135013400007], [-73.97849845599995, 40.736790957000075], [-73.97511055399991, 40.735390255000056]]]}}, {"type": "Feature", "properties": {"LocationID": 225}, "geometry": {"type": "Polygon", "coordinates": [[[-73.91804607, 40.687213248000084], [-73.9163011989999, 40.67857711200011], [-73.92183500099996, 40.678945559000105], [-73.92281374299995, 40.683414430000106], [-73.92900883999985, 40.682702905000106], [-73.92916130699992, 40.68343632400011], [-73.93500821699992, 40.68276376800005], [-73.93435066499993, 40.67956340800011], [-73.94032794, 40.67988997500007], [-73.94394947299996, 40.69822127900012], [-73.93856854799981, 40.698848136000066], [-73.93817718599986, 40.69864022300007], [-73.91804607, 40.687213248000084]]]}}, {"type": "Feature", "properties": {"LocationID": 226}, "geometry": {"type": "Polygon", "coordinates": [[[-73.9094433199999, 40.750755231000085], [-73.91015860699994, 40.7485019680001], [-73.91164202799983, 40.7486845760001], [-73.91187504099992, 40.74822079600012], [-73.9124485379999, 40.74592040200004], [-73.9112472229998, 40.74578399300007], [-73.9119412979999, 40.742382949000124], [-73.9137938869998, 40.742514492000154], [-73.91443483199988, 40.740531053000076], [-73.91567469599988, 40.740784930000096], [-73.91717737999994, 40.73689787100006], [-73.91651522799987, 40.73675734600004], [-73.91689741899991, 40.73544470800008], [-73.91759250800001, 40.73523944100003], [-73.91879292099999, 40.73196944900008], [-73.91903825199986, 40.73200596600006], [-73.917342506, 40.731382826000115], [-73.91796696699996, 40.72850077100009], [-73.91507233799989, 40.727970820000095], [-73.91505218099998, 40.7286011810001], [-73.91205021299994, 40.72850636300012], [-73.91174734199988, 40.72991203300012], [-73.91017627699985, 40.72927572500003], [-73.9071225309999, 40.72742472800013], [-73.91257187699983, 40.72323963500007], [-73.91384828299984, 40.722898412000085], [-73.91132095099978, 40.719624230000136], [-73.92232773978448, 40.71659264406128], [-73.92393867329348, 40.71904275678715], [-73.92383575405634, 40.72014816407833], [-73.92424364921001, 40.72142949875874], [-73.92515207271921, 40.722335339821], [-73.9244229875485, 40.72358997598635], [-73.92214330961275, 40.72370755701896], [-73.92073356094122, 40.72330981277061], [-73.92037064235663, 40.72368111382123], [-73.92490316165177, 40.72450657567166], [-73.92655663912387, 40.72566906528748], [-73.92853805222317, 40.72788244993693], [-73.9292348587616, 40.72826016576124], [-73.93453176375674, 40.729104806535155], [-73.93644563967132, 40.72967214559885], [-73.93804478507161, 40.730509967846245], [-73.93911054574804, 40.731379806525695], [-73.94016494736086, 40.733486026666675], [-73.94006709327033, 40.733762152980255], [-73.94162472636452, 40.735841442338355], [-73.94594410333026, 40.73751251570067], [-73.94257885812185, 40.73881602026876], [-73.9428038426758, 40.738861547461504], [-73.94255612802647, 40.73902086587356], [-73.94140886345744, 40.73929957085337], [-73.93993706299993, 40.738688178000096], [-73.93982348499995, 40.73844550400006], [-73.93869664599998, 40.738140817000065], [-73.93726110699993, 40.745176491000095], [-73.93769681599989, 40.745238575000016], [-73.94031559800003, 40.7444044980001], [-73.94419561599983, 40.7428821460001], [-73.94401030399996, 40.743639454000096], [-73.94272343099998, 40.74457686200006], [-73.94032696100007, 40.74541314300014], [-73.93663681899982, 40.74820409400008], [-73.93739653799992, 40.74891644000009], [-73.93675697099987, 40.74914697200013], [-73.93383269399993, 40.7516047020001], [-73.93195863799993, 40.7519742580001], [-73.92596072499995, 40.75209646700014], [-73.91763192799988, 40.753857848000095], [-73.91547326299991, 40.7537918180001], [-73.91067474899997, 40.75299507600009], [-73.91035492999984, 40.75274990900006], [-73.9094433199999, 40.750755231000085]]]}}, {"type": "Feature", "properties": {"LocationID": 227}, "geometry": {"type": "Polygon", "coordinates": [[[-73.98905872499985, 40.64411924100014], [-73.9955103369999, 40.63980966700013], [-73.99917564699989, 40.642025442000126], [-74.00735636699996, 40.6341636270001], [-74.00556490399993, 40.633083176000106], [-74.01000340799995, 40.63011308900011], [-74.01560204999993, 40.63351697800009], [-74.016020101, 40.633317114000164], [-74.0161423149999, 40.63436015800012], [-74.016835401, 40.63535542900016], [-74.0139608859999, 40.63815326700014], [-74.01616711499993, 40.639482441000105], [-74.00214474699993, 40.652956107000136], [-73.99779466099982, 40.65028889000012], [-73.99830602299986, 40.649740015000134], [-73.98905872499985, 40.64411924100014]]]}}, {"type": "Feature", "properties": {"LocationID": 228}, "geometry": {"type": "Polygon", "coordinates": [[[-73.9986188799999, 40.671830172000085], [-73.99667191699996, 40.66873916800011], [-73.99648142699999, 40.66892523600014], [-73.99490350099988, 40.666785435000115], [-73.99692689899985, 40.66437491500012], [-73.99063545399997, 40.66057908900011], [-73.988716511, 40.66240493800015], [-73.98725068899996, 40.66037895600011], [-73.990188415, 40.6576008180001], [-73.99238339499986, 40.658899016000134], [-73.99296401999982, 40.65833740900008], [-73.99516890199999, 40.659669522000165], [-74.01616711499993, 40.639482441000105], [-74.0139608859999, 40.63815326700014], [-74.016835401, 40.63535542900016], [-74.02032883799993, 40.637572969000104], [-74.02141038399992, 40.63858490300005], [-74.02176040899997, 40.639824346000076], [-74.02108051399998, 40.64149093700014], [-74.02321780199998, 40.6399015150001], [-74.02475437599998, 40.63812141800008], [-74.02695244699993, 40.63944606500017], [-74.0262626739999, 40.640094381000054], [-74.02890829899998, 40.6411734110001], [-74.02905968899994, 40.64172667300012], [-74.03266558998958, 40.643720344890255], [-74.03231070598247, 40.64357458661793], [-74.03254173795665, 40.64382548485468], [-74.03226870865812, 40.6440743792927], [-74.03189708494334, 40.64388934936998], [-74.03051830863413, 40.645274425209166], [-74.02908090885776, 40.644403596930495], [-74.02915418994519, 40.6445814454198], [-74.02886241127031, 40.644866023723154], [-74.0290865428924, 40.64458300179986], [-74.02850116250595, 40.64417756470279], [-74.0281905304931, 40.64441433020651], [-74.02845721095775, 40.64415605924837], [-74.02820569545007, 40.644015982890565], [-74.02604948400315, 40.6462613503263], [-74.02974078211068, 40.648486026210584], [-74.02938990486619, 40.648804055114105], [-74.02571758804807, 40.646615492291126], [-74.02516202606716, 40.647138748494335], [-74.02483957406781, 40.646944424765586], [-74.02461487103105, 40.647151125118995], [-74.02622102475573, 40.64824842780945], [-74.02488305491131, 40.647410523024426], [-74.02468390384902, 40.647605665218364], [-74.02435496936715, 40.64739927815359], [-74.02414566050564, 40.64761510126003], [-74.02512911955235, 40.64832318145739], [-74.02496792117127, 40.64860596226765], [-74.02553864578033, 40.64978215934824], [-74.02484436363444, 40.650599638057265], [-74.02520581187575, 40.650818467899576], [-74.02541553929463, 40.650618697082685], [-74.02605133196793, 40.650994300743285], [-74.02552971543649, 40.65147855069301], [-74.02491122849032, 40.65110628579349], [-74.0251025719023, 40.65089330557707], [-74.02477160495674, 40.65068770743557], [-74.02424021347534, 40.65113351631353], [-74.02541604028593, 40.65193380685529], [-74.02417752973396, 40.651191773212396], [-74.02359400295185, 40.651315663253925], [-74.02305991047025, 40.650974304134955], [-74.02285141795983, 40.65116919516188], [-74.02536890150509, 40.65272143692754], [-74.02522662972656, 40.65282985695983], [-74.02154138319214, 40.65067162291142], [-74.02105230392205, 40.65109828292792], [-74.0223373466683, 40.651910605381815], [-74.02089862870834, 40.65124727521848], [-74.02380703903121, 40.653044728511674], [-74.02359434497556, 40.65321636896199], [-74.02195900090592, 40.6522227819709], [-74.02118670027885, 40.65283983689552], [-74.02320464727141, 40.65409611681813], [-74.02306219089226, 40.65423323629212], [-74.02210195162446, 40.6535879538078], [-74.02162946295488, 40.65364516521623], [-74.02114963484483, 40.654210755211764], [-74.02182479745494, 40.65465617578563], [-74.02164486415387, 40.65487898338268], [-74.0204746182018, 40.654216589227296], [-74.01919203025426, 40.6540225984943], [-74.0186223830857, 40.65349134902316], [-74.01811897876473, 40.65388527110554], [-74.02025589052923, 40.65511826288136], [-74.02005182454292, 40.65533594887461], [-74.01787407223816, 40.65406150233099], [-74.01715319581021, 40.65477510436233], [-74.01970596410222, 40.65658116375125], [-74.01726715936593, 40.655194187986716], [-74.01639437533773, 40.65562064285093], [-74.01910843803118, 40.657368884303686], [-74.01860569460999, 40.65784587402303], [-74.01585370056823, 40.65621324055553], [-74.01543632269644, 40.65663239675986], [-74.01786573109668, 40.65830844729872], [-74.01768549175459, 40.6584529927614], [-74.0150473822185, 40.656950386693595], [-74.01442130484548, 40.657608021951575], [-74.01745803087898, 40.6594501973869], [-74.01554165388997, 40.66075835547632], [-74.01400428392415, 40.65981196344029], [-74.01366273992599, 40.66002878063712], [-74.01183862056543, 40.65891283727491], [-74.011107504103, 40.65970627458082], [-74.01402247678024, 40.66152974744024], [-74.0131555493881, 40.66198159772614], [-74.012653588115, 40.661981654037774], [-74.00859956968283, 40.659520923098476], [-74.00745858163884, 40.660558476210056], [-74.0103720129723, 40.66239888023268], [-74.01046331724483, 40.6626421197902], [-74.00955074142026, 40.663267694130596], [-74.00868371591297, 40.663372012840426], [-74.00616141136321, 40.66184506899076], [-74.00568594756898, 40.662274740360665], [-74.00428358250115, 40.66144489410149], [-74.00414624892207, 40.661561635681515], [-74.00622698247925, 40.66278782786119], [-74.00592360503022, 40.66310825073926], [-74.0038081547088, 40.6619079457284], [-74.0034880110065, 40.66224055612868], [-74.00455498488702, 40.662816372912886], [-74.00473298121766, 40.66249650399689], [-74.00535812864251, 40.6628691297319], [-74.00497157758612, 40.66306821324225], [-74.00519233775076, 40.663201553096734], [-74.00538014413911, 40.66288392645295], [-74.00599748682693, 40.6632586108288], [-74.00561348681754, 40.66345839025495], [-74.00772133506703, 40.664718633019994], [-74.00730516126835, 40.66459759075276], [-74.0071253264673, 40.66491521847445], [-74.00652469600116, 40.66454722766309], [-74.00688215307311, 40.66434037294313], [-74.00662937859565, 40.664187930124626], [-74.00644979980798, 40.66450620679925], [-74.0058415763248, 40.66413802067477], [-74.0062030658537, 40.663930168210754], [-74.00604608518974, 40.66384000563575], [-74.00575781045477, 40.6639227568018], [-74.00584924770605, 40.664503298619906], [-74.00564140754479, 40.66453149189603], [-74.0056502595958, 40.66390033784402], [-74.00362862508561, 40.66273484753479], [-74.00340348595626, 40.66298572659853], [-74.00459238636759, 40.66373519983302], [-74.00432294897372, 40.66405231997547], [-74.00528132177348, 40.66465700352425], [-74.00486193792648, 40.66506482193838], [-74.00113519509667, 40.662901724055295], [-74.00083401108444, 40.6630064426919], [-73.99953152609916, 40.66439748593711], [-74.00292463516382, 40.66646231216352], [-74.00224030991373, 40.66679383514538], [-74.00161950021086, 40.66676627917466], [-74.00120611348305, 40.667018107203035], [-74.00146470932715, 40.66716956870779], [-74.00068774868765, 40.667545951899015], [-73.99998149339123, 40.66745027490889], [-73.99902600998384, 40.668442972127124], [-73.99902633264173, 40.66900788840085], [-73.9992404910503, 40.66830628656016], [-73.99907935327965, 40.66903827186186], [-73.998655806916, 40.66951479554807], [-73.99891684838755, 40.669804563217895], [-73.9986188799999, 40.671830172000085]]]}}, {"type": "Feature", "properties": {"LocationID": 229}, "geometry": {"type": "Polygon", "coordinates": [[[-73.96162927534907, 40.75515238425935], [-73.96482214210387, 40.75159632579131], [-73.96518524199982, 40.751952307000145], [-73.967067339, 40.75262067500013], [-73.96661581800002, 40.753243425000115], [-73.9712170449999, 40.75519332400013], [-73.9665833839999, 40.761550935000066], [-73.95877790811335, 40.758270920924545], [-73.96065638180474, 40.75592314955038], [-73.96162927534907, 40.75515238425935]]]}}, {"type": "Feature", "properties": {"LocationID": 230}, "geometry": {"type": "Polygon", "coordinates": [[[-73.97860169399989, 40.76239607200014], [-73.98411754799999, 40.75484205300013], [-73.98979085399995, 40.757233132000096], [-73.98428230099987, 40.764791815000144], [-73.97860169399989, 40.76239607200014]]]}}, {"type": "Feature", "properties": {"LocationID": 231}, "geometry": {"type": "Polygon", "coordinates": [[[-74.01102457999994, 40.72579386200012], [-73.999956209, 40.71801709500007], [-74.00272286199994, 40.714389709000116], [-74.00485768099996, 40.7124525410001], [-74.00834760999993, 40.711358546000056], [-74.01375388499997, 40.71369055500006], [-74.01244109199989, 40.71905767300007], [-74.01303068113208, 40.719131455909746], [-74.0129144874633, 40.719708293225594], [-74.01344694115667, 40.71978202079156], [-74.01338906903435, 40.72004260727339], [-74.01457231438083, 40.72027413774238], [-74.01452278990024, 40.720532050327975], [-74.01296558526825, 40.720328675587325], [-74.01286909071982, 40.720833752211895], [-74.01323937337015, 40.72088798672828], [-74.01308010145627, 40.721545807195426], [-74.01253875807251, 40.721503176576554], [-74.01196432024551, 40.72432986412008], [-74.01135428299995, 40.724277183000076], [-74.01102457999994, 40.72579386200012]]]}}, {"type": "Feature", "properties": {"LocationID": 232}, "geometry": {"type": "Polygon", "coordinates": [[[-73.97635525199995, 40.71913288400003], [-73.97347975524508, 40.7188614291131], [-73.97612368838796, 40.71246032539859], [-73.97681883540065, 40.71141956702135], [-73.97782091638246, 40.71064544490723], [-73.98127684210984, 40.71021725119118], [-73.98123734462091, 40.709823343318654], [-73.98839064023261, 40.7091269491628], [-73.9887368170753, 40.709970741845304], [-73.9919434659999, 40.7095890530001], [-73.99204746299989, 40.709775745000115], [-73.99177662699996, 40.709819040000106], [-73.99256242199989, 40.71438807700016], [-73.9907551529999, 40.7145540730001], [-73.99022012699989, 40.71440494000008], [-73.98915463799979, 40.716708647000075], [-73.98836626299988, 40.7164457020001], [-73.98675136699994, 40.71959284600017], [-73.985073423, 40.719083294000086], [-73.9838238729998, 40.72147287200007], [-73.97635525199995, 40.71913288400003]]]}}, {"type": "Feature", "properties": {"LocationID": 233}, "geometry": {"type": "MultiPolygon", "coordinates": [[[[-73.96706733899993, 40.752620676000106], [-73.96482214210387, 40.75159632579131], [-73.9686922519053, 40.74680860795782], [-73.97078834776636, 40.744406217690546], [-73.97094062960414, 40.74447144402566], [-73.9711250301855, 40.744189748947825], [-73.9707031746558, 40.74399049541131], [-73.9711819357606, 40.744103232708035], [-73.97135752941857, 40.74383845535971], [-73.97108533439558, 40.74366405834539], [-73.97123301520192, 40.743414663960266], [-73.97135563409158, 40.74353964985216], [-73.97167921200406, 40.74305446403008], [-73.97350835000003, 40.743782034000084], [-73.97121971999988, 40.74692154100014], [-73.9758346669999, 40.74886314600016], [-73.9712170449999, 40.75519332400013], [-73.96661581800002, 40.753243425000115], [-73.96706733899993, 40.752620676000106]]], [[[-73.96415980288437, 40.746865547359754], [-73.96444522752618, 40.74641042576337], [-73.96458318426942, 40.746454400673514], [-73.96415980288437, 40.746865547359754]]]]}}, {"type": "Feature", "properties": {"LocationID": 234}, "geometry": {"type": "Polygon", "coordinates": [[[-73.98991689999981, 40.73534934200011], [-73.98990295999991, 40.7344347900001], [-73.99683993899998, 40.73736088900014], [-73.99051761299985, 40.746038638000115], [-73.98407485299994, 40.74332471800008], [-73.98991689999981, 40.73534934200011]]]}}, {"type": "Feature", "properties": {"LocationID": 235}, "geometry": {"type": "Polygon", "coordinates": [[[-73.90947862999988, 40.86180812900007], [-73.91075688299993, 40.86073995500006], [-73.91328437000003, 40.85961860100012], [-73.91056799299989, 40.85862059300014], [-73.90980269899988, 40.85760754900011], [-73.90976165899988, 40.85718261200009], [-73.90777320599983, 40.85960753800002], [-73.90679734899983, 40.85937358900007], [-73.90486847199993, 40.85869322500009], [-73.90565953499988, 40.85739873400016], [-73.90468371399987, 40.8570603020001], [-73.90557007299988, 40.855787322000076], [-73.910581699, 40.850181595000095], [-73.91416184199993, 40.84517918800012], [-73.92478318799985, 40.84475266400008], [-73.92808209386837, 40.84539159691691], [-73.92683023208399, 40.84728976009448], [-73.92465379915153, 40.84978504325669], [-73.92394789467637, 40.85122178480819], [-73.92256178923255, 40.85318891176381], [-73.92174813841936, 40.854214714783346], [-73.92154374459189, 40.85410995152749], [-73.92134207683873, 40.85431743565789], [-73.92151543705522, 40.85451006389148], [-73.92080070289325, 40.85538081439473], [-73.92030027213424, 40.85524637134175], [-73.92052653132843, 40.855686668401994], [-73.91956620889232, 40.856840183843964], [-73.91776041251106, 40.85870809795846], [-73.91720664647033, 40.85892892273475], [-73.91422824049913, 40.862490790359814], [-73.91278962899986, 40.861872471000076], [-73.91075595799987, 40.86165148400008], [-73.9090395089999, 40.8626788640001], [-73.90947862999988, 40.86180812900007]]]}}, {"type": "Feature", "properties": {"LocationID": 236}, "geometry": {"type": "Polygon", "coordinates": [[[-73.94933170599992, 40.78519312700014], [-73.95825534899998, 40.772965337000095], [-73.96468735799992, 40.77567708200013], [-73.9557773589999, 40.787913924000144], [-73.94933170599992, 40.78519312700014]]]}}, {"type": "Feature", "properties": {"LocationID": 237}, "geometry": {"type": "Polygon", "coordinates": [[[-73.95825534899998, 40.772965337000095], [-73.9665833839999, 40.761550935000066], [-73.97301487199995, 40.764278879000095], [-73.96468735799992, 40.77567708200013], [-73.95825534899998, 40.772965337000095]]]}}, {"type": "Feature", "properties": {"LocationID": 238}, "geometry": {"type": "Polygon", "coordinates": [[[-73.96417598599989, 40.792362045000075], [-73.96933573299991, 40.785293280000104], [-73.98188645923244, 40.79051658046771], [-73.97639951965265, 40.79827321084643], [-73.96941543899999, 40.79536077900015], [-73.96987063299996, 40.79473520500008], [-73.96417598599989, 40.792362045000075]]]}}, {"type": "Feature", "properties": {"LocationID": 239}, "geometry": {"type": "Polygon", "coordinates": [[[-73.98188645923244, 40.79051658046771], [-73.96933573299991, 40.785293280000104], [-73.97499744000005, 40.77753254600008], [-73.98507184299989, 40.781779681000124], [-73.98567936099997, 40.78031263300016], [-73.9881274613434, 40.78140179672385], [-73.98546581197031, 40.785360700575644], [-73.98617270496534, 40.78606845225884], [-73.98711901394245, 40.78521031900429], [-73.98612842248579, 40.78623900133128], [-73.98542932126932, 40.78541394218477], [-73.9850811377319, 40.78592193511064], [-73.98576566029756, 40.78619627485891], [-73.98501696406503, 40.78601423719592], [-73.98465507883023, 40.786534741808126], [-73.98594956155647, 40.78648711396671], [-73.98461942858404, 40.78658601634997], [-73.98188645923244, 40.79051658046771]]]}}, {"type": "Feature", "properties": {"LocationID": 240}, "geometry": {"type": "Polygon", "coordinates": [[[-73.87643743099994, 40.89687059300015], [-73.8771197409999, 40.89546866400016], [-73.87048672599987, 40.8966402110001], [-73.86491632499997, 40.8957494950001], [-73.86135927899984, 40.89466231900011], [-73.86276234599985, 40.891620057000104], [-73.86620661499991, 40.885378614000125], [-73.86605231299984, 40.884287044000125], [-73.8688461339999, 40.87858635700009], [-73.86943471300005, 40.878129199000135], [-73.87094367500002, 40.878510767000165], [-73.87024100099985, 40.88022935300013], [-73.87084076999994, 40.88043889400014], [-73.87494589799991, 40.879947669000074], [-73.87467601499999, 40.88156285200012], [-73.87812594399992, 40.88215382600009], [-73.87760676499983, 40.88452304400009], [-73.87803562399996, 40.88711832200008], [-73.88124422499992, 40.882709633000104], [-73.88274833399998, 40.88339738700014], [-73.88421696399995, 40.88319772800009], [-73.88683486599984, 40.884342026000134], [-73.88758612599987, 40.88425561900007], [-73.89972588499982, 40.88651488700012], [-73.89643170799985, 40.89365527900008], [-73.89715717199994, 40.899371827000046], [-73.89635785999997, 40.903200132000116], [-73.89663333831646, 40.91141737492334], [-73.86789043706806, 40.90298695407629], [-73.86820270299982, 40.90235538300011], [-73.87010369599989, 40.9007419470001], [-73.87482041599985, 40.89844543800011], [-73.87643743099994, 40.89687059300015]]]}}, {"type": "Feature", "properties": {"LocationID": 241}, "geometry": {"type": "Polygon", "coordinates": [[[-73.88840157099996, 40.88441707500012], [-73.88705142599984, 40.88434957600011], [-73.8872319399999, 40.883054978000075], [-73.88694246799994, 40.8826827670001], [-73.88716505199984, 40.882576511000046], [-73.88595071699983, 40.88050741200013], [-73.88567517999986, 40.878872511000054], [-73.88773577599993, 40.87703388200006], [-73.88937163799983, 40.87338229800014], [-73.8879350369998, 40.87203023200007], [-73.89157400099988, 40.86968425300014], [-73.89438130299993, 40.86606885100016], [-73.8974032329998, 40.86747419000009], [-73.89656060499982, 40.868565200000106], [-73.89891854299988, 40.86965857400011], [-73.89960300399986, 40.86872820800011], [-73.89942436199988, 40.86788083800012], [-73.90235804799984, 40.868696121000085], [-73.90374975899987, 40.869595627000116], [-73.90448860599989, 40.870578549000086], [-73.9044690149999, 40.8724155210001], [-73.90608130599988, 40.87323962900009], [-73.90369454799992, 40.878501618000094], [-73.89855059899999, 40.88437472700016], [-73.89661546599986, 40.88595525600013], [-73.88840157099996, 40.88441707500012]]]}}, {"type": "Feature", "properties": {"LocationID": 242}, "geometry": {"type": "Polygon", "coordinates": [[[-73.83555900199993, 40.851964013000135], [-73.83619907199994, 40.845827396000146], [-73.83767001599998, 40.84112190800004], [-73.83771374799997, 40.84040631000007], [-73.83936452799995, 40.84087706700015], [-73.84204144699997, 40.84064589700012], [-73.84458129199986, 40.83853550800011], [-73.85052278099987, 40.84278948900003], [-73.86347232399994, 40.841305933000086], [-73.86724819000003, 40.84034380400008], [-73.86920766899995, 40.839600046000086], [-73.87359713599987, 40.83979855500012], [-73.87099518100001, 40.843111392000125], [-73.86804200399997, 40.84481383900008], [-73.86863721699987, 40.845309843000095], [-73.868926528, 40.846881741000075], [-73.86835465999991, 40.847080233000064], [-73.86785992999984, 40.848864931000065], [-73.86920944599994, 40.849238373000105], [-73.86823466099995, 40.85091373700005], [-73.86860515599989, 40.85206864600009], [-73.86518787199995, 40.85016438600011], [-73.86303938099996, 40.85061130700013], [-73.86250923799993, 40.84836228100007], [-73.86069456599994, 40.84875339400013], [-73.85457388299992, 40.85150834600013], [-73.85304526899994, 40.849547332000064], [-73.84968869799998, 40.851058907000066], [-73.8443084699999, 40.851190464000084], [-73.8449695409999, 40.85009703100011], [-73.84494053799982, 40.84821822100011], [-73.84149163399988, 40.85319428600008], [-73.8404976739999, 40.85418410500011], [-73.83818561199983, 40.855564010000094], [-73.83499552599993, 40.85657120100008], [-73.83667557299988, 40.85665266300009], [-73.83691212799982, 40.85700810700016], [-73.83681918499988, 40.85727680900008], [-73.829874887, 40.859740420000094], [-73.82847346699994, 40.8607313530001], [-73.83111449199998, 40.8575243300001], [-73.83283502299986, 40.85603584500009], [-73.83129157699987, 40.85543410500012], [-73.83350017799994, 40.85467968400016], [-73.83463970199992, 40.85381799400009], [-73.83555900199993, 40.851964013000135]]]}}, {"type": "Feature", "properties": {"LocationID": 243}, "geometry": {"type": "Polygon", "coordinates": [[[-73.93156536999994, 40.86958215800009], [-73.93141437399996, 40.86896192800009], [-73.92726915099985, 40.865534560000135], [-73.92474153399992, 40.86159363800011], [-73.92499818399988, 40.86146373800009], [-73.9252866269999, 40.86012579700015], [-73.92676563199994, 40.8589147840001], [-73.92709951599984, 40.85827552100011], [-73.92691117499983, 40.85750876100013], [-73.9261752689999, 40.858154096000135], [-73.92518924999993, 40.85802753700013], [-73.92478952099987, 40.85749399700008], [-73.92467094699998, 40.856810889000094], [-73.92769565799996, 40.852487782000075], [-73.92703315699981, 40.85220077500008], [-73.927079823, 40.851432343000084], [-73.92747680599985, 40.8506943700001], [-73.92886675399986, 40.849392313000116], [-73.92970731599995, 40.84812261200006], [-73.9306210789998, 40.8484809770001], [-73.93139355399987, 40.847428231000045], [-73.93639683100004, 40.84954119500005], [-73.93575394299994, 40.85016820300009], [-73.93957073799986, 40.85127555600014], [-73.94126220299982, 40.851391962000086], [-73.94203871799984, 40.8519310290001], [-73.94290346199983, 40.85099716400008], [-73.94317806099995, 40.84979994300011], [-73.94692626452421, 40.85052805583435], [-73.94651595882908, 40.850968926946734], [-73.94627461183848, 40.85084159347169], [-73.94611728194423, 40.85117372143493], [-73.94565279045506, 40.85121208034226], [-73.94466706665953, 40.851921698520876], [-73.94432519023105, 40.85182297062406], [-73.94347978545615, 40.85228188294729], [-73.94186996426673, 40.853867739442954], [-73.94029347497097, 40.85664177065775], [-73.93401664426698, 40.86503554829174], [-73.93266332721451, 40.86723706643718], [-73.93283958205068, 40.86741527691154], [-73.93251910022944, 40.86741057820773], [-73.93226769826255, 40.86856231897258], [-73.93249214298582, 40.8686775196624], [-73.93265083512807, 40.868465033482025], [-73.93252354560028, 40.86872207835907], [-73.93225031754949, 40.868639509372834], [-73.93256895482746, 40.86897940371672], [-73.93218903826057, 40.8693669763893], [-73.93246883069914, 40.869476099387214], [-73.93235370807281, 40.869755255296745], [-73.9321333660305, 40.86941597544123], [-73.9321985510756, 40.86984487087188], [-73.93156536999994, 40.86958215800009]]]}}, {"type": "Feature", "properties": {"LocationID": 244}, "geometry": {"type": "Polygon", "coordinates": [[[-73.94126220299982, 40.851391962000086], [-73.93957073799986, 40.85127555600014], [-73.93575394299994, 40.85016820300009], [-73.93639683100004, 40.84954119500005], [-73.93139355399987, 40.847428231000045], [-73.93556697199989, 40.84171252800012], [-73.93562826699996, 40.841279362000115], [-73.93500575400004, 40.8398519110001], [-73.93505508799984, 40.83933323600008], [-73.93638316899992, 40.83785012500007], [-73.93804235799993, 40.834288545000106], [-73.93947814499981, 40.83301348900011], [-73.94024600800003, 40.83184212100011], [-73.94034643299983, 40.830457842000094], [-73.94941570599993, 40.834358590000114], [-73.95015521048293, 40.8343967594081], [-73.94856054520493, 40.839564885664416], [-73.94612416421772, 40.8438924965573], [-73.94617174983877, 40.84539289158087], [-73.94651730200566, 40.845995184403925], [-73.9463507804993, 40.84624033128946], [-73.94682445342639, 40.847134262069964], [-73.94663550012669, 40.84891242505989], [-73.9469644175959, 40.85046552581838], [-73.94317806099984, 40.8497999440001], [-73.94290346199983, 40.85099716400008], [-73.94203871799984, 40.8519310290001], [-73.94126220299982, 40.851391962000086]]]}}, {"type": "Feature", "properties": {"LocationID": 245}, "geometry": {"type": "Polygon", "coordinates": [[[-74.09787969199995, 40.64035805500007], [-74.09767290799995, 40.63896067900007], [-74.09409312599998, 40.63926691400017], [-74.09338942299995, 40.63659955500008], [-74.09242513499993, 40.6355818130001], [-74.09027738599993, 40.63549903000014], [-74.08970378299989, 40.63568250100012], [-74.08870582299987, 40.63684520600006], [-74.0869059279999, 40.63585724300009], [-74.08587882899995, 40.6366915900001], [-74.08373397299994, 40.63573714400011], [-74.08443647599991, 40.63540524800009], [-74.08835621399997, 40.63073496400012], [-74.08934045699996, 40.629923285000125], [-74.09223971399994, 40.625742916000085], [-74.10004426999996, 40.61935795500014], [-74.10254940599991, 40.61685368500008], [-74.10350925299994, 40.61641607500011], [-74.10608939599997, 40.61898419500013], [-74.11094392899994, 40.621194489000075], [-74.11326249599989, 40.62305442500015], [-74.11614321199995, 40.62870226400007], [-74.11745986599989, 40.63576940500014], [-74.11765722499997, 40.63806246600014], [-74.11519147399999, 40.63834768100006], [-74.11499559699989, 40.63729222600013], [-74.10974833299994, 40.63786583300013], [-74.10702926799993, 40.638706788000064], [-74.10480990899997, 40.638976701000075], [-74.09990409699999, 40.64016295500007], [-74.09787969199995, 40.64035805500007]]]}}, {"type": "Feature", "properties": {"LocationID": 246}, "geometry": {"type": "Polygon", "coordinates": [[[-74.00439976203513, 40.76267135909907], [-74.00220082073264, 40.76172843222662], [-74.00153309083484, 40.76264459806394], [-74.00127796299991, 40.76207582500006], [-73.99547450199992, 40.75962685700009], [-74.00820401899988, 40.74214751800005], [-74.00916608208486, 40.742416591231816], [-74.0090915684619, 40.74288614957517], [-74.00962015348914, 40.74295124889257], [-74.00958464345709, 40.74326352048328], [-74.01213726936172, 40.74353192705947], [-74.01202085006403, 40.74393977020912], [-74.00951201767357, 40.743676093760456], [-74.00943800870866, 40.74397125597589], [-74.00890032962846, 40.74391792709628], [-74.0087278005888, 40.74485823291015], [-74.00961227924408, 40.744997903150725], [-74.00955832929739, 40.74528882529888], [-74.00991660813445, 40.7453272550072], [-74.00987211085476, 40.74491650212602], [-74.01016790535392, 40.74494232970985], [-74.0099739502191, 40.745323135109444], [-74.01046920011856, 40.74538676602912], [-74.01041937209395, 40.74497682467375], [-74.01076419780681, 40.745005032021005], [-74.010531065377, 40.7453820503896], [-74.01110359804878, 40.745447670244175], [-74.0110445915082, 40.74504621240223], [-74.01138769974187, 40.745073112682874], [-74.01115419176905, 40.745446378084075], [-74.01173958552815, 40.74551991819039], [-74.01167067583802, 40.745113977842564], [-74.01183642872407, 40.745125963678916], [-74.01167885505592, 40.745979461816134], [-74.00946389855962, 40.74575014365967], [-74.00936550495776, 40.74633720086229], [-74.0115282185556, 40.74657522476412], [-74.01150411235528, 40.74699080250535], [-74.00924314592588, 40.746762790753955], [-74.0091373625992, 40.74735976280317], [-74.0113567533772, 40.74759241834695], [-74.01133174441699, 40.74800057534212], [-74.0090584790135, 40.74778564533305], [-74.00894606502311, 40.74841189316885], [-74.01121562130405, 40.74869682117602], [-74.01110891182984, 40.74904987642232], [-74.00994817938025, 40.74893198800595], [-74.00956004978684, 40.74993504179172], [-74.01080815800898, 40.75031931136819], [-74.00925340917918, 40.749985206224686], [-74.00853256925012, 40.7518836093045], [-74.00934089245268, 40.752355609545766], [-74.00842636447226, 40.752157850239406], [-74.0099905581974, 40.75281618714927], [-74.00997058797012, 40.75293356415334], [-74.00835352838843, 40.75235073934245], [-74.00774478605632, 40.754336542719614], [-74.00541885841004, 40.757323140851945], [-74.00521187705773, 40.75723199854008], [-74.00480392560178, 40.75780984316485], [-74.00527894797887, 40.758028554928394], [-74.00503105136634, 40.758357016473276], [-74.00700358904015, 40.759231870341246], [-74.00647588371949, 40.75989360126823], [-74.00450483093914, 40.75908499655283], [-74.0042062912538, 40.75950170768861], [-74.00390742032765, 40.759375692183724], [-74.00380657835007, 40.75951073146615], [-74.0043188942507, 40.75991068576364], [-74.0036689145353, 40.75970596957685], [-74.00357251040072, 40.75984655897331], [-74.00392854933564, 40.7600030197206], [-74.0031333899139, 40.761078345096564], [-74.00278691552613, 40.760928969703514], [-74.00233528130057, 40.76154372700176], [-74.00454520983433, 40.762492801944965], [-74.00439976203513, 40.76267135909907]]]}}, {"type": "Feature", "properties": {"LocationID": 247}, "geometry": {"type": "Polygon", "coordinates": [[[-73.91193751499992, 40.84320238800011], [-73.91296000899999, 40.84019622900013], [-73.91383125899985, 40.838639045000065], [-73.91839346699996, 40.833809412000065], [-73.91986089399985, 40.83194722700012], [-73.924313102, 40.82399409700012], [-73.92499654899987, 40.822202701000116], [-73.92565452999989, 40.82112523300003], [-73.92634345699997, 40.82057855200007], [-73.92885642099992, 40.814879866000105], [-73.93027812699984, 40.81324802500016], [-73.93242632000944, 40.8141175189798], [-73.93246603518885, 40.82157743497597], [-73.93307251084069, 40.82815615201829], [-73.93033933099994, 40.828495555000146], [-73.92850073899987, 40.829352350000164], [-73.92537540099983, 40.83262809600012], [-73.92399049499991, 40.83505229800008], [-73.91901668400004, 40.83838109300007], [-73.91618344399991, 40.84233490000012], [-73.91794965199988, 40.84222957100016], [-73.91795571399985, 40.843101900000136], [-73.91749203599986, 40.843740262000125], [-73.91729224999992, 40.8451099400001], [-73.915866478, 40.844793925000104], [-73.91193751499992, 40.84320238800011]]]}}, {"type": "Feature", "properties": {"LocationID": 248}, "geometry": {"type": "Polygon", "coordinates": [[[-73.8639374809998, 40.84004456600014], [-73.86271114399993, 40.832991509000145], [-73.87729930499995, 40.82874277400009], [-73.88378414099992, 40.82827429200013], [-73.8835201879999, 40.82926018100014], [-73.88390094800003, 40.82980281600006], [-73.88005188499987, 40.8347020590001], [-73.87925239499992, 40.8344247900001], [-73.87756524599996, 40.83581875200009], [-73.87482228199985, 40.83685948000005], [-73.87470145099985, 40.83716231100007], [-73.874908511, 40.83735961000019], [-73.87430028599981, 40.837242443000086], [-73.87379590199993, 40.8374451330001], [-73.87314714699997, 40.83826389900011], [-73.87277204699981, 40.83975128200015], [-73.86920766899992, 40.83960004700009], [-73.86448011799995, 40.841087797000135], [-73.8639374809998, 40.84004456600014]]]}}, {"type": "Feature", "properties": {"LocationID": 249}, "geometry": {"type": "Polygon", "coordinates": [[[-74.00141242499994, 40.73106525600009], [-74.00281726599992, 40.72836312900014], [-74.0070902079999, 40.72877225300013], [-74.00515808199998, 40.740858081000106], [-73.99683993899998, 40.73736088900014], [-74.00141242499994, 40.73106525600009]]]}}, {"type": "Feature", "properties": {"LocationID": 250}, "geometry": {"type": "Polygon", "coordinates": [[[-73.85052278099987, 40.84278948900003], [-73.84458129199986, 40.83853550800011], [-73.84204144699997, 40.84064589700012], [-73.83936452799995, 40.84087706700015], [-73.83972014457761, 40.83956540599324], [-73.84030282537191, 40.83952431394514], [-73.83984179647015, 40.83790493838029], [-73.83959108476135, 40.834041688045446], [-73.84018151749495, 40.83304342523709], [-73.84221334682346, 40.83155050713872], [-73.84275884293768, 40.830818484143], [-73.84309950959586, 40.8299600117953], [-73.84289527503903, 40.828569176561025], [-73.84390624999996, 40.82840783000014], [-73.84289858800003, 40.824083059000046], [-73.85513639799981, 40.82243618900005], [-73.855971624, 40.8260638780001], [-73.85619656499995, 40.826040995000035], [-73.85635677499992, 40.82675208500013], [-73.85615112900003, 40.82677004600007], [-73.85739121299999, 40.83229737200004], [-73.86033845899995, 40.83325316600014], [-73.85168459699997, 40.83420105200007], [-73.85333524999986, 40.84247015500007], [-73.85052278099987, 40.84278948900003]]]}}, {"type": "Feature", "properties": {"LocationID": 251}, "geometry": {"type": "Polygon", "coordinates": [[[-74.13107460299995, 40.631147729000155], [-74.13047428999985, 40.630885509000095], [-74.13014141499997, 40.62996520900011], [-74.1313098529999, 40.62632834300017], [-74.12216225499999, 40.627476892000075], [-74.12125677899994, 40.62782275000009], [-74.12012887999997, 40.626536153000096], [-74.11790654899988, 40.62487746100008], [-74.11326249599989, 40.62305442500015], [-74.11094392899994, 40.621194489000075], [-74.10552598799994, 40.618592330000105], [-74.10209434299992, 40.6146004910001], [-74.09987733699994, 40.61291865300008], [-74.0977696879999, 40.610623593000085], [-74.10890146199993, 40.61025158500013], [-74.11359920399994, 40.611143913000085], [-74.1156683379999, 40.611175385000095], [-74.12452618799996, 40.60902231900012], [-74.13210459699991, 40.60815292400012], [-74.13215051199998, 40.60855196400014], [-74.14471100599997, 40.60803429700016], [-74.14719646699989, 40.60856293000009], [-74.14954343599996, 40.60962717300008], [-74.14696864199988, 40.6101513560001], [-74.14603562099998, 40.617012777000156], [-74.13982184799993, 40.61629982500006], [-74.13836666899986, 40.6217371170001], [-74.13861274099997, 40.62177287800008], [-74.13826358199992, 40.62424377000014], [-74.137227136, 40.62429519700005], [-74.13581008299997, 40.6250643400001], [-74.13805849499992, 40.62706851800006], [-74.13789126699994, 40.62745288000018], [-74.13806393799992, 40.627568471000096], [-74.13674237799992, 40.62866253700007], [-74.13586108399996, 40.62806152800011], [-74.13408698299992, 40.62954168100006], [-74.13343731299992, 40.62907434600009], [-74.13107460299995, 40.631147729000155]]]}}, {"type": "Feature", "properties": {"LocationID": 252}, "geometry": {"type": "Polygon", "coordinates": [[[-73.82049919995305, 40.801011467819265], [-73.82040454927233, 40.800639500292675], [-73.81981538958014, 40.80099199984786], [-73.81740429876693, 40.799299019785195], [-73.81367907633198, 40.79754578791111], [-73.81369963725258, 40.79707941566528], [-73.81342050415856, 40.79769302041085], [-73.8134935036856, 40.79705838037792], [-73.81305279469925, 40.797455018851025], [-73.81288386452479, 40.797166565227194], [-73.81254798974665, 40.798047064459695], [-73.81225365567187, 40.798126946801936], [-73.81177838321304, 40.798025053453514], [-73.81160938202306, 40.79737240944368], [-73.8063633145256, 40.7963936054379], [-73.80623135012367, 40.79681747758297], [-73.80633076714673, 40.79639274043615], [-73.80586819986424, 40.796471530473404], [-73.80539573274972, 40.79617082151348], [-73.8046717376879, 40.79616746916429], [-73.8046343775328, 40.796438088956464], [-73.80464873976852, 40.79615919598329], [-73.804348259354, 40.79621409099297], [-73.80427353614904, 40.79664126132861], [-73.80431138699923, 40.796212876160205], [-73.80412218500379, 40.79652881970684], [-73.8041364476697, 40.79623423117797], [-73.80395823064364, 40.79655735901815], [-73.80397418925072, 40.796278255919844], [-73.80381716794693, 40.7966301932368], [-73.80382294195988, 40.79633501284112], [-73.80334996362961, 40.79671302643015], [-73.80226038840061, 40.79626220935558], [-73.80101126230589, 40.796522374589784], [-73.80025662935842, 40.796260149266786], [-73.80012080488287, 40.79663141271158], [-73.80018235388113, 40.79626691369702], [-73.79960548292512, 40.79633222060586], [-73.79811108045207, 40.79560588856555], [-73.79789832686915, 40.795559221922026], [-73.79766994008877, 40.795993822381966], [-73.79758295471345, 40.79596720215498], [-73.79787014914405, 40.79555201314667], [-73.79712783133192, 40.795303718424776], [-73.79673567660085, 40.795208943420874], [-73.79654175232895, 40.795606175765506], [-73.7964095342633, 40.79572882419982], [-73.79670587562217, 40.795197625951985], [-73.79442844782817, 40.79480681049872], [-73.7945829818924, 40.794763111623226], [-73.79438022516155, 40.794177354610866], [-73.79460907123847, 40.79391330448192], [-73.79497523156434, 40.79187618141906], [-73.79375126484103, 40.78906193333915], [-73.79338628565984, 40.78958123095277], [-73.79322229668836, 40.78952422173986], [-73.79362007276016, 40.78899663775004], [-73.79286156729569, 40.788789647719334], [-73.79179280401884, 40.789351616549446], [-73.79058298999988, 40.78819291000009], [-73.79392031799995, 40.78667574000012], [-73.79582463099997, 40.7861305880001], [-73.7978420549998, 40.78589425900008], [-73.80242791599977, 40.78606827400013], [-73.80299781999996, 40.781410476000104], [-73.80324974699994, 40.781275480000076], [-73.8030331849998, 40.78094087000007], [-73.80379022899989, 40.775610112000116], [-73.81485850699984, 40.77648592300007], [-73.81452997799975, 40.77888817500012], [-73.82331286899986, 40.77957866000008], [-73.82224127699999, 40.781693879000116], [-73.83869921299996, 40.781676957000066], [-73.83824429099994, 40.787785916000146], [-73.84008157499997, 40.787851531000136], [-73.83992306199994, 40.7906499020001], [-73.83900524099994, 40.79061732200014], [-73.83895676099984, 40.79143843100016], [-73.84081532599994, 40.791504885000094], [-73.84067828300006, 40.79390789200013], [-73.83922303099996, 40.7930430460001], [-73.83663288911686, 40.79251637576946], [-73.83653187324715, 40.79174343240585], [-73.83742329381235, 40.79139283791782], [-73.83764705075262, 40.79102861194778], [-73.83750358883579, 40.790461660725605], [-73.83681814957055, 40.79046990635996], [-73.83748191403235, 40.790434497922035], [-73.837175445348, 40.789427314321735], [-73.83728024446076, 40.78900952077285], [-73.83713432989512, 40.78956403301448], [-73.83568022069021, 40.78957491756849], [-73.83533150242093, 40.789212742717105], [-73.83413566521263, 40.78906613655154], [-73.83379548109895, 40.78851716904384], [-73.83251063648018, 40.78862447662696], [-73.83175433638331, 40.78922859437255], [-73.83143628889387, 40.78918135654878], [-73.83195118463726, 40.789414772132396], [-73.8321487200091, 40.79003324485338], [-73.83166080927866, 40.79110259115988], [-73.8309626970729, 40.79157601669012], [-73.82974037698273, 40.79163042699335], [-73.82836657648583, 40.79239541955754], [-73.82922857533939, 40.79301934041106], [-73.82829155299557, 40.79251424596078], [-73.8278487557192, 40.79308767321435], [-73.82801372355921, 40.794932408770244], [-73.82945991534359, 40.79682336759162], [-73.82905864191761, 40.796562114134424], [-73.82741768831188, 40.796789018829195], [-73.82697091510649, 40.79712827768977], [-73.82717365601191, 40.79762220131652], [-73.82673856166687, 40.79779624545315], [-73.82614856928551, 40.79741598500327], [-73.82506496699443, 40.79737577656847], [-73.82403593250702, 40.79807966271699], [-73.82402784484827, 40.798361183208925], [-73.82385948384697, 40.79815413510484], [-73.823433234508, 40.79840651440806], [-73.82367983693867, 40.79876994649971], [-73.82340872309875, 40.79841781429614], [-73.82310769668375, 40.79861310377301], [-73.82330552497581, 40.79896286612071], [-73.8230026297057, 40.79864228972415], [-73.82259935617279, 40.79890184247589], [-73.8227772788283, 40.79932022137918], [-73.82251916455868, 40.79898773568943], [-73.82262174556764, 40.79940780807233], [-73.82238754736628, 40.799112891573756], [-73.82159516299573, 40.80001025933529], [-73.82043245966628, 40.80062786442122], [-73.82049919995305, 40.801011467819265]]]}}, {"type": "Feature", "properties": {"LocationID": 253}, "geometry": {"type": "Polygon", "coordinates": [[[-73.8394581342306, 40.76544576822948], [-73.83790429599993, 40.76458779700008], [-73.83691694399995, 40.7627666800001], [-73.83679107299986, 40.76116667100011], [-73.83867321899987, 40.75701997900015], [-73.84324381399976, 40.75533680400015], [-73.84606731299985, 40.76090886400005], [-73.84670933714986, 40.76134526931995], [-73.8435936131629, 40.76337054278855], [-73.84368787664133, 40.76361272608388], [-73.84343628780456, 40.76343256619389], [-73.84306961269657, 40.763592569153964], [-73.84304240810822, 40.76432131992049], [-73.84272819396486, 40.76462854893185], [-73.84052635479259, 40.76538799020287], [-73.83957826853546, 40.76525232297317], [-73.8394581342306, 40.76544576822948]]]}}, {"type": "Feature", "properties": {"LocationID": 254}, "geometry": {"type": "Polygon", "coordinates": [[[-73.85186563799998, 40.87905886500009], [-73.85091896099982, 40.877893441000055], [-73.85254854099988, 40.877091587000116], [-73.85172236099986, 40.87684337100014], [-73.85068955699988, 40.87548667800013], [-73.85363638799987, 40.87330059900015], [-73.85651292399993, 40.874217793000135], [-73.85661382499993, 40.87125016700009], [-73.87056192499988, 40.87151077800014], [-73.87019944899986, 40.87631135500006], [-73.86943471300005, 40.878129199000135], [-73.86884613499979, 40.87858635700014], [-73.86605231299984, 40.884287044000125], [-73.86620661499991, 40.885378614000125], [-73.86276234599985, 40.891620057000104], [-73.86135927899984, 40.89466231900011], [-73.860710982, 40.895370544000144], [-73.85695619399986, 40.894167938000116], [-73.85736281700004, 40.893411439000054], [-73.84590568599998, 40.889741369000056], [-73.84744396900003, 40.8869785310001], [-73.85248305800003, 40.87946370500009], [-73.85186563799998, 40.87905886500009]]]}}, {"type": "Feature", "properties": {"LocationID": 255}, "geometry": {"type": "Polygon", "coordinates": [[[-73.96211461583417, 40.72514806319967], [-73.9604323022029, 40.72511410883037], [-73.95771989199994, 40.72428495700009], [-73.95477662900004, 40.72245950500014], [-73.95164632299998, 40.72348585700012], [-73.95064594299997, 40.721705693000075], [-73.94907816799986, 40.722540287000115], [-73.94841638599995, 40.71845553300014], [-73.94721341799986, 40.71856098600006], [-73.95114433699997, 40.71603452100011], [-73.95348472199983, 40.71407020800007], [-73.95433904200002, 40.7140717020001], [-73.95547596099992, 40.712265426000094], [-73.96447229899992, 40.71573310600014], [-73.96736391666703, 40.71648367952765], [-73.9665969033269, 40.71796798088784], [-73.96729652521331, 40.71831181417375], [-73.96717135968257, 40.718483428068936], [-73.96652792581678, 40.71803252419779], [-73.9658789353266, 40.71875507768655], [-73.96662993360903, 40.71913242786112], [-73.96654344630538, 40.71922294246962], [-73.96585847175166, 40.71877322834662], [-73.96552577399207, 40.71890089271274], [-73.96515385976045, 40.719269683047635], [-73.9655469308472, 40.71965919869103], [-73.9653743106172, 40.72009363306711], [-73.96513713562288, 40.72034359475438], [-73.96435606131355, 40.7201630035989], [-73.96468283641283, 40.720470457360136], [-73.9643509064015, 40.720404032372045], [-73.96408769147868, 40.720755529522464], [-73.96504914549352, 40.721357344252006], [-73.9648942203191, 40.72147512088221], [-73.96399793724473, 40.72093843807293], [-73.96298124491233, 40.722031676395446], [-73.96165984300669, 40.724860454231695], [-73.96211461583417, 40.72514806319967]]]}}, {"type": "Feature", "properties": {"LocationID": 256}, "geometry": {"type": "Polygon", "coordinates": [[[-73.96447229899992, 40.71573310600014], [-73.95547596099992, 40.712265426000094], [-73.95433904200002, 40.7140717020001], [-73.94937231899985, 40.71406687800007], [-73.94865533499987, 40.70972498300007], [-73.95087492699996, 40.709513115000114], [-73.95023693799996, 40.705473247000135], [-73.95191055699979, 40.70636007900011], [-73.95790430799988, 40.708427173000125], [-73.958455768, 40.70725184700008], [-73.963278738, 40.70772929900014], [-73.96838933699995, 40.70682918700009], [-73.96929296374243, 40.70709333104795], [-73.96984864823531, 40.70800304168787], [-73.96994088125628, 40.70931023140608], [-73.9695567958969, 40.71029607131998], [-73.9700095322252, 40.7104539376278], [-73.96934894946878, 40.71096061478686], [-73.96976280357137, 40.711172617760134], [-73.96925812194722, 40.71116242174925], [-73.96942598248582, 40.711472725127564], [-73.96911535361018, 40.711511898978394], [-73.96879580997484, 40.71273703885397], [-73.96846973347022, 40.712824709346336], [-73.96849927445857, 40.71310284085017], [-73.9688422905027, 40.7132239250218], [-73.96736391666705, 40.71648367902772], [-73.96447229899992, 40.71573310600014]]]}}, {"type": "Feature", "properties": {"LocationID": 257}, "geometry": {"type": "Polygon", "coordinates": [[[-73.98017201599991, 40.66086775400006], [-73.97957870099991, 40.66085324200009], [-73.97436701299992, 40.658187904000116], [-73.97232846299997, 40.651397929000076], [-73.97265769799989, 40.65091204000008], [-73.9721097859998, 40.650664143000085], [-73.97084113699994, 40.64637857100012], [-73.974642245, 40.6448132190001], [-73.97482741699987, 40.64566342100015], [-73.97777380600002, 40.64534187700016], [-73.97819074399992, 40.64752599200011], [-73.98029115499993, 40.64729716100007], [-73.98179568699996, 40.6552460970001], [-73.98843135299977, 40.659251212000164], [-73.98725068899996, 40.66037895600011], [-73.98688464499989, 40.660366389000096], [-73.98508679399998, 40.659013288000075], [-73.982230342, 40.66214149200014], [-73.98017161099993, 40.661154658000115], [-73.98017201599991, 40.66086775400006]]]}}, {"type": "Feature", "properties": {"LocationID": 258}, "geometry": {"type": "Polygon", "coordinates": [[[-73.8450419489999, 40.689318947000146], [-73.84419150899994, 40.689474408000116], [-73.8411960569998, 40.68335136600009], [-73.84786817599985, 40.681486832000104], [-73.85197864599989, 40.68256421100007], [-73.85099089299987, 40.68056836700006], [-73.85392389199987, 40.679686156000066], [-73.85819836099995, 40.67943084900006], [-73.85878576899987, 40.680630463000085], [-73.86334943599995, 40.67935164000008], [-73.86410096700003, 40.682372850000085], [-73.86602666899996, 40.6819180520001], [-73.86659848299999, 40.68526955900012], [-73.86868454399996, 40.694034692000116], [-73.86842489800001, 40.69471812000012], [-73.85744447700002, 40.69691298500009], [-73.85277238699999, 40.69755711200007], [-73.8527113089999, 40.69841496200016], [-73.85443455699989, 40.70060295200014], [-73.85070842300001, 40.70020312500008], [-73.84913837299976, 40.69828274100015], [-73.84947763499991, 40.698195807000076], [-73.84894128999987, 40.697556848000104], [-73.8450419489999, 40.689318947000146]]]}}, {"type": "Feature", "properties": {"LocationID": 259}, "geometry": {"type": "Polygon", "coordinates": [[[-73.85107116191898, 40.91037152011115], [-73.85347522366716, 40.90753029351441], [-73.85092059381415, 40.906616494244986], [-73.85017317542919, 40.907507865825465], [-73.84708032907056, 40.90615673326787], [-73.84481886992495, 40.90552994983753], [-73.84489264904629, 40.904190866898254], [-73.84138689269206, 40.904172741766686], [-73.84067966362085, 40.901517031231606], [-73.83919486690272, 40.899350692215705], [-73.83964812806491, 40.89733053517044], [-73.83839199161751, 40.89406700802419], [-73.83737956161106, 40.893924741304545], [-73.83554853999995, 40.889133504000114], [-73.83732165099995, 40.88874196400009], [-73.83998563399987, 40.88871867200009], [-73.84704957999995, 40.887671816000086], [-73.84590568599998, 40.889741369000056], [-73.85736281700004, 40.893411439000054], [-73.85695619399986, 40.894167938000116], [-73.860710982, 40.895370544000144], [-73.86135927899984, 40.89466231900011], [-73.86491632499997, 40.8957494950001], [-73.87048672599987, 40.8966402110001], [-73.8771197409999, 40.89546866400016], [-73.87643743099987, 40.89687059400012], [-73.87482041599985, 40.89844543800011], [-73.87010369599989, 40.9007419470001], [-73.86820270299982, 40.90235538300011], [-73.86789043706806, 40.90298695407629], [-73.85946778750369, 40.90051720913357], [-73.85907692320508, 40.90100799305054], [-73.85937696512505, 40.90156521808236], [-73.8590270417611, 40.90144490987691], [-73.8588640130816, 40.901711695025035], [-73.85946389979054, 40.90193387781703], [-73.85957882974114, 40.902440842885916], [-73.85926432520931, 40.90266947944842], [-73.85872824816724, 40.90228897078528], [-73.85816000002418, 40.90230571010147], [-73.85796932314177, 40.90285090784395], [-73.85755967678821, 40.90291779547947], [-73.85711090489973, 40.90364953284815], [-73.85699157373413, 40.90458420903181], [-73.85743457609159, 40.904841543099096], [-73.85717766087977, 40.90528654183089], [-73.85665436861377, 40.905055000140095], [-73.8560102334462, 40.90530598381369], [-73.85692398190014, 40.90597417005564], [-73.85681013619275, 40.906155828163165], [-73.85580463797965, 40.906264364063425], [-73.85513792091523, 40.906866889070706], [-73.85423776693442, 40.907032868127295], [-73.85374103615364, 40.90778791636795], [-73.85383360999784, 40.90797434990997], [-73.8547107831982, 40.90800630947164], [-73.85491109686753, 40.908354869668536], [-73.85458940544117, 40.9089394991493], [-73.85295618460705, 40.91035304408977], [-73.85258474775196, 40.91031061703222], [-73.85266035896096, 40.910015193079246], [-73.85227451608235, 40.9098540993217], [-73.85144753984513, 40.910449671101595], [-73.85107116191898, 40.91037152011115]]]}}, {"type": "Feature", "properties": {"LocationID": 260}, "geometry": {"type": "Polygon", "coordinates": [[[-73.90225241299993, 40.76264382600009], [-73.90147053099994, 40.759633050000076], [-73.89866137799999, 40.759921017000096], [-73.89967747499992, 40.75829686400013], [-73.89976862099998, 40.75666423700014], [-73.89897117099991, 40.754715305000104], [-73.89770744899982, 40.75273485900008], [-73.8970765, 40.75011887600011], [-73.89480782, 40.74606246500015], [-73.89466630799988, 40.74517684000009], [-73.8949120899999, 40.744281231000144], [-73.89557809299986, 40.74350275400014], [-73.90057825399985, 40.73949289600007], [-73.90672950499994, 40.7369134850001], [-73.90926002999988, 40.736403180000046], [-73.91068876399997, 40.73347108100014], [-73.90628903499987, 40.732400752000075], [-73.90568645899998, 40.73391582500008], [-73.9060183039999, 40.73401073900012], [-73.90516948899983, 40.735859643000055], [-73.90107970900003, 40.733914634000065], [-73.90518057899999, 40.728956577000154], [-73.9071225309999, 40.72742472800013], [-73.91017627699985, 40.72927572500003], [-73.91174734199988, 40.72991203300012], [-73.91205021299994, 40.72850636300012], [-73.91505218099985, 40.728601180000105], [-73.91507233799989, 40.727970820000095], [-73.91796696699996, 40.72850077100009], [-73.917342506, 40.731382826000115], [-73.91903825199986, 40.73200596600006], [-73.91879292099999, 40.73196944900008], [-73.91759250800001, 40.73523944100003], [-73.91689741899991, 40.73544470800008], [-73.91651522799987, 40.73675734600004], [-73.91717737999979, 40.73689787000014], [-73.91651190599994, 40.73894475800007], [-73.91567469599995, 40.74078492900007], [-73.91443483199988, 40.740531053000076], [-73.9137938869998, 40.742514492000154], [-73.9119412979999, 40.742382949000124], [-73.9112472229998, 40.74578399300007], [-73.9124485379999, 40.74592040200004], [-73.91190979099993, 40.74810539500007], [-73.91164202799983, 40.7486845760001], [-73.91015860699994, 40.7485019680001], [-73.90945182799983, 40.75065550700012], [-73.91035493000007, 40.75274990800015], [-73.91067474899997, 40.75299507700009], [-73.91023124699991, 40.75297652300005], [-73.90901259099992, 40.75427981500016], [-73.9074261499998, 40.75810005300012], [-73.90631505099988, 40.75984387600012], [-73.90779405499987, 40.7605178000001], [-73.90356915599997, 40.765781789000116], [-73.90225241299993, 40.76264382600009]]]}}, {"type": "Feature", "properties": {"LocationID": 261}, "geometry": {"type": "Polygon", "coordinates": [[[-74.01325396399993, 40.70587051400009], [-74.01326979499997, 40.704553496000166], [-74.01565582200001, 40.704882635000054], [-74.01668613099999, 40.70479933800012], [-74.01426893599994, 40.711467816000116], [-74.01375388499997, 40.71369055500006], [-74.00860085399992, 40.711392240000144], [-74.01325396399993, 40.70587051400009]]]}}, {"type": "Feature", "properties": {"LocationID": 262}, "geometry": {"type": "MultiPolygon", "coordinates": [[[[-73.94472264499986, 40.78324757200006], [-73.94354420706223, 40.78288052416277], [-73.94388068102414, 40.7815320438671], [-73.94360047475412, 40.78015909946632], [-73.94321386265217, 40.77931758866022], [-73.94300423950462, 40.7796394954744], [-73.94271600545085, 40.77954416947634], [-73.94253556320854, 40.77909095606267], [-73.94289340818789, 40.77861409324639], [-73.94243848174499, 40.77731523576612], [-73.94207418803877, 40.776917846977256], [-73.94208160457381, 40.77595701631723], [-73.94293043781381, 40.77467626803597], [-73.9474897547817, 40.77011515400973], [-73.95268514999994, 40.772339405000125], [-73.94472264499986, 40.78324757200006]]], [[[-73.93804640603422, 40.78082954427566], [-73.93764631821479, 40.78100121589304], [-73.93759894622616, 40.780467840861604], [-73.93861200821945, 40.780338955869105], [-73.93958378972465, 40.77957647400733], [-73.93872802926589, 40.78051074370478], [-73.93874423089268, 40.78104387604248], [-73.9380821326871, 40.78141843777737], [-73.93804640603422, 40.78082954427566]]]]}}, {"type": "Feature", "properties": {"LocationID": 263}, "geometry": {"type": "Polygon", "coordinates": [[[-73.94472264499986, 40.78324757200006], [-73.95268514999994, 40.772339405000125], [-73.95729409999986, 40.774283555000096], [-73.94933170599992, 40.78519312700014], [-73.94472264499986, 40.78324757200006]]]}}]}